:020000040800F2
:1080000000800020E98402086D860008718600085F
:1080100075860008798600087D860008000000004B
:108020000000000000000000000000008186000841
:10803000858600080000000089860008398502084E
:108040003985020839850208398502083985020810
:108050003985020839850208398502083985020800
:1080600039850208398502083985020839850208F0
:10807000398502083985020839850208ADAF000844
:1080800039850208398502083985020839850208D0
:1080900039850208398502083985020839850208C0
:1080A00039850208398502083985020839850208B0
:1080B00039850208398502083985020839850208A0
:1080C0003985020839850208398502083985020890
:1080D0003985020839850208398502083985020880
:1080E0003985020839850208398502083985020870
:1080F00039850208398502080000000000000000F0
:1081000000000000000000003985020839850208DF
:1081100000000000000000003985020839850208CF
:10812000398502083985020839850208398502082F
:10813000398502083985020839850208398502081F
:108140003985020800000000000000000000000067
:10815000000000000000000000000000000000001F
:10816000000000000000000039850208398502087F
:10817000398502080000000039850208000000006F
:108180003985020800000000000000000000000027
:1081900010B5054C237833B9044B13B10448AFF341
:1081A00000800123237010BD90000020000000001B
:1081B0009081000808B5064B1BB106480649AFF38D
:1081C00000800648036813B1054B03B1984708BD0A
:1081D0000000000090810008940000209000002022
:1081E00000000000704700BF704700BF30B441F688
:1081F000F07500F5F75441F6B061154A425122601E
:10820000C0F8F02DC0F88C2DC0F8F02CC0F8AC2BC5
:10821000C0F8882AC0F8D029C0F88C28C0F84027B8
:10822000C0F86026C0F8E025C0F8CC25C0F82824A6
:10823000C0F8C422C0F87C22C0F8C021C0F83C219C
:10824000C0F80421C0F8B020026030BC4250704732
:1082500028860208704700BF704700BF704700BF04
:10826000704700BF2DE9F04FC24BC34C4FF48072F2
:1082700087B09A6105468A461FF060FE204602F0EC
:108280006BF92078062824D0BC4991F82160002E93
:1082900040F0BD80BA4E2B4642F2F805CDF800A062
:1082A000B748B849B54A03F0E3FB7659C4F8BC6156
:1082B000B54CE1698B0605D5A78CAF48F9B202F041
:1082C0006BFC2085AB4D4FF480762E8507B0BDE862
:1082D000F08F0AF1FF36BAF1000FE9D0AB4C2268FB
:1082E000029216F0030705F104006FEA02039646B6
:1082F00000F0A580029D4FEA134E4FEA154BA3F103
:10830000881905F1881C012F20F804EC20F802BC24
:1083100006F1FF36A9F508430CF5084E00F10400FC
:1083200000F08D80022F11D04FEA13484FEA1E4112
:10833000A3F188130EF1881420F8048C20F8021C95
:10834000013EA3F5084304F5084E04300EF1881BE6
:108350001F0C4FEA1E42A3F188150BF5084920F8BF
:10836000022C20F8047C013EA5F5084304304A465F
:10837000CDF814A011E028F804EC28F802AC25F898
:10838000049B039F25F802BC049D2CF8047C043E4A
:1083900010302CF8025C23440A447D4F7D4DA3F13C
:1083A000881402F188114FEA1248A4F5084E2744B8
:1083B0000D44AEF1881B3F0C2D0C20F8028C01F50A
:1083C00008484FEA134A03970495ABF5084708F1AC
:1083D000881520F804AC4FEA17494FEA184A05F50A
:1083E000084700F1040800F10C0C6B4B6B4A4FEA94
:1083F0001E4E4FEA174B4546002EBCD1DDF814C087
:10840000674E029B614A06FB0C30106050E7654FD7
:1084100091ED040A384602F07BFC052813D00228AF
:1084200000F0C88004287FF435AF03225E48544E24
:10843000227040F2DC53E066C4F8AC312BE77246A0
:10844000CDF814A0A9E797ED522AD7ED512AF8EEFE
:10845000426AB8EE623AF7EE003A86EE834AB4EE2C
:10846000634AF1EE10FA04D0454E4E4802F03AFC51
:1084700011E7D7F84081424E98F8FE7F42F2F802A9
:10848000B058B842C0F2E18098F8FF3F984200F33C
:10849000DC8000F120014FF05509444F88F8FF1FA0
:1084A00088F8FE9F5CE007F1040B384658F8041B7F
:1084B000CBF30A071FF072FB002F00F0C080584674
:1084C000D8F800100BF104091FF068FBC9F30A008B
:1084D000002800F0AE804846D8F804100BF10807D9
:1084E0001FF05CFBC7F30A03002B00F09C80D8F858
:1084F000081038460BF10C091FF050FBC9F30A01B4
:10850000002900F08A804846D8F80C100BF11007BB
:108510001FF044FBC7F30A02002A78D03846D8F887
:1085200010100BF114091FF039FBC9F30A000028E1
:1085300067D04846D8F814100BF118071FF02EFB2F
:10854000C7F30A03002B56D008F11C08384658F828
:10855000041C1FF023FB16490BF11C078F427DD032
:10856000C7F30A02002A9ED11FF058FA38461FF0BE
:10857000F7FA98E700040048AC000020F8670020F4
:10858000D4030020D067002000480040CC670020C2
:10859000F066EEFE1099110168DE65FE98219A01E1
:1085A0008888880088020020000080BF00700008D2
:1085B0000080000897ED527AD7ED517AB8EE470A5D
:1085C000F8EE670AF7EE001A80EE201A03212170F8
:1085D000B4EE611AF1EE10FA84ED1B1A08D0B5EE74
:1085E000C01AF1EE10FA03D40026C4F8AC6151E6CB
:1085F00040F2DC56F9E71FF011FA38461FF0B0FAE6
:10860000A2E71FF00BFA48461FF0AAFA91E71FF005
:1086100005FA38461FF0A4FA80E71FF0FFF9484634
:108620001FF09EFA6FE71FF0F9F938461FF098FA2D
:108630005DE71FF0F3F948461FF092FA4BE71FF091
:10864000EDF958461FF08CFA39E7032706492770E1
:1086500040F2DC53E166C4F8AC3106E742F2F400C4
:108660000122325401E700BF000080BF704700BF05
:10867000FEE700BFFEE700BFFEE700BFFEE700BF6A
:10868000704700BF704700BF704700BFFEE700BFE4
:1086900010B54FF4004188B04FF000601FF05EFC51
:1086A00045F255501FF03EFC254C02201FF040FCC7
:1086B0004FF480432348079304A906930594049438
:1086C00003F016F8204804F540514FF4805202F0B0
:1086D000CFFA1E480190019C611E0191002CFAD135
:1086E0001B4800F009F94FF4802001211FF046FDDE
:1086F00008A94FF480724FF0010C41F8182D0223A5
:1087000014488DF80CC08DF80D308DF80E408DF8A2
:108710000F401FF077FA0E4B0F481049104A00F037
:10872000EBFD0C220F484BF6803102F01FFC0D4888
:108730000D4902F033FC1FF009FC08B010BD00BF6A
:10874000C8270020D40300208802002040420F00E8
:108750004427002000040048AC000020D06700201F
:10876000F86700207C2600206582000808B5FFF726
:108770008FFFFEE72DE9F84F3A4C3B493B483C4E12
:10878000DFF850B1DFF850A1DFF85091394DDFF834
:108790005081394F22461FF0D1FE224637493848D2
:1087A0001FF0CCFE2246374937481FF0C7FE22464D
:1087B000364937481FF0C2FE2246364936481FF078
:1087C000BDFE2246354936481FF0B8FE354B364AC5
:1087D000C3F82864354EDFF80CC135481A60C3F879
:1087E000B0B0C3F804A141F6F07B03F5F75AC3F823
:1087F0003C91C3F8CC55DFF8F0902E4DC3F8F06CE7
:10880000224641F6B0662C4C2C49C3F8C081C3F80F
:108810007CC2DFF8D880C3F8C472C3F8E005284FE3
:108820002848C3F88C98C3F8AC4BDFF8C490C3F861
:108830008C5D254C254DDFF8BCC0C3F86016C3F82D
:108840004007C3F8D0891846C3F888CAC3F8F07D3A
:108850009C5143F80B50CAF800901D49BDE8F84FF1
:108860001FF06CBE00000020E58100087C2600207F
:1088700008B0030838B0030830AF0308E9810008E6
:1088800078260020558200084427002059820008DD
:10889000AC0000205D820008C867002061820008EB
:1088A00088020020D403002068B0030818B203082F
:1088B000C0AF0308C8B0030890AF0308D8AF0308DF
:1088C000E0B0030820B0030830B20308B0B00308DA
:1088D000ED81000880B0030860AF030878AF03089B
:1088E00040AE030898B00308A8AF030858AE0308C9
:1088F00000B20308F0AF03082DE9F04F044600234F
:1089000080220820FF21DFF848E384F8700084F813
:10891000731084F8722084F8752084F8713084F81C
:10892000743084F87630DEF80080C34DDFF838C349
:10893000DFF860A3DFF86093C0492560C04DC14FE8
:10894000C14EC248C4F804A00022C4F80C90A5622D
:10895000A164DFF848B3A4674FF27F4143F25F5A46
:1089600045F29B3904F17005E045A4F850A0C4F825
:1089700054B0A4F85C902381A382A385E5672761A6
:10898000E761A26162622263E26321842187A4F825
:1089900044106663266483B0E064A06500F0028141
:1089A0001FF03CF8AA481FF0DBF8AA481FF0D8F8DF
:1089B000A9481FF0D5F8A9481FF0D2F8A8481FF021
:1089C000CFF8A8481FF0CCF8D4F87880702508EBD1
:1089D000050B4346ADF8045000219C469F781CF8D7
:1089E000019BDE789CF800A093F804E05A7998790E
:1089F00049441AFA81F117FA81F5083316FA85F716
:108A00001EFA87F612FA86FC13F8019C10FA8CF213
:108A100019FA82F05B4581B2DFD1CD43C24692495B
:108A20008B48ADF806501FF0B9F801998F48904E69
:108A30001FF0B4F85AF8041B8E48C8EB0B08A8F1D5
:108A400004071FF0ABF8D345C7F3820571D0002DA2
:108A500038D0012D2DD0022D25D0032D1DD0042D71
:108A600015D0052D0DD0062D05D030465AF8041B23
:108A7000814E1FF093F830465AF8041B1FF08EF811
:108A8000043630465AF8041B1FF088F80436304686
:108A90005AF8041B1FF082F8043630465AF8041BBB
:108AA0001FF07CF8043630465AF8041B1FF076F8A5
:108AB00004365AF8041B30461FF070F8D34506F10F
:108AC000040636D0D046304658F8041B06F1040997
:108AD0001FF064F8DAF8041048461FF05FF8D8F881
:108AE000041006F108001FF059F8DAF80C1006F12E
:108AF0000C001FF053F8DAF8101006F110001FF008
:108B00004DF8DAF8141006F114001FF047F8DAF8FF
:108B1000181006F118001FF041F80AF1200A5AF85F
:108B2000041C06F11C001FF039F8D34506F120069D
:108B3000C8D1E56F514995F801B095F800A095F8B6
:108B400002C095F803E02F796B79AE79EA794C4849
:108B5000DA44D444E64477443B4433441A44D7438C
:108B60004FF00808ADF80670ADF804801FF016F855
:108B7000019944481FF012F8296843481FF00EF885
:108B8000696842481FF00AF80220A4F8800000201B
:108B900094F87010172902D9172584F8705003B083
:108BA000BDE8F08FBEF80470702F7FF4F9AE314A43
:108BB000934692F802C01BF801AB92F803E09BF8D1
:108BC000008092F80490907956792D49534418FA10
:108BD00083F31CFA83F71EFA87FB083219FA8BFC21
:108BE00016FA8CFA12F8016C10FA8AFE16FA8EF058
:108BF0008A4283B2DCD11649DF43B1F80680BAB2AB
:108C000090457FF4CDAE702220461A491FF0D2FC69
:108C10000122A4F880201E4B4FEA0219002A3FD0FF
:108C20004B44164E1868B0423FD0B4F88020012A59
:108C30003FF4B6AE0120ABE7CDCCCC3CCDCCCC3EA6
:108C4000000080BF000070C2CDCCCCBF9A9919BF84
:108C500000400008004800080050000800580008C4
:108C6000006000080068000843414C4904400008C7
:108C70000C400008084000081040000853544154BC
:108C8000784000087C4000088040000884400008CC
:108C9000684000080AD783BF14AECD4148E1FA3ED0
:108CA0001C4B1D4E1868B042BFD199880829BCD111
:108CB00093F808B093F809A093F80AE093F80BC072
:108CC0001F7B93F80D809A7B93F80F90DE88DA442F
:108CD000D644F4446744B84442444A4482F47F4052
:108CE00080F0FF018E4203F108039ED103CB286080
:108CF0006960B4F880B0094F094E0BF1010A1FFA00
:108D00008AF24FEA021E7744B742A4F8802082D943
:108D10008DE700BF004000085354415478400008DC
:108D2000007000082DE9F04383B007461EF076FE80
:108D30007B481EF015FF7B481EF012FF7A481EF09C
:108D40000FFF7A481EF00CFF79481EF009FF7948A2
:108D50001EF006FFD7F87880702208EB0206434623
:108D6000ADF804200021184693F802E010F8019BAA
:108D7000DD7890F800C01C795A79987949441CFA3A
:108D800081F11EFA81FE083315FA8EF514FA85F486
:108D900012FA84F913F801CC10FA89F21CFA82F065
:108DA000B34281B2DFD1CD43444663495C48ADF85C
:108DB00006501EF0F3FE01996048614D1EF0EEFE74
:108DC000C8EB060854F8041B5E48A8F10403C3F37B
:108DD00082091EF0E3FEB44272D0B9F1000F3ED01A
:108DE000B9F1010F32D0B9F1020F29D0B9F1030F57
:108DF00020D0B9F1040F17D0B9F1050F0ED0B9F199
:108E0000060F05D0284654F8041B4F4D1EF0C6FE31
:108E1000284654F8041B1EF0C1FE0435284654F8B9
:108E2000041B1EF0BBFE0435284654F8041B1EF03C
:108E3000B5FE0435284654F8041B1EF0AFFE043579
:108E4000284654F8041B1EF0A9FE043554F8041BF0
:108E500028461EF0A3FEB44205F1040530D0A0461A
:108E6000284658F8041B05F104091EF097FE6168B6
:108E700048461EF093FED8F8041005F108001EF0D5
:108E80008DFEE16805F10C001EF088FE216905F1F8
:108E900010001EF083FE616905F114001EF07EFED5
:108EA000A16905F118001EF079FE203454F8041C65
:108EB00005F11C001EF072FEB44205F12005CED172
:108EC000FC6F224994F8009094F801E094F8028035
:108ED00094F803C025796679A379E2791C48CE44D9
:108EE000C644E644754435442B441A44D543082609
:108EF000ADF80650ADF804601EF050FE019915481B
:108F00001EF04CFE216814481EF048FE61681348AC
:108F10001EF044FE0220A7F8800003B0BDE8F083F5
:108F200000400008004800080050000800580008F1
:108F3000006000080068000843414C4904400008F4
:108F40000C400008084000081040000853544154E9
:108F5000784000087C4000088040000884400008F9
:108F60002DE9F043B0F88010A74BA84A0746080146
:108F70000344934283B040F2FA801EF04FFDA448B0
:108F80001EF0EEFDA3481EF0EBFDA3481EF0E8FD29
:108F9000A2481EF0E5FDA2481EF0E2FDA1481EF029
:108FA000DFFDD7F87880702108EB0106ADF80410DA
:108FB00043460021184693F802E010F8019BDD7843
:108FC00090F800C01C795A79987949441CFA81F1CB
:108FD0001EFA81FE083315FA8EF514FA85F412FA9A
:108FE00084F913F801CC10FA89F21CFA82F0B3422A
:108FF00081B2DFD1CD4344468B498548ADF8065058
:109000001EF0CCFD01998948894D1EF0C7FDC8EBC3
:10901000060854F8041B8748A8F10403C3F3820927
:109020001EF0BCFDB44272D0B9F1000F3ED0B9F1D0
:10903000010F32D0B9F1020F29D0B9F1030F20D0BE
:10904000B9F1040F17D0B9F1050F0ED0B9F1060F21
:1090500005D0284654F8041B774D1EF09FFD284686
:1090600054F8041B1EF09AFD0435284654F8041BDE
:109070001EF094FD0435284654F8041B1EF08EFDA6
:109080000435284654F8041B1EF088FD0435284694
:1090900054F8041B1EF082FD043554F8041B2846C6
:1090A0001EF07CFDB44205F1040530D0A0462846F0
:1090B00058F8041B05F104091EF070FD616848466C
:1090C0001EF06CFDD8F8041005F108001EF066FDD6
:1090D000E16805F10C001EF061FD216905F1100049
:1090E0001EF05CFD616905F114001EF057FDA169D9
:1090F00005F118001EF052FD203454F8041C05F14F
:109100001C001EF04BFDB44205F12005CED1FC6FD2
:109110004A4994F8009094F801C094F8028094F8B9
:1091200003E025796679A379E2793748CC44C444D1
:10913000E644754435442B441A44D5430826ADF81B
:109140000650ADF804601EF029FD01993C481EF060
:1091500025FD21683B481EF021FD61683A481EF05C
:109160001DFD0220A7F8800003B0BDE8F0831EF0CB
:1091700055FCFC6FB7F8803094F8018094F800C07B
:1091800094F802E0E678257994F80590A279E179DF
:10919000C444E64476443544A9444A441144C8438F
:1091A0000826ADF80600ADF804600BB3013B164885
:1091B0002249254D4FEA031840441EF0EFFC204899
:1091C000019940441EF0EAFC08F1006C0CF5814066
:1091D000454421681EF0E2FC616828461EF0DEFC72
:1091E000B7F88040621CA7F8802003B0BDE8F08388
:1091F000124907480E4D1EF0D1FC0C4801991EF093
:10920000CDFC0C48E5E700BF78400008007000087E
:1092100000400008004800080050000800580008FE
:10922000006000080068000843414C490440000801
:109230000C400008084000081040000853544154F6
:109240007C400008804000088440000810B4084BAF
:10925000044693E8070085B00DF1100C0CE90700F7
:109260000CEB840050F80C0C05B05DF8044B704713
:10927000FC850208D0F88C31C26F93F87010D16170
:1092800093F871C0DFED1B7A07EE10CAB8EE470AFB
:1092900060EE270AC2ED090A93F8721001EE101A67
:1092A000F8EE411A21EEA72A82ED082A93F87320DE
:1092B00002EE902AB8EE623A63EE273AC0ED1E3A0B
:1092C00093F875C004EE10CAF8EE444A24EEA75A8B
:1092D00080ED1C5A93F87010072907D993F876305F
:1092E0001A1C18BF012280F8C0217047012280F8A3
:1092F000C02170470000803B2DE9F04F0446C0F8C4
:109300008020C0F88C3183B0E16704300E4601F054
:1093100081FE04F1340002F0ADF804F1440001F0E4
:1093200081FF04F1640002F09DF9AF4DAF48C4F82D
:10933000D00100234FF03F410922C4F8D411204648
:10934000C4F8C821C4F8CC51A3662370C4F8D8313E
:10935000FFF790FFA64840211EF0C6FD98B9D4F84B
:109360008C7197F87450012D16BF012587F8740091
:1093700087F87450D4F88C01FFF7F2FD012284F8CD
:10938000B92184F8B821311D06F1080804F1740AE6
:1093900004F1700004F1780900250023954A964FE6
:1093A000DFF844B2C4F88CA04FF0804E4FF07E5CE2
:1093B00006F1240AC4F89000C4F8B01006F10C00BD
:1093C00006F12001C4F8B490C4F8D48006F1140961
:1093D00006F110081836C4F8C8C0C4F8ECC0C4F8C8
:1093E0009420C4F8B820C4F89830C4F89C30C4F86D
:1093F000A030C4F8BC30C4F8C030C4F8C430C4F8DD
:10940000CC30C4F8E030C4F8E430C4F8E830C4F834
:10941000F030C4F8A4E0C4F8DCB0C4F8A870C4F814
:10942000D8A0C4F8F80084F888504FF4003084F8CD
:10943000895084F8AC5084F8AD5084F8D05084F84A
:10944000D15084F8F45084F8F550C4F8FC10C4F8F6
:1094500010C1C4F80431C4F80831C4F80C31C4F8A0
:109460001431C4F82421C4F82831C4F82C31C4F8CC
:109470003031C4F834E1C4F84821C4F84C31C4F8A0
:109480005031C4F85431C4F858E1C4F86C21C4F820
:109490007031C4F874310121C4F800B1C4F83871D6
:1094A000C4F85C71C4F8646184F8185184F81951E7
:1094B000C4F8205184F83C5184F83D51C4F844511B
:1094C00084F8605184F86151C4F86851C4F81C9163
:1094D000C4F84081C4F87831C4F87CE1C4F88071E4
:1094E000C4F89051C4F8A8511EF048FE02AA4FF4E7
:1094F00000734FF0904001276946022642F8083D6C
:109500008DF806508DF807508DF804708DF80560C1
:109510001EF078FB04F5DC706FEA000B04F5DD7CCF
:1095200004F2B91AE344E245C4F894510BF007027F
:10953000C4F898512846C4F89C51C4F8A051C4F806
:10954000A451C4F8AC51C4F8B051C4F8B45184F873
:10955000B8513BD01AB3012A1CD0022A17D0032AD3
:1095600012D0042A0DD0052A08D0062A1CBF8AF87A
:10957000005004F5DD7A00250AF8015B00210AF8A5
:10958000011B00230AF8013B00270AF8017B002693
:109590000AF8016B00200AF8010BE24516D0D1460B
:1095A000002209F8012B0AF1080A0AF8072C89F8A9
:1095B00001200AF8052C0AF8042C0AF8032C0AF8F2
:1095C000022C0AF8012CE2451046E8D10025C4F827
:1095D000BC01C4F8C451C4F88451C4F88851E5668C
:1095E00003B0BDE8F08F00BF0AD7233C0000104154
:1095F000000400480AD7A33B000080BFC26FD0F828
:109600008C31D16983F87010C26FDFED197A92ED59
:10961000097A27EE270AFCEEC00A10EE901A83F8AA
:109620007110C26F92ED081A61EE271ABCEEE12AA2
:1096300012EE101A83F87210D0ED1E2A22EEA73A0D
:10964000FCEEC33A13EE90CA83F873C090ED1C4A47
:1096500064EE274ABCEEE45A15EE102A83F8752012
:1096600090F8C01183F87610D0F88C01FFF778BC21
:10967000000080432DE9F843044600F144052846E4
:1096800001F056FED4F8AC2121780132C2F3041364
:109690000F2BC4F8AC2102F00F06C8BFC3F11F03A3
:1096A000072940D8DFE811F0080072025100A3003A
:1096B000CF00C900DA004400D4F88C01E76F90F8BD
:1096C0007480FA69A94FB8F1010CDCF1000E02EACE
:1096D00007075EEB0C01002FC0F24A83B34240F350
:1096E000D581002AB8BF0732D010002940F0C282CD
:1096F000FFF7ACFDD4F8BC619C49804606EA010046
:109700000028C0F27C83002EB8BF07368146F010D7
:10971000FFF79CFD04EB890604EB87047064676C1B
:1097200047EA080060642846BDE8F84301F010BE2F
:10973000B342F8DD4FF47F006064A064E06420650C
:109740006065A065E0652066EDE794ED1E4AF2EEE7
:10975000064A24EE246A5810FDEEC61ADB1011EEFC
:10976000902A002A00F0DA800A2A00F0D082092A22
:1097700000F03A83012A00F03A830026092A26667F
:1097800000F02D83022A00F02D830027092AE765C7
:1097900000F02083032A00F020830021092AA1651C
:1097A00000F01383042A00F013830020092A606567
:1097B00000F00683052A00F006830026092A2665A4
:1097C00000F0F982062A00F0F9820027092AE764EE
:1097D00000F0EC82072A00F0EC820021092AA16443
:1097E00000F0E082082A00F0BF80002230E0D4EDD3
:1097F0001B7AB7EE007AF4EE477AF1EE10FA40F0F9
:10980000BF805B104FF47F4600F06F82012B6664CF
:1098100000F09A82022BA66440F06982002026653F
:10982000E0644FF47F41052B616540F068820023BE
:10983000E1650F46A365276620E1B3427FF773AF6A
:109840004B4B63646FE7B3427FF76DAF4FF47F42DA
:1098500062642846BDE8F84301F07ABD454F4FEAFF
:10986000A22887FB0871A1EBE27909EB490CB3420E
:10987000CCEB080280F21C81002A00F02582012A2C
:1098800000F0B9829F1C07F00F0E4FF47F01764560
:10989000616440F31C8103F1040909F00F0C4FF4DB
:1098A0007F016645A16440F3218103F1060808F0B9
:1098B0000F094FF47F014E45E16440F3268103F127
:1098C000080E0EF00F084FF47F014645216540F366
:1098D0002C8103F10A0C0CF00F0E4FF47F0176453A
:1098E000616540F3328103F10C0909F00F0C4FF46C
:1098F0007F016645A16500F3368100200E3303F039
:109900000F018E42E06540F33A81002A00F0D381D6
:10991000012A00F06E824FF47F0631E1002800F04A
:10992000FF81134B2366012800F03A82104EE66552
:10993000022800F033820E4FA765032800F02C8226
:109940000B496165042800F02582094B2365052831
:1099500000F01682064EE664062800F00F82044AE4
:10996000A26407283FF441AF014A71E70700008075
:1099700000FFFF00565555556F12833A0000004313
:10998000F5EEC07AF1EE10FA00F1CC815FED066AD7
:109990001FED060A77EEE60AB4EE001A70EEC15A21
:1099A00006EE106A75EEC14AF8EEC61A34EEC12A08
:1099B00020EE804A32EE415A65EE803A75EE412A39
:1099C000F4EEC41A24EE803AF1EE10FA62EE007A58
:1099D000F4EEE31A32EEC17A4CBF4FF47F494FF0F8
:1099E000000965EE000AF1EE10FAF4EEC31A4CBF5E
:1099F0004FF47F484FF0000862EE805AF1EE10FA03
:109A000077EE416AF4EEE71A4CBF4FF47F4C4FF00B
:109A1000000C27EE001AF1EE10FAF4EEE01A4CBF3B
:109A20004FF47F47002726EE800AF1EE10FAF4EE9D
:109A3000E51A4CBF4FF47F460026F1EE10FAF4EE23
:109A4000C11A4CBF4FF47F400020F1EE10FAB4EE83
:109A5000E10A4CBF4FF47F410021F1EE10FACCBF78
:109A60004FF47F430023C4F84490C4F84880C4F8FE
:109A70004CC027656665A065E165236640F6B83091
:109A800082427FF750AE002222704CE6D4F8BC210F
:109A9000BC4B1340002BC0F25181002AB8BF0732E3
:109AA0009946D010002900F01E814FF00008F8E020
:109AB00000209F1C07F00F084645606407DD002A60
:109AC00000F00E81012A7FF4E6AEAF4800E00020EE
:109AD0001F1D07F00F0E7645A06407DD002A00F079
:109AE000FC80012A7FF4E1AEA74800E000209F1D22
:109AF00007F00F0C6645E06407DD002A00F0EA80FD
:109B0000012A7FF4DCAEA04800E0002003F1080742
:109B100007F00F094E45206507DD002A00F0D780C9
:109B2000012A7FF4D6AE984800E0002003F10A072E
:109B300007F00F084645606507DD002A00F0C18088
:109B4000012A7FF4D0AE904800E0002003F10C071A
:109B500007F00F0E7645A0657FF7CFAE002A00F024
:109B6000AD80012A02D04FF47F00C7E603F10E0258
:109B700002F00F078448E065BE4200F33A810026F8
:109B800026662846BDE8F84301F0E2BBE06F9FED92
:109B90007F2AD0ED093A90ED085ADFED7D2A7A4B05
:109BA00033EEC23AB5EE007A73EE470A07EE906ADA
:109BB00030EEC71A75EE426AF8EEE71A23EE220A73
:109BC00020EEA26A76EEC75A71EE474AF4EEC01A4A
:109BD00021EE224AF1EE10FA24EEA22AF4EEC61A81
:109BE00075EEC73A4CBF9E464FF0000E26EEA25AC5
:109BF000F1EE10FAF4EEC41A4CBF99464FF000098A
:109C000025EEA23AF1EE10FA33EEC77AF4EEC21A5C
:109C10004CBF1F46002763EEA20AF1EE10FAF4EEE5
:109C2000C51A4CBF1E46002667EE222AF1EE10FA36
:109C3000F4EEC31A4CBF18460020F1EE10FAF4EE11
:109C4000E01A4CBF19460021F1EE10FAF4EEE21AC8
:109C50004CBF1A460022F1EE10FA58BF0023C4F898
:109C600050E0C4F84C90A76466642066E1656365C3
:109C7000A26558E5D4F8BC11424B434A4FEA400E66
:109C8000102040FA0EF00B408642B4BF90464FF0D1
:109C90000008002BC0F2B9800029B8BF07319946EF
:109CA000C81041001022384B42FA01FE7645B4BF7D
:109CB000184600202EE54FF47F4661E74FF47F40C1
:109CC0001CE64FF47F4041E74FF47F40F1E64FF44C
:109CD0007F402BE74FF47F4018E74FF47F4006E7C3
:109CE0004FF47F40F4E6884612E56364A6644FF4BF
:109CF0007F47032BE7642AD10026676526654FF46A
:109D00007F47062BA7652BD10023E36593E51E4A09
:109D10002266E265A26562652265E264A26497E557
:109D2000206603E6B34268DD4FF47F076764A764EB
:109D3000E76427656765A765E7657CE5581E60F001
:109D4000070808F10103A8E60021E664A1644FF4C6
:109D50007F46042B26657FF464AD0020A665606510
:109D60004FF47F41072B14BF0F460027E16562E5E2
:109D7000781E60F0070909F10107AFE4A264F3E57A
:109D8000E264ECE50700008000FFFF006F12833AF9
:109D9000000080422265DDE56265D6E5A265CFE57B
:109DA000E265C8E5DB077FF5DFAD1EE5D9077FF586
:109DB00014AD194912E5D8073FF507AD164F05E573
:109DC000DE077FF5FAAC144EF8E4DF073FF5EDACA3
:109DD0001148EBE4D9077FF5E0AC0F49DEE4012B35
:109DE0003FF4D3AC0C4FD1E4002B3FF4C6AC0A4E89
:109DF000C4E4094EC4E608485BE6002796E7421E25
:109E000062F0070C0CF101007DE403F1FF3969F009
:109E1000070C0CF101033FE700FFFF0070B490F85E
:109E2000C0410023012280F8B92180F8B82180F8D0
:109E3000883080F8AC3080F8D03080F8F430B4B19D
:109E4000C26F1E4DD369002914BF4FF0010C4FF0B3
:109E5000170C634485FB0351DE17C6EBA10404EB2A
:109E60004405A3EBC503D36170BCFFF7C7BBC56F47
:109E7000134EEC6926400131002E4FEAC10C18DB6D
:109E8000002CB8BF0734E4100D4A8C4214BF314691
:109E9000711C01EA0204002C04DB6444EC6170BC18
:109EA000FFF7ACBB631E63F00706741C6444EC61EF
:109EB000F5E7721E62F007035E1CE1E7ABAAAA2A6F
:109EC00007000080C368D0F88C21D0F8A811F0B446
:109ED00000EB4304B2F92050B4F92470BD424FEABC
:109EE000D176D4BF00270127B74204D0D0F89431EF
:109EF0005D1CC0F894514469B2F9387000EB440C11
:109F0000BCF924309F42D4BF00230123B34204D0C4
:109F1000D0F898516C1CC0F898418769B2F9443068
:109F200000EB470CBCF92450AB42D4BF00250125FF
:109F3000B54204D0D0F89C41671CC0F89C71C3693D
:109F4000B2F950C000EB4305B5F92440A445D4BF95
:109F500000240124B44204D0D0F8A0717B1CC0F8C6
:109F6000A031046AB2F95CC000EB4402B2F924509B
:109F7000AC45D4BF00250125B54204D0D0F8A4617A
:109F8000771CC0F8A471D0F890315C1C202CC0F86C
:109F9000904111D02A4F07FB01F101F5405606F11F
:109FA0003905002DC0F8A85141DB4FF090404FF427
:109FB00000740485F0BC7047D0F89431D0F89871E3
:109FC000D0F89C61D0F8A051D0F8A441D0F88020FE
:109FD000012BD4BF4FF0000C4FF0010C012FD4BF68
:109FE00000270127012ED4BF00260126012DD4BF52
:109FF00000250125012C4FF00003D4BF00240124CB
:10A00000C0F8903182F820C0C0F8943182F82170F5
:10A01000C0F8983182F82260C0F89C3182F8235051
:10A02000C0F8A03182F82440C0F8A431B2E74FF064
:10A03000904C4FF40072CCF81820F0BC704700BF71
:10A040006D4EC64130B4D0F88C21051D012100238E
:10A0500002E0013301310C32012BFAD055F82340D4
:10A0600092ED017A00EB440C0829BCF9244007EE7C
:10A07000904AFAEEE87A27EEC70A82ED000AE8D1A4
:10A08000D0F88821C0F8C4210523037030BC704784
:10A0900090ED717AD0ED627ADFED226A10B537EE7D
:10A0A000C70A82B0B4EEE60AF1EE10FA044606DD05
:10A0B000DFED1D0AB4EEE00AF1EE10FA1ED407231C
:10A0C00023704FF4003001211EF058F802AA4FF41B
:10A0D0000074002342F8084D4FF0010C022269463B
:10A0E0004FF090408DF804C08DF806308DF80730A1
:10A0F0008DF805201DF086FD02B010BDB3EE081AE4
:10A10000C1EE001AD0F88C110846B2EE082AA7EE6C
:10A11000612AC1ED041A81ED032AFEF703FE002037
:10A120002070CEE79A9919BFCDCC4CBE70B50446CD
:10A1300082B0643001F0C0FA2378072B46D8DFE8FC
:10A1400013F05E00080008004500F4004700E2003C
:10A15000E20094F864207F2A00F0208194F8656082
:10A160007F2E33D194F8D030022B00F0E38194F8A5
:10A17000D120002A40F0DE8184F8D02094F8F41039
:10A18000022900F0D38194F8F550002D40F0CE81E3
:10A1900084F8F45094F8AC30022B00F0C38194F8AA
:10A1A000AD20002A40F0BE8184F8AC2094F88810DD
:10A1B000022900F0B38194F88950002D40F0AE815F
:10A1C00084F888500023C4F8B431237002B070BD05
:10A1D00094F86400802800F0BD8194F8651080290F
:10A1E000F4D1012505F16C0625440023012244F831
:10A1F0002630204685F8B821FFF74AFFE6E794F8B5
:10A200006430802B00F0B180002B40F0B180D4F896
:10A21000B0210132C4F8B02194F86500802800F024
:10A220009D80002840F09D80D4F8B4110131C4F81D
:10A23000B411802B00F0308194F8F450802800F0A5
:10A24000FD8094F8AC00022D00F0998094F8D05075
:10A25000022D00F09480022800F08E8094F888008F
:10A26000022800F08980B2F5FA6F2FDBB1F5FA6FA2
:10A270002ADB002602AA04204FF4007369462070EE
:10A28000C4F8B461C4F8B06184F8886084F8AC6044
:10A2900084F8D06084F8F46002254FF0904042F8D2
:10A2A000083D8DF804608DF806608DF807608DF824
:10A2B00005501DF0A7FCD4F8B021D4F8B41194F8DF
:10A2C0006430B2F5FA6F01DB002962D0B1F5FA6FA4
:10A2D00001DB002A56D07F2B00F08D8094F865605A
:10A2E0007F2E00F010817F2B00F028817F2E7FF4DD
:10A2F0006DAF94F8B931002B7FF468AF204601218F
:10A30000FFF78CFD62E794F86420802A00F0F38068
:10A3100094F86550802D7FF459AF00260123C4F8CE
:10A32000B461267084F8B93150E794F8640080284D
:10A3300000F00D8194F8651080297FF447AF4FF04D
:10A34000010C0CF16C05A4440026012344F825609F
:10A3500020468CF8B831FFF775FE37E7002584F802
:10A36000B9510021C4F8B41163E7002084F8B801A2
:10A370000022C4F8B0214FE70225257073E70126BB
:10A38000267068E70226C4F8B421C4F8B02126700C
:10A39000A1E70120C4F8B01120709CE794F8D00028
:10A3A000022802D094F8D11001B1032194F8F4509E
:10A3B00084F8D010022D02D094F8F56006B103267F
:10A3C00094F8AC3084F8F460022B02D094F8AD20FD
:10A3D00002B1032294F8880084F8AC20022802D04D
:10A3E00094F8891001B10321002584F88810C4F87D
:10A3F000B0512570B2E694F8B851002D7FF46EAFDD
:10A40000D4F8B421002A7FF769AF94F8C0514FF017
:10A41000010E002685EA0E0284F8C02184F8B9E115
:10A4200084F8B8E184F8886084F8AC6084F8D0607F
:10A4300084F8F4602046FFF7E1F8C7E694F8880056
:10A44000461EF6B2012E0DD9D4F8906056B1B0F187
:10A45000030CDCF1000E5EEB0C00012684F8890091
:10A4600084F8886094F8AC0000F1FF3C5FFA8CF649
:10A47000012E7FF6E8AED4F8B460002E3FF4E3AED0
:10A48000B0F1030EDEF1000050EB0E0C012084F859
:10A49000ADC084F8AC00D6E694F8D0E00EF1FF3CF5
:10A4A0005FFA8CF6012E0DD9D4F8D85055B1BEF113
:10A4B000030EDEF1000656EB0E0C012584F8D1C028
:10A4C00084F8D05094F8F45005F1FF3E5FFA8EF610
:10A4D000012E7FF6B3AED4F8FC60002E3FF4AEAE92
:10A4E000033DD5F1000C5CEB050E012584F8F5E089
:10A4F00084F8F450A2E600200121C4F8B0012070D5
:10A5000084F8B81104E794F8B91100297FF4EBAE90
:10A51000D4F8B00100283FF778AFE4E6032684F8CA
:10A5200088604FE6032084F8AC003FE6032684F8F9
:10A53000F4602FE6032084F8D0001FE694F8B811E9
:10A5400000297FF4D3AE2046FFF768FC3EE64FF0CB
:10A55000000CF6E6002545E6D0ED267A9FEDD47A8C
:10A560002DE9F0410446808ED4ED256A94F88830B8
:10A5700006EE100AB8EEC60AB0EE673A90EE073A59
:10A58000E6EE837AC4ED267A4BB994ED291AD4ED20
:10A590002A1AD4F88C10E7EE811AC1ED001AE28E67
:10A5A000D4ED2F2ADFEDC23A94ED2E4A94F8AC5048
:10A5B00002EE102AF8EEC24AB0EE625A94EEA35AA6
:10A5C000E4EE052AC4ED2F2A4DB9D4ED327A94ED8C
:10A5D000336AD4F8B060A2EEA76A86ED006A278FCE
:10A5E000D4ED380A9FEDB27AD4ED376A94F8D000F2
:10A5F00000EE107AB8EEC01AB0EE603A91EE073A6B
:10A60000E6EE830AC4ED380A48B994ED3B2AD4ED4E
:10A610003C2AD4F8D430E0EE822AC3ED002A618FC0
:10A6200094ED414ADFEDA24A94ED405A94F8F420AB
:10A6300003EE901AF8EEE35AF0EE447AD5EEA47ADF
:10A64000A5EE274A84ED414A4AB994ED440AD4ED77
:10A65000450AD4F8F850E4EE000AC5ED000AA68FCA
:10A66000D4ED4A1A9FED927AD4ED496A94F81871A4
:10A6700001EE106AB8EEC12AB0EE613A92EE073AE6
:10A68000E6EE831AC4ED4A1A4FB9D4ED4D3A94ED73
:10A690004E4AD4F81C01A1EEA34A80ED004AE38F94
:10A6A00094ED535ADFED825AD4ED527A94F83C116E
:10A6B00004EE903AB8EEE46AB0EE450A96EE250A4A
:10A6C000A7EE805A84ED535A49B994ED561AD4ED49
:10A6D000571AD4F84021E5EE011AC2ED001AB4F879
:10A6E0004050D4ED5C2A9FED727AD4ED5B6A94F809
:10A6F000606102EE105AF8EEC23AB0EE623A93EEA2
:10A70000873AE6EE832AC4ED5C2A4EB9D4ED5F4A5F
:10A7100094ED605AD4F86471A2EEA45A87ED005A01
:10A720006768A668D4F88C31DFED627A93ED010A90
:10A73000D3ED000AE568D4F880209FED621ADFEDC2
:10A740005E1A5E4904EB470704EB4606B7F924702E
:10A75000B6F9246006EE107AB8EEC62A05EE906AC5
:10A7600062EE272A04EB4505E0EE220A04F1100808
:10A7700098E80151F8EEE54AB5F92470C2ED000AF7
:10A7800093ED044A93ED037A64EEA76A03EE907AA0
:10A79000A4EE267A04EB400004EB4808B8EEE35A36
:10A7A000B0F9246082ED017A93ED070AD3ED060A31
:10A7B000B8F9245025EE276A03EE106AE0EE060A87
:10A7C00004EB4C0C04EB4E0EF8EEC32ABCF924004B
:10A7D000C2ED020A93ED0A4AD3ED096ABEF924706C
:10A7E00062EEA73A05EE905AE4EE236AB8EEE50A67
:10A7F000C2ED036A93ED0D3AD3ED0C0A60EE275AD1
:10A8000002EE100AE3EE250AB8EEC22AC2ED040AEF
:10A81000D3ED102AD3ED0F3A22EE276A05EE107A17
:10A82000E2EE863AB8EEC55AC2ED053A266A93EDD5
:10A83000134AD3ED126A04EB460825EE270AB8F94D
:10A8400024C0E4EE006A05EE90CAB8EEE52AC2ED37
:10A85000066A93ED163AD3ED150AA36E22EE276A27
:10A860005D1CE3EE060A05EA0107002FC2ED070AA8
:10A87000D4ED622AD4ED613AB0EE625A94EEA75A52
:10A8800077EE634AE5EE012AB0EE631AA4EEA11A50
:10A8900084ED611A82ED011AC4ED622AC0F20181D1
:10A8A000A766032F25D8DFE807F0EBE74F2100BFAD
:10A8B00000008037000000383333333F030000804E
:10A8C000C520803FCDCCCC3D0AD7A33B8FC2F53C01
:10A8D000E17A41C2000040420000704200000000E6
:10A8E00000005442000040C26F12833A2046FFF736
:10A8F000E9FA201D00F07CFB04F1340000F0ACFE0E
:10A90000D4ED1E2AF2EE063A22EEA35AFDEEC57AE7
:10A9100017EE903A002B00F0B780092B00F0D3809F
:10A920000A2B00F0C380B8EEE71AB2EE087AD4ED35
:10A930001D6AE46F21EE074AB1EE0C0AA6EE804ACA
:10A9400084ED004ABDE8F08104F1A80E00221EF853
:10A95000206C032E0CD8DFE806F0077202115EF8B7
:10A96000185C5EF8101C29605EF8105C4EF8085CFC
:10A970000132072A0EF1240EE9D1BAE75EED041A7E
:10A980001EED027A1FED304A71EEC76AB0EEE60A9C
:10A99000B4EEC40AF1EE10FAEADDF5EEC06AF1EEAB
:10A9A00010FA1EED033A40F3E3805FED3B2A72EEAE
:10A9B000C73A32EEC35A85EE236A5FED3E7AB4EEB3
:10A9C000E76AF1EE10FA08D4F2EE047AB4EE676AA0
:10A9D000F1EE10FAD8BFF0EE467AA6EEA73A5FED98
:10A9E000414AB4EEE43AF1EE10FA00F1BC80B7EE61
:10A9F000001AB4EEC13AF1EE10FAD2BF0EED033AEE
:10AA0000B0EE413A0EED031A1EED010ADEED000A2A
:10AA10001FED534A5EF81C0C4EED021A33EE617ABC
:10AA2000E0EE030AF0EEC76AF4EEC46AF1EE10FA43
:10AA300044BF00260EF8206CC0ED000A98E75EEDDA
:10AA4000041A1EED023A1FED5F2A71EEC35AB0EEF2
:10AA5000E56AB4EEC26AF1EE10FA89DD5EF8187CA0
:10AA60000EED033AC7ED001A5EF8106C4EF8086C54
:10AA700002200EF8200C7BE72046FFF757FB38E753
:10AA80002046FEF7F7FD34E7D4ED1D4A1FED6E4A70
:10AA90001FED710AE26FA4EE840A82ED000ABDE8A0
:10AAA000F0817A1E62F003014F1CF9E6D4ED1D0A15
:10AAB0005FED781A1FED783AE16FA0EEA13A81EDD3
:10AAC000003ABDE8F081B6EE007A94ED1D2AD4ED8F
:10AAD000742A94ED751A1FED7F6AD4ED764A94EDD1
:10AAE000735AD4ED1C5A5FED827AE76FF0EE473A65
:10AAF000E2EE073AB8EEE44AA3EEA21ABFEE000A6D
:10AB000071EE066AF7EE000AF4EEC46AF1EE10FA8E
:10AB1000C8BFF0EE400AE5EE206AF2EE0C1A36EEFF
:10AB2000873AE5EEA17ABDEEC32A12EE105A002D47
:10AB300015DBD4F8C861B54223DB701F05EE100A9F
:10AB4000F8EEC55AB2EE087A65EE873A751E77EED2
:10AB5000A37AC4F8D851C7ED007ABDE8F0815FED63
:10AB60009F3A0025F3E74EED034AB0EE643A4BE717
:10AB70005FEDA30A37EE202A73EE205A85EE826A33
:10AB80001BE7A5F1040802EE908AB8EEE21AB2EED5
:10AB9000086A61EE063ADAE730B54B1183B0044635
:10ABA00001F01F01052B40D8DFE803F00E14222B23
:10ABB0003003D0F88000014491F8202082F0010594
:10ABC0006B42D8B203B030BD00EB41039C8E200A2B
:10ABD00003B030BD00EB810CDCF8041000EB410049
:10ABE000B0F9245005F50042C2F3072003B030BD90
:10ABF000014491F86440D4F1010038BF002003B053
:10AC000030BD79B1062303700020DBE701292AD08B
:10AC10000DD3022909D1FFF73BFA2046FEF7EEFCDF
:10AC20000020CFE701700846CCE70020CAE7C06FDC
:10AC30000DF1080C00254FF400710422C5614CF899
:10AC4000081D4FF0020E4FF09040694622708DF8BB
:10AC500004508DF806508DF807508DF805E01CF073
:10AC6000D1FF2846AEE7FFF7EDF90020AAE700BFC5
:10AC70002DE9F00100230024DFF86080164FDFF893
:10AC800060C0C0F84011FF26202504214670857061
:10AC9000C0F82481C0F82C71C0F81041C0F81441EC
:10ACA000C0F81841C0F81C41C0F84421C0F8381160
:10ACB000C0F828C180F83C31A0F80E3103708380C1
:10ACC00080F83431C0F83031C0F8483180F8203194
:10ACD000BDE8F001704700BF09D7233A6F12833AED
:10ACE0000AD7A33B002310B42021FF240422447080
:10ACF0008170C0F83821A0F80E310370838080F88D
:10AD00003431C0F83031C0F848315DF8044B704739
:10AD100038B590F8203190ED477AD0ED4A6A80ED51
:10AD2000470A002BB7EE006AFFEE007A08BFF0EE8C
:10AD3000467A66EEA70A30EE470A90F83411B4EE70
:10AD4000E00AF1EE10FA0446D4BF0020012081424F
:10AD500084F8200131D0D4F8301184F83401062968
:10AD600029D8022994BF00210121D4F838511DB1FE
:10AD70006B1EC4F8383102210025C4F8305120463A
:10AD80001CF0ACFB022884F83C011ED012D304282E
:10AD90003AD8FF2120220423A4F80E512570A58063
:10ADA00084F83451C4F83051C4F848516170A2702D
:10ADB000C4F8383138BD0221D7E7D4F8303194F8DF
:10ADC0003C015D1CC4F8305138BDD4F84831D4F88A
:10ADD0004451AB4209D24FF48072D4F84051E11D86
:10ADE0009AB903F58071C4F84811FF25202100238A
:10ADF00004226570A1702370A38084F83431C4F8F4
:10AE00003031C4F8382138BD38BDE8181DF0DBFBFF
:10AE1000D4F8483194F83C01E3E700BF00B54FF4A3
:10AE2000003083B001211DF0A9F902A94FF450634D
:10AE30004FF0000C41F8083D022269464FF0904067
:10AE40008DF806C08DF807C08DF804208DF8052018
:10AE50001CF0D8FE4FF09040082105221DF04AF862
:10AE60004FF090400A2105221DF044F84FF0904029
:10AE70000B2105221DF03EF803B05DF804FB00BF76
:10AE800030B5114C85B00D464FF4804001211DF0C6
:10AE900091F920461DF02AFA00234FF40072204653
:10AEA0006946ADF80020ADF80230ADF80430ADF8D9
:10AEB0000630ADF80C3002951DF08AFA20460121CB
:10AEC0001DF0F6FA05B030BD003800402DE9F04322
:10AED000224CDFF89480064601208DB00D460146D5
:10AEE0001DF04CF9204600211CF080FD20461CF08E
:10AEF000CDFC06F1080100234FF0100C4FF0800E3E
:10AF00004FEA8509204602914FF4005201A94FF4FF
:10AF100080754FF480672026CDF80CC005930B9305
:10AF2000CDF818E00A92ADF81090CDF8048007959E
:10AF3000089709961CF02CFD204606210122084C9A
:10AF40001CF062FD4FF400412160064802210122FD
:10AF50001DF0BEFA0DB0BDE8F08300BF58000240FE
:10AF600000E100E0003800400C38004070B50A4BAA
:10AF700015460022044618600E4642600560FFF741
:10AF80004DFF20463146FFF77BFF20462946BDE8AE
:10AF90007040FFF79BBF00BF20680020416002485F
:10AFA00001211CF023BD00BF5800024008B50E4B24
:10AFB0001A684FF4C021596091030AD4530300D496
:10AFC00008BD0A48026892E80A0002F108009847A2
:10AFD00008BD064B1B6893E8060001F1020C03EB69
:10AFE0008C00904708BD00BF000002402068002090
:10AFF00008B505481DF056F904481DF053F90448FA
:10B00000BDE808401DF04EB90060014000640140F9
:10B01000006801402DE9F04F012193B081464FF0C7
:10B0200080501DF0C7F84FF4007001211CF0A0FF04
:10B030004FF4806001211CF09BFF4FF40060012160
:10B040001CF096FF4FF0807001211DF0A5F84FF025
:10B05000007001211DF0A0F801214FF080601DF06B
:10B060009BF84FF028401CF09DFF022001211DF0AD
:10B0700085F84FF4802001211DF080F84FF48010F6
:10B0800001211DF07BF801214FF400101DF076F82E
:10B09000634D00201DF0F0F8002703214FF04062BF
:10B0A0004FF0804305F1080405F1B40A8DF80B70E8
:10B0B0008DF80A70049706978DF80810039205938F
:10B0C00054F8080C01211DF0C3F854F8080C4FF493
:10B0D00000411DF005F90128F7D0A86800280FDD10
:10B0E0002E464FF00008318B7069019101A91CF0C8
:10B0F00089FDAA6808F10108424506F11006F2DC54
:10B1000054F8080C01211DF0ADF854F8080C4FF06C
:10B1100000411DF0E5F80028F7D054F8083CA96874
:10B12000ADF8281007F1100B03F16002802109EB44
:10B130004B0300264FF4806E54F8040C07920893DA
:10B1400020224FF400530C914FF4807807A9CDF8DA
:10B1500038E00F92109309960B961196CDF8348033
:10B160001CF016FC54F8080C314603AA1DF04CF8EC
:10B17000A868B042B34614DDA84698F80CC058F849
:10B18000103F54F8080C49F82C70002219464BEA7D
:10B19000030B1DF04BF8AA680136B24207F1010714
:10B1A000EBDC594654F8080C1DF082F854F8080CF2
:10B1B00000211DF081F854F8080C04211DF066F8F8
:10B1C00054F8080C00211DF04DF854F8080C4FF00D
:10B1D00000411DF085F80128F7D054F8080C1DF047
:10B1E0005BF854F8080C01211DF07AF80028F8D01B
:10B1F00054F8040C01211CF0F9FB3C3554F8080C00
:10B200004FF4803101221DF061F8554504F13C04F2
:10B210007FF456AF4846FFF7EBFE13B0BDE8F08F62
:10B2200010AA03082DE9F041012188B005464FF42A
:10B2300080001CF0A3FF4FF4003001211CF09EFFA2
:10B2400008AF4FF4805001211CF0A6FF802347F87F
:10B250001C3D002402264FF00108394632488DF883
:10B2600008808DF809608DF80A408DF80B401CF0BD
:10B27000C9FC394640222C488DF808608DF80960D9
:10B2800001928DF80A408DF80B401CF0BBFC0522A2
:10B29000254806211CF02EFE39464FF090404FF411
:10B2A00080578DF808608DF809608DF80A408DF898
:10B2B0000B4001971CF0A6FC4FF090400C21062299
:10B2C0001CF018FE4FF400764FF4827E4FF4706C41
:10B2D0003822072303A91548ADF80EE0ADF810C0D9
:10B2E000ADF81820ADF81C30ADF80C40ADF81240A8
:10B2F000ADF81440ADF81A40ADF816601DF02CF80A
:10B300004146A84609481DF0C3F848F8044B48F8E0
:10B31000044BC8F80040EC602C616C61AC61EC61DE
:10B3200008B0BDE8F08100BF0014004800300140C3
:10B330000246002370B442F8043B42F8043B70BC60
:10B340001360C360036143618361C361704700BFE1
:10B35000D0F800C08169426903692DE9F0031CF44B
:10B360007F0F47688668C568C469DFF800810CBF35
:10B370004FF000094FF001091CF47F4F0CBF002073
:10B38000022017F47F0F49EA00090CBF00200120BA
:10B3900017F47F4F40EA890C0CBF0027022716F4F0
:10B3A0007F0F4CEA07090CBF0020012016F47F4FE5
:10B3B00040EA89070CBF0026022615F47F0F47EAF2
:10B3C000060C0CBF0020012015F47F4F40EA8C07CB
:10B3D0000CBF0025022514F47F0F47EA05060CBFB9
:10B3E0000020012014F47F4F40EA86070CBF0024A0
:10B3F000022411F47F0F47EA04050CBF0026012642
:10B4000011F47F4F46EA85090CBF0021022112F496
:10B410007F0F49EA010C0CBF0020012012F47F4F7E
:10B420000CBF0027022740EA8C0213F47F0F0CBFE9
:10B430000025012542EA070413F47F4F45EA8406FC
:10B440000CBF4FF000094FF00209802346EA0900C3
:10B45000C8F8183000BF054A4FF08008A2F82880CD
:10B4600000BF0349BDE8F00388817047001400481D
:10B47000003001402DE9F043012193B007464FF41D
:10B4800000701CF089FE4FF440401CF07FFD4FF42B
:10B49000003001211CF072FE012001461CF06EFEFE
:10B4A00000257F234FF003084FF0904001A90724A7
:10B4B0000193DFF8A0918DF80B504FF480668DF862
:10B4C0000A508DF808801CF09DFB4FF0800C4FF463
:10B4D000807E4FF4005320225C48CDF830C007A98D
:10B4E000CDF834E010930F92CDF81C900E9608978B
:10B4F00009950B951195ADF828401CF049FA534871
:10B5000001211CF073FA4FF001094FF4006250481A
:10B51000059203A94FF460268DF80D508DF8184060
:10B520008DF80C9004961CF00DF929464A462346E6
:10B5300047481CF03FF902210A46234644481CF0C4
:10B5400039F941464246234641481CF033F9494601
:10B5500023463F4804221CF02DF923463C4806218F
:10B5600005221CF027F923463948052106221CF044
:10B5700021F922462346364804211CF01BF93448A1
:10B5800049461CF001F932481CF00EF930481CF015
:10B5900079F90028FAD12E481CF000F92C481CF04B
:10B5A0006DF90028FAD12A4801211CF05DF93846CE
:10B5B0004FF4004120F8021B0E3787424FF006057A
:10B5C0003ED03DB3012D1FD0022D19D0032D13D035
:10B5D000042D0DD0052D07D0062D18BF20F8021B15
:10B5E0004FF4004420F8024B4FF4004320F8023B94
:10B5F0004FF4004620F8026B4FF4004820F8028B0D
:10B600004FF4004C20F802CB4FF4004E20F802EB30
:10B61000874215D081464FF4004229F8022B1030A2
:10B6200020F80E2CA9F8022020F80A2C20F8082C6B
:10B6300020F8062C20F8042C20F8022C8742E9D1AF
:10B6400003481CF00BF913B0BDE8F083080002407A
:10B65000002401404C24014001481CF0FFB800BF09
:10B660000024014070B582B0054602AC01214FF4C0
:10B6700080201CF083FD8023012244F8083D6946A8
:10B68000002402260B488DF807208DF804408DF821
:10B6900006408DF805601CF0B5FA69464023054860
:10B6A00000931CF0AFFA2846FF2100F8011B01703F
:10B6B00002B070BD0004004870B50C4D0678044619
:10B6C000720028468021D6B21CF00EFC637830430D
:10B6D00020704FEA430C284640215FFA8CF51CF09D
:10B6E00003FC40EA0501617070BD00BF0004004822
:10B6F0002DE9F84F054600F5065305F54F6B05F6A5
:10B70000F44A05F6F849C3F800B000264FF07E5E13
:10B71000DFEDCE7A85F8FC6C05F68C5BCAF800E0AC
:10B720000C46C9F800E005F55961C3F804B005F608
:10B73000945A05F6F45B85F8986D00F5F558C1ED5F
:10B74000007A05F55F69CAED007A012105F6F85A1D
:10B75000C3F80890C3F80C9000F5F75C85F8FC1D61
:10B7600000F5FF57CBF800E008F1100BCAF800E035
:10B77000B74AC3F81090C3F814B005F1B00A88F8BE
:10B780001C60C8ED057AC8ED067A07F1100B4FF082
:10B790007C58C3F818C0AF488CF80C60CCF8042073
:10B7A000CCF8082005F58279C3F81CB005F59E7C1D
:10B7B000C7F81480C7F818803E7705F5E0781D6259
:10B7C00005F51F772E736A60AA6005F5317BC3F813
:10B7D00024A09FEDA17A85F8BC6005F5856AC5EDCA
:10B7E0002D7AC5F8B800C3F82890C5F80801C5F847
:10B7F0000C0185F8106105F58669C3F82CC0C5F801
:10B80000440185F84861C5ED507A05F22C4CC3F827
:10B81000308085F8CC61C5F8C421C5F8C8215F63C4
:10B82000C5F88002C5F8840285F8886205F5BA6714
:10B83000C3F838B085F8D062C5F8C822C5F8CC2264
:10B84000C3F83CA005F2D45A85F8346405F2CC580C
:10B850008CED007ADFF810B2C9F8002005F5BC6C59
:10B86000C3F8408085F8D865C7F800B0CAF800E092
:10B8700005F26467C3F844C005F5CD6CBFEE000A5D
:10B8800005F2E45005F5BD6805F5CC694FF0404B75
:10B8900085F8EC6505F5E96A80ED000A05F5E860D4
:10B8A00088ED000AC3F8489005F2447885F86C6684
:10B8B000C7F800B0CCF800E005F6940CD86405F6A3
:10B8C0008C0785F84C1705F5096988ED000A05F520
:10B8D0001D6E05F6D41005F6D818CAF800201F65AD
:10B8E00005F5296A85F8981805F68C2789ED000A70
:10B8F000CCF80020C3F854E005F53B6C05F6B43EE7
:10B9000085F8DC1905F6882B026005F6AC39C8F815
:10B910000020182005F50758C3F858B085F8941A88
:10B9200008F1200B3A60CAF800201F1FC3F85C9092
:10B9300085F8B81BCCF80020CEF80020186657F820
:10B94000040F63680268E16823601368A160214600
:10B950009847DBF800300136B342F0DC5C1E06EE9F
:10B96000104A05F5035E42F2E00005F50558DFF8E0
:10B97000FCA02B50F8EEC61ACEF824A0002200241A
:10B98000C246F146C446DFED356ADFED350A9FED6C
:10B99000351ACEED0A1A42F2F40B42F2F807CEF84D
:10B9A0002C20CEF830404346C6464FF0FF3605F80F
:10B9B0000B4005F50451EE51C346C9F83C20C8F8C8
:10B9C0000C20C3ED046AC3ED050A83ED061AE046B8
:10B9D000CCF82020CAF81C20D4464FF07C5ACEF870
:10B9E00008A0CEF828205E46CBED0B6ACBED0C0A02
:10B9F0008BED0D1A994642F2041E01F120038B468D
:10BA0000B7EE002AB342C9F83C20C8F83820CCF879
:10BA100024A08A60C1F814A0CA608A610C7781ED05
:10BA2000042A05F80E40CBF8002073600AD01D46AA
:10BA300045F8042B45F8042B2A60DA601A615A6134
:10BA40009A61DA6100213160BDE8F88F3333333F0A
:10BA5000CDCC4C3F9A99193F333333BF22BA003DC6
:10BA60000AD7233CCAAA7F3F000040C0CDCC4C3D42
:10BA70002DE9F04F044600F50550D2F8188007680C
:10BA800046689FEDED7A1546FA1D02F0070206EBB7
:10BA9000870A02F1050E02F1060C0EF007090CF000
:10BAA00007072DED048B06EB890BCAF8008006EB27
:10BAB0008706DBED007AD6ED006A026042F20410E0
:10BAC00036EEE70A14F800A08BB00E469B46E0EE77
:10BAD000077ABAF1000F40F093839FEDD81AF4EE85
:10BAE000C17AF1EE10FA00F3FC8704F5045104F575
:10BAF000035301F1080903F13C0895F82320002ABB
:10BB000000F07983D8ED001A04F5035808F12007F6
:10BB100097ED026AD7ED032A96ED072A97ED044ABE
:10BB200097ED013AE6EE212A42F2E000F8EEC23A41
:10BB3000F8EEC44A32EEA35AFFEE005AB4EEE45ACD
:10BB4000F1EE10FAB7EE008AC8BFB0EE658AA3EE38
:10BB5000085AF6EE008A35EE289AFDEEC99A19EEDB
:10BB6000908AB8F1000FC1F2E1802358984501DBBB
:10BB700003F1FF3842F2F80E04F5065C54F80E109B
:10BB8000C7F8108041455CF8287001F06D80AC4A20
:10BB90001178552901F08080A8F10203022B01F2EF
:10BBA0008680A84A52F82310386883683846984738
:10BBB000396838464A68904704F5055C42F2F80057
:10BBC00042F2F4024FF07C530021CCF8083095F893
:10BBD000233044F80080A15442F20410215C002973
:10BBE00000F007838AF0010A04F5045E9EED007AF6
:10BBF000D5ED017A77EE876AB6EE000ACEED007ACF
:10BC000066EE800A002B00F0F18200290CBF0020B4
:10BC1000042040EA0A01049196ED081ADFED8A1A21
:10BC2000DFED8A2A95ED074A9FED892ADFED833AF9
:10BC30009FED885ADFF83CA2874ADFED884AD9EDAC
:10BC4000005AE1EE212AB0EEC43ABDEEE26A33EECC
:10BC5000238AF8EEC68A24EE059A72EEE89AC9EEB7
:10BC6000086A29EE827A16EE10CAFDEEC77A02EB58
:10BC70008C0E17EE900A0AEB80019EED000A91ED02
:10BC8000001A60EE012AB7EE002A62EEA48AF0EEF6
:10BC9000001AB1EE688AB0EE424AA8EE214AF5EEEB
:10BCA000C06A64EE259AF1EE10FAC9ED009A00F12F
:10BCB000E787F4EE426AF1EE10FACCBFB0EE429A9A
:10BCC000B0EE669A96ED015AD5ED034A95F8242018
:10BCD000DFED635A35EE243A002AB5EEC03A18BFBC
:10BCE000F0EE495AF1EE10FA4FF00000CDED095A8E
:10BCF00000F1C387B7EE006AB4EEC63AF1EE10FA6F
:10BD0000C8BFB0EE463A8DED083AB8F10F0F00F01B
:10BD10007F87B8F1070F00F0CD87B7EE007A95F86E
:10BD2000210095F8201095F82220F0EE471A96EDA4
:10BD3000041ADFED4A2A9FED4B2AD6ED003AD5EDE5
:10BD4000025AB0EEC14A34EE625A21EEA93AB4EE7C
:10BD5000E25AF1EE10FA58BFF0EE452A61EE224A9F
:10BD600070EEA30A24EE826A41B9002B00F0D68659
:10BD700023EE290ADFED3C6A60EE265AE6EE250A3C
:10BD8000DFED3A1AF4EEE10AF1EE10FA08D4DFED35
:10BD9000381AF4EE610AF1EE10FAD8BFF0EE601A2C
:10BDA00096ED051ADFED2D7ADFED2E2ACDED051A81
:10BDB000B0EEC12A72EE673A96ED024AD5ED040A5A
:10BDC000F4EEE73AF1EE10FA58BFF0EE637A21EEA6
:10BDD000275A65EE224A20B9002B00F09B8667EEB9
:10BDE000290AF0EE449AE4EEA09AF5EEC09AF1EE3C
:10BDF00010FA00F14987B7EE007AF4EE479AF1EEB7
:10BE000010FACCBFB0EE476AB0EE696A96ED060A4A
:10BE1000DFED121A9FED131A8DED066AF0EEC05A8F
:10BE200075EEE17AD6ED032AD5ED056AF4EEE17AF6
:10BE3000F1EE10FA26E000BF000000009A99993E4A
:10BE4000FE7F0008040000200000C0C20000004384
:10BE5000000080436666A63F24E50308CDCC4C3D38
:10BE6000CDCC4C3F6666863F000040420000EEC2EB
:10BE70000000F04228E903080000000000FEFFC6B1
:10BE8000CDCCCC3D58BFF0EE671A20EE212A62EEF1
:10BE9000013A2AB95FED086A002B18BFF0EE436A39
:10BEA000B0EE624AA3EEA64AB5EEC04AF1EE10FA31
:10BEB00000F1EE86B7EE003AB4EE434AF1EE10FA26
:10BEC000C8BFB0EE434A3968189B387B00930DF128
:10BED0000F0204F5075804F50959019208F12408E6
:10BEE00009F104098DF80F00D1F80CC08DED074A57
:10BEF00004A942464B463846E0479DF80F1049B921
:10BF000095F82430002B40F0858195F82350002DC2
:10BF100040F0808104F504535FED299A0026F7EE86
:10BF2000005AB6EE008A1E77C3ED039AC3ED069A57
:10BF3000C3ED045A83ED058A012697ED014AB5EE5B
:10BF4000C04AF1EE10FA00F1DE8100F10E875FEDDC
:10BF5000354A189A24EE243AF0EE698AF0EE483A0F
:10BF6000B0EE659A531E002E00F09E82189A002AA9
:10BF700000F08E80F8EC019A63EE295ADC46BDEEA3
:10BF8000E58A03F0030018EE105A05F1010E0EF3D6
:10BF90000F0A2CF804AB591E0CF10402002B77D0C9
:10BFA000A8B3012821D002280FD0B8EC017A63EEA3
:10BFB000076A0139FDEEE60A043210EE90CA0CF170
:10BFC000010505F30F0022F8080CF8EC014A23EEF6
:10BFD000245A0139BDEEC56A043216EE10EA0EF19C
:10BFE000010505F30F0A22F808ACF8EC011A23EE5C
:10BFF000211A0139BDEEC10A043210EE10CA0CF14B
:10C00000010000F30F0522F8085C4D1C40D0C64625
:10C01000FEEC017AD8ED022A9EED002A98ED038A03
:10C0200008F1100823EE274A63EE029AFDEEC45A87
:10C03000BDEEE97A63EE220A63EE086A104615EE59
:10C0400090AA17EE105AFDEEE04ABDEEE65A0AF14C
:10C05000010C05F1010E0CF30F0A0EF30F0522F887
:10C0600004AC14EE90CA20F8045B15EE10EA043913
:10C070000CF1010A0AF30F0CA0F800C0481C0EF1E5
:10C08000010502F1100205F30F0E22F808ECBED1F3
:10C09000D7ED029AF5EEC09AF1EE10FA00F13D8369
:10C0A00000F1FE831FED8B7A69EE870A002E00F007
:10C0B000FC83189C002C00F09480B9EC019A60EE8F
:10C0C000893A03F00306FDEEE38A0BF10A0A18EE43
:10C0D00090CA03F1FF380CF1010707F30F00ABF82A
:10C0E0000200002B7DD0DEB3012E24D0022E10D012
:10C0F000B9EC018A20EE883A08F1FF38FDEEC39AC8
:10C1000019EE903A5D1C05F30F042AF8044C0BF16C
:10C110000E0AB9EC011A60EE817A08F1FF38BDEE23
:10C12000E77A0AF1040A17EE10BA0BF1010606F3DA
:10C130000F072AF8087CB9EC015A60EE856A08F10D
:10C14000FF38FDEEE62A18F1010412EE90EA0AF13A
:10C15000040A0EF1010101F30F002AF8080C40D087
:10C160004A46B2EC010AD9ED021A92ED006A99ED45
:10C17000034A09F1100960EE804A20EE862AFDEE9E
:10C18000E45ABDEEC29A60EEA13A60EE848A53464C
:10C1900019EE105A15EE90CABDEEE38ABDEEE83AEC
:10C1A0006E1C0CF1010406F30F0104F30F0718EEE7
:10C1B00010BA2AF8047C13EE10EA23F8041BA8F145
:10C1C000040818F101060BF101020EF1010002F35F
:10C1D0000F0500F30F041D800AF1100A2AF8084C1D
:10C1E000BED10BB0BDEC048BBDE8F08F02220492EF
:10C1F00012E58A46F8E4D5ED001AC8ED001A83E48A
:10C200005FEDE10AF4EEE07AF1EE10FA44BF0023AC
:10C2100023546AE4D6ED090AD6ED084ADFEDDE9A2A
:10C220009FEDDE6A9FEDDE0ADE4E9FEDDF5AB2EE35
:10C23000087A60EE871AE4EEA91A31EE861AFDEE4E
:10C24000C15AF8EEE57A15EE90EA71EE672A06EB30
:10C250008E0062EE803A90ED002AFDEEE36A16EE63
:10C26000902A0AEB820C9CED003A22EE034AA4EEDF
:10C27000058A002B00F0568404F5045C0CF10C01D7
:10C28000D1ED005ADFEDC92A9FEDC92A97ED014A89
:10C2900039EE659A25EEA56AF7EE003A33EEE55AD7
:10C2A00066EE061AB5EEC09AF1EE10FA25EE051A02
:10C2B000D8BF73EEE13AB7EE000AD8BFE8EE238AA2
:10C2C0004FF0000670EE417A9FEDBA8AC8BFDFEDED
:10C2D000BA8AA0EEA71AA1EEA28AE9EE285A20EEA9
:10C2E000813AA0EE828A60EE839AB5EEC04AF1EE02
:10C2F00010FAC1ED005AC1ED015AC1ED039A81ED6A
:10C30000028A7FF522AE189DB1EE447A6B1E002D95
:10C3100000F06D854246F2EC016ADFEDA80A9FED60
:10C32000A85A04F5055E0EF1080A27EE266ADAED32
:10C33000001AB0EEC61A31EE610AF7EE007AB5EED9
:10C34000C00AF1EE10FAC8BFB0EE605AE0EE051A6E
:10C3500003F00101F4EEE71AF1EE10FACAED001A4B
:10C3600001D9C7EEA17A5D1E66EE272A9FED952AB8
:10C3700022EE823A02ED013A002B00F0888061B390
:10C38000B2EC014ADAED008A9FED8C9ADFED8C3A2F
:10C39000DFED8C1A67EE046AF7EE004AF0EEE60A6B
:10C3A00030EEE85A013DB5EEC05AF1EE10FAC8BFC2
:10C3B000F0EE493AE5EE238AF4EEE48AF1EE10FA63
:10C3C00088BFC4EEA84A681CCAED008A26EEA46A9B
:10C3D00026EE211A02ED011A59D09446BCEC010A4E
:10C3E000DAED007ADFED752A9FED752ADFED756ACB
:10C3F000DFED720ADFED723A67EE008AB7EE004AAF
:10C40000B0EEE83A33EE679A6246B5EEC09AF1EEC6
:10C4100010FAC8BFB0EE622AE9EE027A681EF7EEA3
:10C42000002AF4EEC47AF1EE10FA88BF84EE274AAF
:10C43000CAED007A68EE844A24EEA65A0CED015A41
:10C44000B2EC016ADAED001A27EE061AB0EEC10A64
:10C4500070EE617AF5EEC07AF1EE10FAC8BFF0EE38
:10C46000603AE7EEA31AF4EEE21AF1EE10FACAED22
:10C47000001A01D9C2EEA12A451E9FED522A61EE93
:10C48000228A28EE824A02ED014A0028A5D104F54D
:10C49000045E9EED049ADEED053ADEED068A9FED20
:10C4A0004A3A002E7FF462AD9FED486ADFED481AEC
:10C4B00028EE061AB7EE000AE1EE081A04F5055157
:10C4C00001F10C0AF0EE042A21EE887AB0EE404A1F
:10C4D000A7EE224A04F5055202F1100EDAED006AC9
:10C4E0008EED007AA7EE074AB0EE668A80EE045A17
:10C4F00093EE258A9DED183A8EED025AF8EE437AB6
:10C5000013EE100ACEED012AC8EE270A002800F02B
:10C51000FA805D4603F00102581EDEED035AB8ECC6
:10C52000016ADEED044A76EEA06A22EEE52AB1EE5B
:10C53000471AA6EE262AA1EE252A72EE641A25EEE7
:10C54000210AE7EE005AE7EE254AB0EE654AB0EE62
:10C55000648A96EE268AB0EE646AE8EE294AA7EE6F
:10C56000004AA7EE256AFDEEE44A8EED046A14EE59
:10C5700090CA8EED034A0CF1010101F30F0C25F86E
:10C5800004CBF0EE447AF0EE465A0435002B00F06E
:10C59000BA80002A51D01DE0000090C20000004384
:10C5A0000000804324E503080AD7A33B9A99993EEB
:10C5B0000AD7233DA69B443B9A99193FCDCC4C3DCD
:10C5C000ACC5A737CDCC4C3F00FEFFC6D75739418D
:10C5D000DB0F4940B8EC012A76EEA06A62EEC42A6D
:10C5E000B0EE468AE2EE262A01380435E1EE042A4E
:10C5F00072EEC61A25EE210AA7EE004AA7EE048ABB
:10C60000F0EE447AB0EE483A92EE263AF0EE485A0E
:10C61000A3EE298AE7EE007ABDEEC86AE7EE045A77
:10C6200016EE102A511C01F30F02411CCEED045AE4
:10C63000CEED037A25F8082C65D0F0EE042AF8EC4C
:10C64000011A36EEA00A62EEE74A70EE206AE1EEC9
:10C65000804A29460238E1EE274A34EEE52A25EEE3
:10C66000024AE7EE047AE7EE275AB0EE678AB0EEA8
:10C67000656AA7EE048AA7EE276A8EED038A8EED1F
:10C68000046A62EEC87AF8EC012AE2EEA67AF0EECD
:10C69000654AE1EE087AD1EE804A77EEC61AB0EE2E
:10C6A000483A25EE212AE4EEA95AA7EE023AFDEE19
:10C6B000E55AA7EE036A15EE90CAB0EE468A92EEEE
:10C6C000A68A0CF1010202F30F02F0EE465AA8EE20
:10C6D000296A25F8042CB0EE434AA7EE024AE7EE99
:10C6E000035ABDEEC63ACEED045A13EE105A8EED43
:10C6F000034A6A1C02F30F0C21F804CB0D1D411CE8
:10C70000F0EE447A99D1CAED006AD7ED029AF5EEBF
:10C71000C09AF1EE10FA7FF5C3AC189FF1EE690AEA
:10C72000002F00F0BD804946B1EC011A5FED5D7A43
:10C730001FED5D5A04F5055808F1240E60EE816A7C
:10C74000DEED002AB0EEE66A76EE624AB7EE000A47
:10C75000F5EEC04AF1EE10FAC8BFB0EE675AE4EE4B
:10C76000852A03F00100F4EEC02AF1EE10FACEEDB6
:10C77000002A01D980EE220A5D1E66EE801A5FED66
:10C780006F5A21EEA52A01ED012A002B00F08880C6
:10C7900060B3B1EC014A9EED008A1FED783A5FED7F
:10C7A000789A5FED782A20EE847AB7EE001AF0EEE0
:10C7B000C77A37EEC85A013DB5EEC05AF1EE10FA0D
:10C7C000C8BFF0EE439AA5EE298AB4EEC18AF1EE15
:10C7D00010FA88BF81EE081A681C8EED008A67EE99
:10C7E000016A26EEA26A01ED016A59D08A46BAECC6
:10C7F000010ADEED001A5FED8F4A1FED8F2A5FED13
:10C800008F9A1FED921A5FED927A20EE804AF7EE32
:10C81000005AB0EEC48A38EE613A5146B5EEC03ADD
:10C82000F1EE10FAC8BFB0EE642AE3EE021A6A1EF7
:10C83000F7EE004AF4EEE51AF1EE10FA88BFC5EE05
:10C84000A15ACEED001A24EE257A27EE295A0AEDD8
:10C85000015AF1EC016ADEED002A20EEA60AB0EEE4
:10C86000C06A76EE621AF5EEC01AF1EE10FAC8BF91
:10C87000F0EE417AE1EEA72AF4EEE42AF1EE10FAA6
:10C88000CEED002A01D9C4EEA24A551E1FEDB32AEF
:10C8900020EE244A64EE025A41ED015A002AA5D145
:10C8A0005FEDB70A002E7FF404AC5FEDB89A1FED80
:10C8B000B81A63EEA97AB7EE005AA7EEA31A04F5E8
:10C8C000055808F12800B0EE040A21EE237AF0EEB4
:10C8D000452AE7EE002A04F5055A0AF12C0CD0EDA2
:10C8E000006A8CED007AE7EE072AF0EE661AD0EEC9
:10C8F000891A85EE229ADDED180A8CED029AB8EEBF
:10C90000606A10EE906A8CED010A81EE862A002E94
:10C9100000F0E08003F001070BF10A015A1EDCED84
:10C92000035AF9EC014ADCED043A76EE826A20EE15
:10C93000654AF1EE479AA4EEA64AA9EEA54A34EE5E
:10C94000638A29EE083AE7EE035AE7EE253AB0EE9D
:10C95000651AB0EE635A94EEA65AF0EE631AE5EE4D
:10C96000283AA7EE031AE7EE251AFDEEE30ACCED0E
:10C97000041A10EE90EA8CED031A0EF10105F0EEA8
:10C98000417A05F30F04F0EE615AABF80240002B38
:10C9900000F0A080B7B3F9EC013A76EE826A20EE9F
:10C9A000410AF0EE414AA3EEA60A013A551CB0EE48
:10C9B000618AA9EE810A30EE616A29EE064AE7EE45
:10C9C000044AA7EE248AF0EE647AB0EE483A93EE79
:10C9D000A63AF0EE485AA3EE288AE7EE047AE7EE8C
:10C9E000245ABDEEC81ACCED045A11EE103ACCED23
:10C9F000037A03F1010606F30F0721F8047C0BF11B
:10CA00000E0167D0F0EE042AF9EC010A76EE821AE4
:10CA100022EEE75A71EE826AA0EEA15A8B46023AE4
:10CA2000571CA9EEA75A35EE650A69EE003AE7EE03
:10CA3000237AE7EE275AB0EE676AB0EE655AA7EEA2
:10CA4000236AA7EE275A8CED036A8CED045AB9ECE1
:10CA5000014A62EEC67AB0EE463AE4EE267AF0EE8D
:10CA6000654AE9EE867AD0EEA14A37EEC51AE4EEC1
:10CA7000A85A69EE012AFDEEE55AA7EE223A15EE14
:10CA8000908AA7EE035A08F1010A0AF30F0EF0EE9E
:10CA9000431AF0EE450AD4EE260A21F804ECF0EE33
:10CAA000455AA0EEA85AE7EE221AE7EE035ABDEE69
:10CAB000C50ACCED045A10EE105ACCED031A05F15C
:10CAC000010404F30F032BF8043BF0EE617A0BF141
:10CAD000040197D1C0ED006A0BB0BDEC048BBDE83A
:10CAE000F08F95F824200127275412B942F21C1028
:10CAF000275404F5045E04F5035C0EF108090CF1FB
:10CB00003C082B684FF07E51C9F80010C8F800307F
:10CB1000FEF7F3BFDFEDBA0AFFF763B9F7EE005A8D
:10CB2000FFF72CB99DED059ADFEDB64AF2EE029AB9
:10CB300039EE695AB4EEE45AF1EE10FA00F1F380DE
:10CB40009FEDB17AB4EEC75AF1EE10FA40F33E8190
:10CB50001D46FF2104F5045303F10C0EAB4E9EF865
:10CB6000100006EB81020AEB850AD2ED002A9AED4D
:10CB7000002A002800F0058122EE821ADFEDA45A77
:10CB8000DEED003A21EE250AF2EE087A60EE272A61
:10CB9000B0EE002AE2EE823AB7EE005AF4EEC53A61
:10CBA000F1EE10FACEED003AC0F2C48000259FED00
:10CBB000999A9FED936A8EF81050B0EE457AF0EE98
:10CBC000453AFFEE001AF7EE004A74EEC76AE8EE47
:10CBD000268A0026A0EE856A9FED8F8AE8EEA13AAC
:10CBE000F0EE498AE0EE888A20EE867AF0EE635A0B
:10CBF00060EE870AB0EE688AF0EE609ACEED030A26
:10CC0000CEED003ACEED013ACEED028AFFF795B9AE
:10CC10009DED080AF1EE086AF0EE007AE0EE667A21
:10CC2000F5EEC07AF1EE10FA00F1C480F7EE001ACA
:10CC3000F4EE617AF1EE10FAD8BFF0EE671A002B2D
:10CC40004CD095F82010002940F0BD80D6F8108017
:10CC500095F8222004F2C45ECEF80080002A40F04D
:10CC6000AE80D6F8189043E042F2F400235C002B2B
:10CC70007EF48DAF1346FEF7AFBF0890FFF745B8BF
:10CC80009FED5F9AFFF71EB89FED5D6AFFF7BEB894
:10CC90009FED5B4AFFF717B9604890F800E008F194
:10CCA000200CE6457EF478AF5D49FEF77DBF00219C
:10CCB000FEF77ABF95F821002BB318BB04F5035E8D
:10CCC000D6F814C095F8201095F822209FED4C7AE4
:10CCD000CEF814C0F7EE001AFFF729B804F2C450DA
:10CCE0004FF0000995F8201095F82220C0F8009028
:10CCF00004F5B96C95F82100CCF80090B7EE007AF5
:10CD0000FFF715B8184604F50359B7EE007A4FF04F
:10CD1000804895F8201095F82220C9F81480F0EE8C
:10CD2000471AFFF704B81D46194613E74FF00008ED
:10CD3000FEF720BF23EEA33A75EE639A9FED394AC2
:10CD40009FED399A23EE037A29EEA96AA7EE049A99
:10CD500073EEE31A35EE465AF5EEC01AF1EE10FA0C
:10CD60007FF731AFDFED318A33E718989FED303A26
:10CD7000431EF0EE698AF0EE483AB0EE659AFFF78E
:10CD8000F2B8DEED003A9FED273A9FED279A9FED2E
:10CD90001C4AF7EE009A63EEA34A79EEE36A24EEAA
:10CDA000A47A26EEA66AA7EE039A39EEC65A74EE66
:10CDB000631AD1E7DFED121A002B8FD041E74FF055
:10CDC00000091A4694E74FF0000841E735EE066A7D
:10CDD000FDEEC61AB8EEE11A11EE901A76EE415A3F
:10CDE00025EE800AFDEEC07A17EE905AB2E6F0EE1C
:10CDF000698AF0EE483AB0EE659AFFF750BB00BF83
:10CE000000000000000000C30000FE4224E503080B
:10CE100051969639D1229B3E0AD7233DFF7F0008C9
:10CE2000007000089A99993EA69B443B9A99193F35
:10CE300000FEFFC62DE9F0070A9BD1ED007A04EE53
:10CE4000103AB6EE007AF8EE446AF4EEC77AB7EE1E
:10CE5000006AF1EE10FA86EE260A00F3EB80DFEDB1
:10CE6000770A27EEA01AFCEEC11A11EE906A92ED35
:10CE7000002AD0ED017AD0F80080F1EE002AB4EE5D
:10CE8000E22AF1EE10FAD4BFF0EE424AF0EE624A26
:10CE900034EEE73A03F1FF3923EE000A002B00F0ED
:10CEA000C2800899DFED665AF1EC013A9FED656AA0
:10CEB000654ADFED666A099B33EEA55A08EB060466
:10CEC00025EE064A09F0010CBCEEC47A17EE107A82
:10CED00004EB871A4FEA4A274FEADA5500EE907AB8
:10CEE00002EB850A9AED001ADAED011AB8EE602A13
:10CEF00071EEC12A62EE264A09F1FF35A4EEA21AAC
:10CF000027EE813A77EE807AA3EC013AB9F1000F6F
:10CF100000F08680BCF1000F29D0F1EC013A73EEED
:10CF2000A55A344425EE866A013DBCEEC65A15EE7C
:10CF300010CA04EB8C1A4FEA4A2C4FEADA5704EE77
:10CF400010CA02EB870A9AED007ADAED010AB8EE10
:10CF5000441A70EEC71A61EE266A6F1CA6EEA17A1B
:10CF600027EE872A77EE807AA3EC012A58D0F1ECDD
:10CF7000012ADFED334A9FED333A9FED346A72EEBA
:10CF8000A43A04EB060A63EE835A0AEB0604BCEEED
:10CF9000E55A37EE807A15EE107A0AEB871C4FEAD5
:10CFA0004C2700EE907A4FEADC5A02EB8A0C9CED9B
:10CFB000001A9CED014AF8EE601A74EE416A21EE07
:10CFC000862A023DA2EE261A67EE812A77EE007AC3
:10CFD000E3EC012AF1EC013A73EEA44A24EE833A21
:10CFE000FCEEC35A15EE907A04EB871C4FEADC5A2C
:10CFF0004FEA4C2C05EE10CA02EB8A0ADAED000A61
:10D000009AED011AB8EE454A71EE601A24EE066AEE
:10D010006F1CE6EE210A27EE207AA3EC017AA6D156
:10D02000B04409FB0688C0F80080C0ED017ABDE875
:10D03000F00770474FF0004619E700BF0000804F2F
:10D04000000000420000804CF0C402080000802F65
:10D050002DE9F0070A9CD1ED007A099B089903EEAF
:10D06000904AB6EE007AF8EE636AF4EEC77AB7EE4D
:10D07000006AF1EE10FA804686EE260A00F3C380BD
:10D08000DFED640A27EEA01AFCEEC11A11EE90CA79
:10D0900092ED002A98ED017AD8F80000F1EE002A0E
:10D0A000B4EEE22AF1EE10FAD4BFF0EE424AF0EE0E
:10D0B000624A34EEC73A04F1FF3923EE000A002C2D
:10D0C00000F0A48019F0010F05464E46524C5AD08C
:10D0D000F1EC015A9FED514ADFED513A9FED515A63
:10D0E000F3EC017A35EE846A00EB0C0566EE230A58
:10D0F00009F1FF36BCEEE01A11EE107A05EB871A43
:10D100004FEA4A274FEADA5201EE907A04EB820A9C
:10D110009AED002ADAED012AF8EE614A32EEC23ABF
:10D1200064EE856AA6EE832AE7EE027A37EE007A8D
:10D1300043ED017A27E0B1EC017AF3EC017A37EEA6
:10D14000055A36EE807A65EE255A023EFCEEE53A47
:10D1500013EE902A05EB82174FEAD75A7F0201EEB1
:10D16000907A04EB8A0ADAED000A9AED011AB8EE19
:10D17000612A71EE602A22EE066AE6EE220AE6EEE7
:10D18000A07A43ED017AB1EC014A9FED245ADFED1C
:10D19000245A9FED246A74EE053A05EB0C0A63EEFF
:10D1A000A57A0AEB0C05FCEEE70A1A4610EE907A17
:10D1B0000AEB871A4FEA4A274FEADA5301EE107A50
:10D1C00004EB830ADAED001A9AED012AF2EC012A47
:10D1D000F8EE414A32EE613A64EE866A1346E6EEB4
:10D1E000831A77EE006AE7EE212A42ED012A002E2B
:10D1F000A1D1604409FB0C00C8F80000C8ED016A29
:10D20000BDE8F00770474FF0004C41E7F0EE476A89
:10D21000F2E700BF0000804FF0C4020800000042A7
:10D220000000804C0000802F2DE9F003099BD1ED18
:10D23000007A07EE103AB6EE000AF8EE476AF4EE0E
:10D24000C07AF7EE005AF1EE10FAC5EEA60A00F326
:10D25000A9809FED561A67EE811ABCEEE12A12EE04
:10D26000105AD2ED002AD0ED017A0268B1EE003AF0
:10D27000F4EEC32AF1EE10FAD4BFB0EE626AB0EE5B
:10D28000436A76EE673A03F1FF3C23EEA04A002B97
:10D2900000F0828005EB02084FEA4824444ADFEDA3
:10D2A000454A089B4FEAD85105EE104A02EB810629
:10D2B00096ED007AD6ED016AB8EE450A76EEC75AC9
:10D2C00060EE240A08EB0501A0EEA57A0CF0010639
:10D2D0000CF1FF3427EE871A77EE847AA3EC011A5B
:10D2E000BCF1000F56D0E6B14FEA4129CF0D01EE57
:10D2F000909A02EB870797ED002AD7ED012AB8EE46
:10D30000613A32EEC26A63EE243A013CA3EE862A09
:10D31000661C294467EE824A77EE847AE3EC014A80
:10D3200038D04FEA412905EE109ACF0D02EB87075E
:10D33000D7ED006A97ED010A9FED1E7AF8EE450AD7
:10D3400070EE665A20EE871A2944E1EE256A4FEA0C
:10D350004129CF0D02EE109A67EEA61A02EB87075D
:10D36000E3EC011AD7ED002A97ED013AB8EE426AD4
:10D3700073EE623A66EE074A37EE845AE4EEA32A69
:10D38000023C671C294465EE226A75EE047AE3ECE0
:10D39000016AC6D10CFB05820260C0ED017ABDE8CE
:10D3A000F00370474FF000455BE700BF0000804F7F
:10D3B000F0C402080000802F2DE9F00F0B9CD1ED86
:10D3C000007A0A9B04EE104AB6EE007AF8EE446A40
:10D3D000F4EEC77AB7EE006AF1EE10FA86EE260A8E
:10D3E00000F39080DFED4A0A27EEA01AFCEEC11A86
:10D3F00011EE906A92ED002A90ED017A0768F1EE45
:10D40000002AB4EEE22AF1EE10FAD4BFF0EE425A4E
:10D41000F0EE625A35EEC73A04F1FF3C63EE003A93
:10D42000002C72D037441CF0010F3C466546394948
:10D4300037D04FEA4729FA0D05EE109A01EB820525
:10D4400095ED000A95ED016ADFED334AF3EC017AC0
:10D45000B8EE454A76EE400A24EE241A0CF1FF3568
:10D46000A1EE200ABC19E7EE007A37EE237A43EDED
:10D47000017A16E004EE10BAD9ED000A99ED015ACE
:10D48000F3EC017AB8EE441A35EE607A61EE251AB3
:10D49000023DE1EE870A36EEA37AE6EEA07A43ED8E
:10D4A000017A4FEA44284FEAD45A01EE908A01EB00
:10D4B0008A0B9BED002ADBED012ADFED175AB8EE4F
:10D4C000613A72EEC26A23EE250A1A46A0EE262AB7
:10D4D0003444E30DF2EC014AE7EE024A01EB830922
:10D4E0004FEA442B1346344477EE236A42ED014A57
:10D4F000002DBFD10CFB06770760C0ED016ABDE8C7
:10D50000F00F70474FF0004674E7F0EE476AF3E71C
:10D510000000804FF0C402080000802F2DE9F00FBA
:10D520000B9CD1ED007A089D0A99D3ED014A05EED6
:10D53000104AB6EE007AF8EE456AF4EEC77AF7EED6
:10D54000005AF1EE10FA85EEA60A9946D3ED006A6C
:10D5500000F3C480DFED650A27EEA01AFCEEC11AC5
:10D5600011EE90CA92ED002AD0ED017A0368B1EE77
:10D57000006AB4EEC62AF1EE10FAD4BFB0EE424A09
:10D58000B0EE464A74EE672A22EE800A002D00F0C3
:10D59000A280012202FA05F603EE906AFAEEEB3A57
:10D5A00004F1FF3A002C00F09C801AF0010F1C4699
:10D5B00055464F4A4FD076EEA44A9FED4E5A9FED06
:10D5C0004E7ADFED4E5AA3EEA45A03EB0C040AF197
:10D5D000FF35F0EE664A65EE076AFCEEE60A10EEED
:10D5E000907A04EB87184FEA48264FEAD85B01EEA1
:10D5F000106A02EB8B07D7ED001A97ED012AB8EEFF
:10D60000416A1CE073EE266A023DA3EEA65AF0EED4
:10D61000434A25EE255AFCEEC55A15EE908A04EBD6
:10D62000881B4FEA4B274FEADB5607EE107A02EBD6
:10D630008608D8ED001A98ED012AF8EE475A32EE26
:10D64000614A66EE252AE2EE841A67EEA16A77EE59
:10D65000807AE1EC016A9FED275ADFED275A9FEDB2
:10D66000276A36EEA43AB0EE457AA3EE837A04EB4D
:10D670000C0B0BEB0C0467EE254AFCEEE40A10EEF3
:10D68000906A0BEB86177E024FEAD75801EE106ABC
:10D6900002EB880BDBED001A9BED012AB8EE414A44
:10D6A00072EE612A24EE063AE3EE221A27EEA13A40
:10D6B00077EE807AA1EC013A002DA3D163440AFBF6
:10D6C0000C330360C0ED017A89ED003AC9ED016ABF
:10D6D000BDE8F00F7047DFED0A3A61E74FF0004C0C
:10D6E00040E7B0EE663AF0EE646AEAE70000804F89
:10D6F000F0C40208000000420000804C0000802FAF
:10D70000000000002DE9F00F0B9CD1ED007A089D80
:10D710000A99D3ED014A05EE104AB6EE007AF8EE0A
:10D72000456AF4EEC77AF7EE005AF1EE10FA85EE8C
:10D73000A60A9946D3ED006A00F3DF80DFED730A95
:10D7400027EEA01AFCEEC11A11EE908A92ED002A83
:10D75000D0ED017A0368B1EE006AB4EEC62AF1EEAC
:10D7600010FAD4BFB0EE424AB0EE464A74EE672AD1
:10D7700022EE800A002D00F0BD80012202FA05F69B
:10D7800003EE906AFAEEEB3A04F1FF3A002C00F057
:10D79000B7801AF0010F1D4656465D4C61D076EEFB
:10D7A000A44A9FED5C3ADFED5C5A9FED5C5AF1ECC8
:10D7B000010AA3EEA43A03EB08050AF1FF36F0EEE6
:10D7C000664A63EE256ABCEEE61A11EE107A05EBA6
:10D7D000871B4FEA4B224FEADB5C01EE902A04EBF9
:10D7E0008C0797ED002A97ED016AB8EE614A76EE54
:10D7F000422A24EE057AA7EE222A67EE826A77EEA5
:10D80000807A30EEA63A01ED013A2AE077EE266AF8
:10D81000B1EC012AA3EEA65A023E25EE255AFCEEF3
:10D82000C55A15EE902A05EB821C4FEA4C274FEAA9
:10D83000DC5B07EE107A04EB8B0C9CED004A9CED50
:10D84000016AB8EE473A76EE442A23EE011AA1EEB9
:10D85000224A67EE846A77EE807A72EE260A41EDFC
:10D86000010A9FED2C5ADFED2C5A9FED2C1A76EE13
:10D87000A40AF0EE454AE3EEA04A05EB080707EBE1
:10D8800008050A4664EEA51AB2EC012ABCEEE16A6C
:10D89000114616EE10CA07EB8C1B4FEA4B2C4FEAD1
:10D8A000DB5704EE10CA04EB870B9BED007A9BED6F
:10D8B000013AF8EE442A73EE470A62EE814AA4EE7A
:10D8C000A07A27EE877A77EE807A72EE071AF0EE6A
:10D8D000474A42ED011A002E98D143440AFB08330F
:10D8E0000360C0ED017A89ED007AC9ED016ABDE8F7
:10D8F000F00F7047DFED0A3A46E74FF0004825E7A2
:10D90000B0EE667AF0EE646AEAE700BF0000804F8E
:10D91000F0C40208000000420000804C0000802F8C
:10D92000000000002DE9F00F2DED048B90B091ED7B
:10D93000007A1F9D1C9E1E9C029303EE905AF6EEE9
:10D94000006AF8EE637AB4EEE67AB7EE006AF1EEBA
:10D9500010FA86EE270AD3ED013A93ED006A00F340
:10D960005081DFEDAC0A27EE201AFCEEC11A11EE51
:10D97000907A92ED002AD0ED012A91ED015A0368C8
:10D980000497F1EE005AB4EEE52AF1EE10FAC8BFA2
:10D99000B0EE652A32EE623AF6EE004A23EE004A15
:10D9A000B4EEE45AF1EE10FACDED0A2A8DED0D4AEF
:10D9B000079300F323819FED978A65EE088ABCEEFA
:10D9C000E89A19EE107AD2ED019AD0ED037AD1EDF2
:10D9D000020A81680597B1EE007AF4EEC79AF1EE7B
:10D9E00010FAC8BFF0EE479A79EEE76AB6EE001A71
:10D9F00066EE801AF4EEC10AF1EE10FACDED0B7A64
:10DA0000CDED0E1A089100F3F6809FED822A60EEAC
:10DA1000822ABCEEE25A15EE107A92ED023AD0ED6F
:10DA2000054A02690697F1EE005AB4EEE53AF1EEC6
:10DA300010FAC8BFB0EE653A33EE644ACDED0C4A39
:10DA400024EE000A09928DED0F0A002E00F0D0801E
:10DA50004FF0010808FA06F609EE906AFAEEEB9A22
:10DA60006A1E002D00F0D080059D069B0193DDF815
:10DA700010B09DED0D9ADDED0E8A9DED0F8ADDF85B
:10DA80001CA0DDED0A4ADDF820909DED0B5ADDF873
:10DA90002480DDED0C5A604B0390AC4601E0B0EE03
:10DAA000676ADFED5E6A9FED5E7A01999FED5D0A20
:10DAB000F4EC011A76EE233AF0EE660AE9EEA30AD8
:10DAC0000AEB0B0609EB0C05414420EE871A013ADC
:10DAD000BCEEC12AB0EE661A12EE100A06EB8019EF
:10DAE0004FEA49274FEAD95A02EE907A03EB8A08A7
:10DAF00098ED004AD8ED017AB8EE623A77EEC43A72
:10DB000063EE000A34EE892AA0EEA34AB246A94683
:10DB100078EE852AA4EE841A884638EE253A21EE5E
:10DB2000074AF0EE463AFCEEC47AF0EE424A17EEAF
:10DB3000907A05EB8717F80D7F0200EE907A03EBE1
:10DB4000800797ED004A97ED011AF8EE607A31EE02
:10DB5000441A67EE800AA0EE814AE4EE056AB0EE50
:10DB6000625A66EE876ABCEEE67A17EE107A01EB2F
:10DB70008717F80D7F0204EE107A03EB800797ED0C
:10DB8000001AD7ED010AF8EE447A70EEC16A27EE6A
:10DB9000800A501CA0EE261A61EE257AF0EE435A58
:10DBA00071EEA71A44ED011A7FF479AF0398079636
:10DBB0008DED0A2A0895CDED0B2A09918DED0C3AD1
:10DBC00007AB0ECB029DDDF828B00B9E0C9CC0F875
:10DBD00004B0C6604461016082600361C5ED007AF3
:10DBE00085ED016A10B0BDEC048BBDE8F00F704705
:10DBF000DFED0D9A34E74FF000470EE74FF0004796
:10DC0000E1E64FF00047B4E6F0EE467AB0EE636A24
:10DC1000D6E700BF0000804FF0C4020800000042B9
:10DC20000000804C0000802F000000002DE9F00F64
:10DC300088B0D1ED006A139D109E129C93ED014AAD
:10DC400007EE105AB6EE006AF8EE477AF4EEC66AAE
:10DC5000B7EE000AF1EE10FAC0EE270AD3ED007A13
:10DC600000F3E9809FED781A66EE811ABCEEE12A96
:10DC700012EE107AD2ED002A90ED013A91ED015AA0
:10DC800001680097F1EE005AF4EEE52AF1EE10FA81
:10DC9000C8BFF0EE652A72EEC33AF6EE004A23EEF4
:10DCA000A07AB4EEE45AF1EE10FA8DED043A8DED5F
:10DCB000067A029100F3BC80DFED636A25EE260A46
:10DCC000BCEEC06A16EE107A92ED011AD0ED031A7E
:10DCD00082680197B1EE002AB4EEC21AF1EE10FA92
:10DCE000C8BFB0EE421A71EE612ACDED051A62EEA0
:10DCF000A00A0392CDED070A002E00F096800121C4
:10DD000001FA06F601EE106ABAEEEB1A691E002D52
:10DD100000F09480DDF800909DED060ADDF80480A7
:10DD2000DDED070ADDF808B0DDED046ADDF80CA0D2
:10DD30009DED057A454A01E0F0EE457A9FED445AA3
:10DD40009FED446ADFED445AF4EC012A37EE844A31
:10DD5000B0EE453AA1EE043A0BEB090608EB0A05D2
:10DD6000013963EE063A36EE803AFCEEE34A70EE95
:10DD7000873A14EE907A06EB871C4FEA4C274FEA5D
:10DD8000DC5A01EE907A02EB8A0BDBED004A9BED48
:10DD9000012AB8EE614A32EE642A64EE251AB346CF
:10DDA000E1EE824AAA46B0EE674AA6EEA45AF0EE29
:10DDB000436A25EE065ABCEEC56A16EE107A05EBEC
:10DDC000871C4FEADC574FEA4C2C04EE90CA02EB5A
:10DDD000870CDCED001A9CED015AB8EE642A35EE92
:10DDE000616A62EE255A4F1CE5EE861A21EE875ACB
:10DDF000B0EE637A72EE852A44ED012A9CD1029638
:10DE00008DED043A0395CDED053A049E059C029DE7
:10DE1000039A4660C4600560826083ED005AC3EDDA
:10DE2000017A08B0BDE8F00F70479FED0C1A6DE75E
:10DE30004FF0004748E74FF000471BE7B0EE675A46
:10DE4000F0EE447AE1E700BF0000804FF0C4020822
:10DE5000000000420000804C0000802F0000000005
:10DE60008B68AF2B30B427D90A68B03B02F1B004FD
:10DE70002B2B8B600C60426122D90D682C3B05F185
:10DE80002C020F2B8B600A60C5611DD90D68103BF9
:10DE900005F110048B600C6029460C4D0C4C81611F
:10DEA0000B224FF03F4C0021456084600260C0F8B7
:10DEB0000CC0016130BC704700222B2B4261DCD8C2
:10DEC00000250F2BC561E1D80021E6E79A99993D1D
:10DED00000003041F3EE047A20EE270A2DE9F00F1E
:10DEE000BDEEC07ADFF858810669406917EE103A36
:10DEF00017EE10AA002BF8EEC70A03F1030903EA94
:10DF00000808B8BFCA46B8F1000F84B030EE600A06
:10DF100000EB06164FEAAA044DDB002306EB88004F
:10DF2000C4F1050A019302900125444C0AEB030752
:10DF300084FB070BB9EB030C4FEAE77048BF0CF109
:10DF4000030CC0EB6B0B0BEB8B004FEAAC0C4FF0F0
:10DF5000010B0BFA0CFC381A071D01EE10CA84FBEA
:10DF600007B44FEAE77BCBEB6404F8EEC11A04EB8D
:10DF7000840CB5EE002A4345CCEB070461EE822AFF
:10DF800036D0D6ED006AB4BFA700870026EEA23ACD
:10DF900001EB070B17448BED003A87ED002A8BB19C
:10DFA000042D03D0013301350436BEE7019804B0D7
:10DFB000BDE8F00F704708F1FF3565F0030707F182
:10DFC0000108AAE7B8F1000F08DC4FF0010707FAD3
:10DFD00000F0019F47EA00000190E3D1DDF804C0A2
:10DFE000012707FA04F44CEA040BCDF804B0D9E792
:10DFF000029FD7ED003A4FEA800CF7EE005A01EB92
:10E000000C0B22EEA34A944475EEC04ACDF80CC026
:10E010008BED004AA70034EE046A20EE025A64EE4B
:10E02000827ADDF80CB001EB070C17448CED006A26
:10E0300087ED005ACBED007AB1E700BF67666666F0
:10E0400003000080F8B588422DED028B06460F468E
:10E0500037D0051DA94234D0AC466446B4EC018AE1
:10E06000D6ED007AB4EEE78AF1EE10FA62461AD4E1
:10E0700015ED010AB4EEC08AF1EE10FA24D5ACF128
:10E08000040382ED000A1A4633ED010AB4EEC08A99
:10E09000F1EE10FAF5D4BC4282ED008A05F10405D8
:10E0A0000FD0A446D9E7A81B811004D08A00A01A7B
:10E0B00031461AF088FABC4286ED008A05F1040563
:10E0C000EFD1BDEC028BF8BD6246E4E7F0B4571E19
:10E0D00007EBD7734FEA630C6145B8BF0D465BDAB7
:10E0E0006C1C630000EB830600EBC40416ED017AA0
:10E0F000D4ED007AF4EEC77AF1EE10FA00EB850762
:10E1000004D5013B00EB8304D4ED007A63451D4642
:10E11000C7ED007AE4DBD50705D4023A02EBD275ED
:10E12000B3EB650F2BD05A1E02EBD2758B424FEA30
:10E13000650220DD00EB820CDCED000AB4EEE00AA3
:10E14000F1EE10FA09DC16E0D5ED000AB4EEE00AB3
:10E15000F1EE10FA0DDD13463A46541E04EBD47668
:10E1600000EB830377109142C3ED000A00EB8705B3
:10E17000EADB00EB820484ED000AF0BC7047013357
:10E180004FEA430C00EB8C060CF1FF3356F8047C8D
:10E19000276000EB8304C6E700EB81040B46BAE777
:10E1A0000B1A432B2DE9F0470646174640F396819C
:10E1B000002A00F0818000F10408D81006EB8004EA
:10E1C00094ED007AD6ED017A51ED016AF4EEC77A4A
:10E1D000F1EE10FA07F1FF3750D5B4EEE67AF1EE22
:10E1E00010FA55D4F4EEE67AF1EE10FA5BD5D6EDDE
:10E1F000000AC6ED006A41ED010A96ED010AD6ED6E
:10E20000007AB4EEE70AF1EE10FA8A46C44629D540
:10E210000CF104094D46B9EC010AB4EEE70AF1EE3F
:10E2200010FAF7D4F4EEE70AF1EE10FAAAF1040AB4
:10E2300006DD7AED010AF4EEE70AF1EE10FAF8DCF9
:10E24000554511D2AC46ECEC010A8AED000A95ED79
:10E25000010AD6ED007A5AED010AB4EEE70AF1EEB2
:10E2600010FAD5D46546DDE728463A46FFF798FF11
:10E27000AB1B432B78DD07B329469EE7F4EEE67A25
:10E28000F1EE10FA0FD4B4EEE67AF1EE10FAAED455
:10E29000326886ED007A226096ED010A51ED010A9E
:10E2A000D6ED007AADE796ED000AC6ED007A86ED70
:10E2B000010A51ED010AA4E70D464FEAA308A8F1AF
:10E2C00002014C10631C14F0070906EB83077DD094
:10E2D00021463046424637ED010AFFF7F7FEB9F115
:10E2E000010F04F1FF3471D0B9F1020F33D0B9F14D
:10E2F000030F28D0B9F1040F1DD0B9F1050F12D0CA
:10E30000B9F1060F07D021463046424637ED010AE3
:10E31000FFF7DCFE013C21463046424637ED010A5C
:10E32000FFF7D4FE013C21463046424637ED010A54
:10E33000FFF7CCFE013C21463046424637ED010A4C
:10E34000FFF7C4FE013C21463046424637ED010A44
:10E35000FFF7BCFE013C21463046424637ED010A3C
:10E36000013CFFF7B3FE31E0BDE8F08717ED020A8C
:10E37000FFF7ACFE17ED030AA11E30464246FFF739
:10E38000A5FE17ED040AE11E30464246FFF79EFE49
:10E3900017ED050A211F30464246FFF797FE17ED9D
:10E3A000060A611F30464246FFF790FE203FA11F3C
:10E3B00097ED010A30464246FFF788FEE11F3046DE
:10E3C000424697ED000A083CFFF780FE30462146A2
:10E3D000424604F1FF3A17ED010AFFF777FE514676
:10E3E00042463046002CC1D1A946306815ED010ADD
:10E3F00049F8040DC6EB0907C6EB050EBA10304606
:10E400002146AEF10805FFF761FE072FC5F3810530
:10E4100062DD4DB3012D19D0022D0BD0326819EDFC
:10E42000010A49F8042DC6EB090321469A1030462B
:10E43000FFF74CFE316819ED010A49F8041DC6EBDF
:10E440000904A21030460021FFF740FE306819EDA4
:10E45000010A49F8040DC6EB0907BA10304600213D
:10E46000FFF734FE072F3BDDC84638ED010A35685B
:10E4700049F8045CC6EB080A47464FEAAA02304650
:10E480000021FFF723FE37ED010AD6F800C048F857
:10E4900004CCBA1B921030460021FFF717FEA9F1F9
:10E4A0000C01336817ED010A49F80C3C8C1BA210D3
:10E4B00030460021FFF70AFE306819ED040A49F8DA
:10E4C000100DC6EB0905AA1030460021FFF7FEFD2E
:10E4D000072DC9DCBDE8F087BDE8F087BDE8F0870F
:10E4E000BDE8F0872DE9F041A24BD0F81480C66951
:10E4F000A14CA249844608F10C02043E03F1B00E7F
:10E50000DCE0DFED9F3AF4EE637AF1EE10FA00F012
:10E51000FF809FED9C4AF4EE447AF1EE10FA00F091
:10E52000F780F2EE084AF4EE647AF1EE10FA0CBFCE
:10E530000025012553ED027A9FED937ADFED935A82
:10E540009FED936A37EE870AF4EE467AFDEEC06AD5
:10E55000F1EE10FAB8EEE65A16EE900A70EE450AA1
:10E5600004EB800760EEA51A97ED001ABDEEE12AD4
:10E5700012EE100A01EB8007D7ED002A21EE223AB5
:10E5800002ED023A15D0DFED7E3AF4EE637AF1EE59
:10E5900010FA0ED09FED7B4AF4EE447AF1EE10FAB9
:10E5A00007D0F2EE084AF4EE647AF1EE10FA18BFE2
:10E5B000013553ED017A9FED747ADFED745A9FEDCA
:10E5C000746A37EE870AF4EE467AFDEEC06AF1EE21
:10E5D00010FAB8EEE65A16EE900A70EE450A04EB11
:10E5E000800760EEA51A97ED001ABDEEE12A12EE43
:10E5F000100A01EB8007D7ED002A21EE223A02ED46
:10E60000013A15D0DFED5E3AF4EE637AF1EE10FADE
:10E610000ED09FED5C4AF4EE447AF1EE10FA07D08A
:10E62000F2EE084AF4EE647AF1EE10FA18BF013502
:10E63000D3ED007A9FED547ADFED545A9FED546A82
:10E6400037EE870AF4EE467AFDEEC06AF1EE10FA74
:10E65000B8EEE65A16EE900A70EE450A04EB800713
:10E6600060EEA51A97ED001ABDEEE12A12EE100A2F
:10E6700001EB8007D7ED002A21EE223A82ED003A25
:10E6800015D0DFED3F3AF4EE637AF1EE10FA0ED0DA
:10E690009FED3C4AF4EE447AF1EE10FA07D0F2EE28
:10E6A000084AF4EE647AF1EE10FA18BF013510331F
:10E6B000734546F8045F02F110022BD053ED037A44
:10E6C0009FED317ADFED315A9FED316A37EE870ADF
:10E6D000F4EE467AFDEEC06AF1EE10FAB8EEE65AB4
:10E6E00016EE905A70EE450A04EB850060EEA51A0E
:10E6F00090ED001ABDEEE12A12EE107A01EB8705CB
:10E70000D5ED002A21EE223A02ED033A7FF4F9AE6C
:10E7100000250FE7DCF8187000223D46DCF81000F9
:10E7200002EB800108EB8104D4ED007AB0EE007AB0
:10E73000F4EEC77AF1EE10FA0ADDF6EE005A67EE53
:10E74000A57AB0EE006AF4EEC67AF1EE10FAF4DCC7
:10E750000132042AE5EC017AE0D107F110063146D6
:10E760003846FFF71DFD38463146FFF76BFCBDE824
:10E77000F08100BF14AD030824E5030828E903086D
:10E78000EC51E0400AD73F410000004300008043C5
:10E790000AD7233C704700BF8B688F2B10B443D936
:10E7A0000A68903B02F190048B600C600021C0F875
:10E7B000B820016141618161C16101624162816290
:10E7C000C162016341638163C16301644164816427
:10E7D000C164016541658165C16501664166816607
:10E7E000C166016741678167C167C0F88010C0F8E2
:10E7F0008410C0F88810C0F88C10C0F89010C0F8D1
:10E800009410C0F89810C0F89C10C0F8A010C0F880
:10E81000A410C0F8A810C0F8AC10C0F8B010C0F830
:10E82000B4105DF8044B70470022BFE7D0F8B83051
:10E8300003F190001946002241F8042B243343F8D9
:10E84000202C4A6043F8182C43F8142C43F8102C61
:10E8500043F80C2C43F8082C43F8042C9842E9D1D7
:10E86000704700BFF7EE007A87EEA03A2DE9F00777
:10E8700071EE276A73EE671A06EE103A81EEA62A49
:10E88000B8EE467AF6EE003A77EE672A23EEC23A01
:10E8900032EE824AA4EE003A002B00F01581DFF838
:10E8A00038C29FED8B5A0CF10408161F002000EEB1
:10E8B000100AF8EEC04AF5EE007A74EEC35ADFEDA6
:10E8C000851A56F8044F9FED822AF0EEE56A26EE8F
:10E8D000A06AB7EE007AE6EE017A01EB8409013016
:10E8E00077EE462AFDEEE73AB0EEE24AB8EEE30AEA
:10E8F00074EE224A77EEC07A64EEA46A67EEA15AFB
:10E90000D9ED001ABDEEE56A984216EE107A4FEA8C
:10E9100087050CEB050A4544DAED003A95ED004A0F
:10E92000F8EEC62A74EE634A35EEE20AB0EE616A8A
:10E93000E0EE243A73EE877A66EEA76A66EEA65A90
:10E9400095EEA56AE6EE021AC9ED001A35EE215AD7
:10E95000ADD1C7EE050A134602EB800053F8046BF5
:10E9600001EB860C821A141F8342C4F382079CEDCC
:10E97000001A21EE203A8CED003A00F0A580002F1D
:10E9800053D0012F45D0022F39D0032F2DD0042F83
:10E9900021D0052F15D0062F09D053F8045B01EBC9
:10E9A000850898ED002A22EE207A88ED007A53F847
:10E9B000046B01EB8609D9ED001A61EEA03AC9EDAE
:10E9C000003A53F8042B01EB820A9AED004A24EE38
:10E9D000200A8AED000A53F8044B01EB840CDCEDAD
:10E9E000004A64EEA07ACCED007A53F8047B01EB88
:10E9F0008705D5ED006A66EEA05AC5ED005A53F8BA
:10EA0000046B01EB860898ED006A66EE202AC8EDDB
:10EA1000002A53F8042B01EB820999ED005A25EEE8
:10EA2000201A834289ED001A4ED09A465A685AF845
:10EA3000048BDF681E695D699C69DAF804C0D3F84D
:10EA40001CA001EB880999ED003A23EE202A01EB86
:10EA5000820889ED002A98ED007A67EE201A01EB12
:10EA60008C0CC8ED001ADCED003A23EEA04A01EB55
:10EA700087078CED004A97ED000A60EE204A01EB13
:10EA80008606C7ED004AD6ED007A67EEA06A01EB74
:10EA90008505C6ED006AD5ED005A25EEA06A01EBAA
:10EAA000840485ED006AD4ED002A22EEA05A01EB21
:10EAB0008A0A84ED005A9AED001A203321EE203A9A
:10EAC00083428AED003AB0D1BDE8F007704700BF3D
:10EAD0006F12833A00000044F0C402082DE9F04FA1
:10EAE000D1ED016A9FED947A2DED108BF2EE027A52
:10EAF00036EEE70AB3B0B4EEC70AF1EE10FADDF86D
:10EB000030B104461646984600F1FA82DFED8B0AD2
:10EB1000B4EEE00AF1EE10FA40F3F9800023FF278B
:10EB200091ED048ADFED865A91ED036A9FED855AD7
:10EB3000DFED858A8548864DCDED0A8AB7EE00AABD
:10EB4000A8EE65AA00EB870905EB830ADDED0AEA6A
:10EB5000D9ED00BA9AED00CAD1ED029A9FED7D9AE7
:10EB6000CDED0B9A2AEE06BAF3EE00AA6BEE05CABB
:10EB700028EE2ADA6CEE8BDA2BEE8CEAEDEE8BEADD
:10EB8000D4F8B810744A9DED0B0ACDED0AEA2DEECB
:10EB900008FA6EEE09FA20461823F0EE6E0AB0EE7F
:10EBA0004F1A8DED0CFACDED09FAFFF75BFEDDEDA6
:10EBB000096A94ED057AD4F8B810F6EE007AF4EE0E
:10EBC000E76AF1EE10FA05EE90BAB8BFF0EE667A99
:10EBD00037EEC70AF8EE658A084680EE288A0DF1FE
:10EBE000400E04F11809002704F1100C49E0DFED94
:10EBF0005B9A9646BEEC01AAD0ED00AA0AED01AAE6
:10EC00009AEEA9AA0237CCF110090BEE107A8AEE1F
:10EC100028CAA144554691444AF8089CCCF11009F1
:10EC2000A144CE44083002F10809F8EECBBAB6EEA2
:10EC300000DA67EEABCA1CEE103AF4EECDCAF1EE84
:10EC400010FABEBFB7EE00DAB0EE00CAACEECCDA16
:10EC500045F80C3BD2ED01DAA8BF9FED40DA50ED4C
:10EC6000015A45F808ECB0EE6DEA95EE8DEA0C2FEE
:10EC70000AF1180E45ED01DA8EEE28FA8AED03FA54
:10EC800072D0013700EE907AB8EEE01AF6EE001A74
:10EC900027EE812A4A46B4EEE12AF1EE10FABEBF11
:10ECA000F0EE005AF7EE001AE2EE651A07F10105E0
:10ECB000CCF11003F2EC012AA8BFDFED281AF0EC2A
:10ECC000014A4EED012AB0EE623A94EEA13A234495
:10ECD0004B4404EE105AC3EE283A4EF8083CF24674
:10ECE000F8EEC45AB6EE006A27EEA55A13EE903A33
:10ECF000B4EEC65AF1EE10FA4AF80C3BBFF677AF05
:10ED0000B0EE009AF7EE009AE5EE499A71E79FEDB2
:10ED1000141ADFED141A30EE012AFDEEC24AF8EEA5
:10ED2000E42A14EE907A32EE623A63EE213ABDEEB6
:10ED3000E34A14EE103AF3E6000000C30000FE427E
:10ED40009A99193F52B8FE3F0AD7233C24E503089D
:10ED500028E9030851969639D8AD03080000000051
:10ED600000000043000080430BF1FF35BBF1000FB2
:10ED700000F0DA80DFF898A39DED10BADDED13AA5C
:10ED80009DED16AADDED199A9DED1C9ADDED1FBAD9
:10ED90009DED22CADDED25CA9DED28DADDED2BDAE9
:10EDA000DDED2EEA9DED31EA9DED0F0ADDED120A53
:10EDB0009DED151ADDED181A9DED1B2ADDED1E2ABD
:10EDC0009DED213ADDED243A9DED274ADDED2A4AFD
:10EDD0009DED2D5ADDED305ACDED018A0AF1040C7E
:10EDE0002B463046D4ED04FADFEDC76A37EE087AD9
:10EDF000F7EE007A77EE2F8A30EE0B6AF4EEE78AB0
:10EE0000F1EE10FAA8BF78EEE78ADFEDC07AC4ED24
:10EE1000048A28EEA6FAF6EE008AFDEECFFA31EE6D
:10EE20000A1A1FEE902A4FEA82090AEB0907E14409
:10EE3000B8EEEF0AD7ED006AD9ED00FA3FEE40FADE
:10EE40007FEEE6FABFEE000AEFEE2F6A013B5A1C96
:10EE500071EEA91AB0EE66FA70EEAA6A7FEE0F0A9A
:10EE600032EE092A60EEA88A72EEAB2AA0EEA80A5A
:10EE7000E8EE867AD0EE808AE0EE267A90EEA80A56
:10EE8000E8EE817AD0EE808AE0EE217A90EEA80A50
:10EE9000E8EE827AD0EE808AE0EE227A33EE0C3A07
:10EEA00090EEA80AE8EE837A73EEAC3AD0EE808A50
:10EEB000E0EE237A34EE0D4A90EEA80AE8EE847A6A
:10EEC00074EEAD4AD0EE808AE0EE247A35EE2E5A0A
:10EED00090EEA80AE8EE857A7EEE255AF0EE40FA2A
:10EEE000E5EEAF7AB0EE460AF0EE660AE0EC017AA3
:10EEF0007FF478AFDDED018A8DED0F6ACDED126AFA
:10EF00008DED151ACDED181A8DED1B2ACDED1E2AAB
:10EF10008DED213ACDED243A8DED274ACDED2A4AEB
:10EF20008DED2D5ACDED305A2F982C9A299BDDF876
:10EF3000C0A0DDF8B490DDF8A8C0269F84ED057A66
:10EF4000DDF89CE0C0F800A0C2F800902398C3F858
:10EF500000C0209A1D9BC7F800E0DDF890A0DDF806
:10EF600084C0DDF878E0C0F800A01A9FC2F800C0A5
:10EF70001798C3F800E0149A119BDDF86C90DDF847
:10EF800060A0DDF854C0DDF848E0C7F80090C0F894
:10EF900000A0C2F800C0C3F800E00E9F9DED09BAC2
:10EFA0000F983860B6EE008AB4EEC8BAF1EE10FAE7
:10EFB00094ED137A0291B8BFB0EE4B8A78EE47AA6F
:10EFC00001F130078AEEA8EA04F150000DF1400A81
:10EFD0004FF00D0E04F148094DE09FED4C1A10461C
:10EFE000F0EC016AD7ED001A43ED016AD1EE816AB7
:10EFF0000EF10101C9F1480C02EE101A86EEA83A92
:10F00000A4441946944443F808CCC9F1480CA444DC
:10F010000EF1020E60440837F8EEC22AB6EE004A3E
:10F0200068EE223A13EE10AAF4EEC43AF1EE10FAAA
:10F03000BEBFB7EE004AB0EE003AA3EEC34A41F8B5
:10F040000CAB92ED015AA8BF9FED304A57ED015A23
:10F0500041F8080CF0EE454AD5EE844ABEF1190F8E
:10F0600002F1080001ED015A84EEA80A03F1180A22
:10F0700083ED030A4ED009EE90EAB8EEE99AB6EEB7
:10F0800000AA68EE09BA0246F4EECABAF1EE10FA26
:10F09000BEBFF0EE005AB7EE00AAABEEE5AA0EF145
:10F0A000010EC9F14801B2EC01CAA8BF9FED17AA31
:10F0B000F7EC015A0AED01CAF0EE4CCAD5EE8ACA45
:10F0C000214401440DEE10EACCEEA8EA53464AF87A
:10F0D000081CF8EECDDAB6EE006A68EE2D7A1EEE68
:10F0E00090AAF4EEC67AF1EE10FA43F80CABBFF634
:10F0F00074AFB0EE00FAB7EE001AA7EECF1A6EE7C3
:10F1000000231F460CE500BF000000440000000083
:10F11000F0C402080299BBF1000F00F03181DDED6F
:10F12000190A9DED1C8ADDED22AA9DED25AADDEDD3
:10F13000289A9DED2B9AC44B9DED1FBADDED31BA97
:10F14000CDED020A8DED038ACDED05AA8DED06AA5F
:10F15000CDED079A8DED089ADDED10FA9DED13FACD
:10F16000DDED16EADDED2EDADDED0FAA9DED12AA3A
:10F17000DDED159A9DED189A9DED1B8A9DED1E0AF9
:10F18000DDED210A9DED241ADDED271A9DED2A2AD9
:10F19000DDED2D2A9DED303A8DED04BACDED01BAAD
:10F1A000181D2A46CDED0D8AD4ED128A9FEDA7BA1F
:10F1B00037EE0E7AF7EE005A37EE28CAF2EE08CA9A
:10F1C000B4EEE5CAF1EE10FAA8BF3CEE65CAB5EEA2
:10F1D00000DAACEE2CDA013AF2EE0A7A6CEE276A2B
:10F1E000BDEECD6AFDEEE63AB8EEC64AB8EEE35A99
:10F1F0007DEE444A2CEE0B4A76EEC5BAFDEEC45ABB
:10F2000064EE8B4A84ED12CA2BEE8B5ABDEEE4CA33
:10F2100015EE907AFDEEC53A4FEA870A1CEE107A99
:10F220004FEA870E13EE907A03EB0A0C8244DAED74
:10F2300000CADFED887AF6EC018AB8EEE5DA4FEA2B
:10F24000870ADCED005A03EB0E0903EB0A0C864437
:10F25000824499ED006ADEED00BADCED006A9AEDB9
:10F2600000BA34EE4D4AB8EECCCA3CEEE5DAF8EE20
:10F27000E33A74EECC4A7BEEC6CAE4EE0D5A571C54
:10F2800035EE635A3BEE66CAA4EEAC6AE5EE0C6A54
:10F2900075EEA55A7AEEAFAA95EEA66AE6EEAA7AC0
:10F2A0003FEE0AAAD5EE866AE6EE0A7A7EEEA99AC3
:10F2B00095EEA66AE6EEA97ADDED02BA9DED03BAF7
:10F2C000DDED043A9DED054A9DED06DADDED074AD8
:10F2D000DDED08CA3BEE899AD5EE866AE6EE097A3C
:10F2E0003BEE088A95EEA66AE6EE887A33EE800A4F
:10F2F000D5EE866AE6EE007A70EE840A95EEA66A8E
:10F30000E6EEA07A31EE0D1AD5EE866AE6EE017AC7
:10F3100071EEA41A95EEA66AE6EEA17A32EE2C2AD8
:10F32000D5EE866AE6EE027A72EEAD2A95EEA66A10
:10F33000E6EEA27ADDED016A36EE833AE3EE067A76
:10F3400078EEA77A46ED017A7FF42EAFDDED0D8AD7
:10F35000CDED0FAA8DED12AACDED159A8DED189A6F
:10F360008DED1B8A8DED1E0ACDED210A8DED241A3F
:10F37000CDED271A8DED2A2ACDED2D2A8DED303ACF
:10F380002F982C9A299BDDF8C0C0DDF8B4E0DDF899
:10F39000A8A084ED137A269EC0F800C0239FC2F86F
:10F3A00000E0C3F800A0209A1D9BDDF89C90DDF8DA
:10F3B00090C0DDF884E0DDF878A0C6F800901A98D7
:10F3C000C7F800C0179EC2F800E0C3F800A0149A66
:10F3D000119BDDF860C0DDF86C90DDF854E0129F01
:10F3E000C0F80090C6F800C0C2F800E01F600E9E92
:10F3F000DDF83CA0C6F800A06031154A9DED0B0A6F
:10F40000DDED0A0A9DED0C1A20460823FFF72AFAC3
:10F41000DDED09CA94ED217AD4F8B810B6EE00EA11
:10F42000F4EE4ECAF1EE10FAB8BFB0EE6CEA7EEE22
:10F4300047FA10AF8FEEA8FA603104F18809002670
:10F4400004F1800C52E000BFF0C402080000004448
:10F45000B8AD0308000000005FED023A1346B3ECBC
:10F46000010A91ED004A0AED010A94EE230A0236E0
:10F47000CCF1800900EE906A80EE281AA144504633
:10F4800091444AF8089CCCF18009A1444B440831CE
:10F4900002F10809B8EEE0DAF6EE001A6EEE0D4A57
:10F4A00011EE107AF4EEE14AF1EE10FABEBFF7EE7B
:10F4B000001AB0EE001AE4EEC11A40F80C7B92ED8F
:10F4C000012AA8BF5FED1D1A51ED01CA40F8083CA2
:10F4D000F0EE422ADCEEA12A0C2E0AF1180700ED0C
:10F4E000012A82EEA83A8AED033A45D001360EEEA3
:10F4F000906AF8EEEEDAB6EE006A2EEE2D5A4A4623
:10F50000B4EEC65AF1EE10FABEBFB7EE006AF0EEE6
:10F5100000CAA5EE6C6A06F10103CCF18000F2ECA2
:10F5200001AAA8BF1FED356AB1EC01CA47ED01AAD7
:10F53000B0EE6AAA9CEE06AA2044484405EE903A32
:10F54000CAEE28BABA4647F8080CF8EEE59AB6EEC5
:10F5500000BA2EEE299A1BEE907AB4EECB9AF1EE19
:10F5600010FA4AF80C7BBFF677AFB0EE008AF7EEE0
:10F57000003AE9EE483A71E7BBF1000F00F0D380A2
:10F58000884E9DED10BADDED13AA9DED16AADDEDB6
:10F59000199A9DED1C9ADDED1F8ADDED22BA9DEDD5
:10F5A00025CADDED28CA9DED2BDADDED2EDADDED85
:10F5B00031EA9DED0F0ADDED120A9DED151ADDED24
:10F5C000181A9DED1B2ADDED1E2A9DED213ADDED79
:10F5D000243A9DED274ADDED2A4A9DED2D5ADDEDB9
:10F5E000305A06F1040BB0EE4FEAD4ED207A9FEDCD
:10F5F0006E6A37EE0E7AB7EE00FA77EE27FAB6EEBD
:10F60000008AF4EECFFAF1EE10FAA8BF7FEECFFA3F
:10F61000DFED667AC4ED20FA6FEE866A30EE0B6A93
:10F62000FDEEE6FA3AEE011A1FEE90CA4FEA8C0A96
:10F6300006EB0A02DA44B8EEEF0A92ED00FADAEDD0
:10F6400000FA76EEC06A7FEECFFABFEE000AA6EEB1
:10F65000AFFA013D6B1C7AEEA06A7FEE0F0A79EEDD
:10F66000A11A20EE888A39EE022AA0EE880AE8EE76
:10F67000067A90EE808AE6EE807A90EE880AE1EED5
:10F68000087A90EE808AE1EE807A90EE880AE2EEC7
:10F69000087A78EEA22A90EE808AE2EE807A3BEE3B
:10F6A000833A90EE880AE3EE087A7CEE233A90EEF5
:10F6B000808AE3EE807A3CEE844A90EE880AE4EE9B
:10F6C000087A7DEE244A90EE808AE4EE807A3DEE60
:10F6D000855A90EE880AE5EE087A7EEEA55AB0EEDD
:10F6E00040FAE5EE8F7AB0EE460AF0EE660AE8ECF4
:10F6F000017A7FF47AAF8DED0F6ACDED126A8DED50
:10F70000151ACDED181A8DED1B2ACDED1E2A8DEDA3
:10F71000213ACDED243A8DED274ACDED2A4A8DEDE3
:10F720002D5ACDED305A2F982C99299A269B9DED74
:10F7300027BADDF8C090DDF8B480DDF8A8C084ED0C
:10F74000217A239FC0F80090209EC1F80080DDED53
:10F7500024AAC2F800C01D9D83ED00BA1A9817991B
:10F76000149A119BDDF884B0DDF878A0DDF86C9078
:10F77000DDF86080DDF854C0129CC7ED00AAC6F821
:10F7800000B0C5F800A0C0F80090C1F80080C2F831
:10F7900000C01C600E9F0F9E3E6033B0BDEC108B0E
:10F7A000BDE8F08FF0C40208000000440000000033
:10F7B000704700BFF0B4204A204F214E214D826394
:10F7C000002300224FF07C541F49C7630664026186
:10F7D0004261C0F8A820C0F8AC208361C361036215
:10F7E00043628362C3620363436383644364C364A9
:10F7F00003654365C3650366836543668366036784
:10F80000C366C0F88030C367C0F88430C0F8883061
:10F81000C0F89C30C0F89830C0F88C50C0F89040C8
:10F82000C0F8A030C0F8A430C0F8B030C0F8B43090
:10F83000C0F89410F0BC704722BA003D0AD7233CB0
:10F84000CAAA7F3F61C0AD3E013F473F704700BF3E
:10F850002DE9F00FD1ED016A9FEDEF7A2DED108BC0
:10F86000F2EE027A36EEE70A84B0B4EEC70AF1EEA1
:10F8700010FA019200F18E87DFEDE80AB4EEE00A9B
:10F88000F1EE10FA40F339830022FF24D1ED045A3F
:10F89000DFF8C0B3DFF8C0A39FEDE15AB1EE006A14
:10F8A00065EE86BAF7EE00CA0BEB84050AEB82061A
:10F8B0003BEEEC9A95ED00DA96ED008ACDED03CAA9
:10F8C000F4EEECBAF1EE10FA6DEE088AB4EEEC9AB2
:10F8D000C8BFF0EE6CBAF1EE10FA28EE85CA8DEDD5
:10F8E000029A40F35B87DFEDDEAA91ED02AA9FED5D
:10F8F000CDBA9FEDCDEAD1ED03DADFEDDAEA0F689C
:10F900009FEDDEFA0097F0EE6A0AEAEE0B0AC7F303
:10F910004002EDEE8EAAFDEEE07ABDEEEA7AB8EE98
:10F92000E71AF8EEC71A30EEC12A7AEEE12A22EE83
:10F930002E3A17EE904AFDEEC33A22EEAE4A13EE8F
:10F94000905AF7EE008A0BEB84080AEB8509F0EE7B
:10F95000004ABFEE005AA5EEA45A009D99ED006A38
:10F9600098ED00DADFEDB19ADFEDB1FADFEDB16AC3
:10F9700091ED050AB1EE4CEAF3EE005AB0EE689A4A
:10F98000BDEEC4BAAEEE259AB1EE008A17EE106A4B
:10F990001BEE107A6DEE06EA6CEE081A0AEB87048D
:10F9A00021EEAE2AB4EE4F5A0BEB860CF1EE10FAB4
:10F9B000D4ED007ADCED000AB4EE4F9A4CBFB0EE05
:10F9C0004F1AB0EE451AF0EE49AAF1EE10FAB5EE74
:10F9D000007AB4EEE82A48BFF0EE4FAA3AEE07AA42
:10F9E000F1EE10FA60EEA72AC8BFB0EE682A15F053
:10F9F00001072AEE293A61EE2A3A62EEAFFAC6EE24
:10FA00008C4A0ED030264FF4907406614461F1EEBA
:10FA10000C9AF0EE086AE0EE296A80ED0BFAC0ED70
:10FA2000076A90ED0DFA1C9DB0EE4F4A90EE2D4AFC
:10FA30006C1E00EE105AB8EE408A84EE085A002D73
:10FA400000F02081019E25460769002F00F0C78243
:10FA5000013F0761002F00F0EA82D0ED07AAC0ED58
:10FA600006AA002A40F0B6829FED739A2AEE89BA60
:10FA7000D0ED08EADFED717A7AEEEE0AE0EEA7EA61
:10FA80003AEEEE7AC0ED08EA77EE0BDAF5EEC0DA80
:10FA9000F1EE10FAC0F2AA824769002F00F08F82BF
:10FAA000013FDFED678A9FED759A4761002F08BF20
:10FAB000B0EE689A80ED0A9AB7EE00DADFED6FAA31
:10FAC00090ED09BAD0ED0B7ADFED5CEA002A18BFA1
:10FAD000B0EE6ADAB2EE04AABFEE000A7DEE4B0A7F
:10FAE000A7EE8A0AA0EEAEBAB5EEC00AF1EE10FAA1
:10FAF00080ED09BAC0F28C829FED52DADFED605AD8
:10FB00009FED4A6A6BEE0D8AB7EE009AABEEA89AAB
:10FB100070EE25AA2AEE86BAABEE2C9A6CEE097A24
:10FB2000F5EEC07AF1EE10FA00F16F82DFED46EAF1
:10FB3000F4EE6E7AF1EE10FAC8BFF0EE6E7A002A9B
:10FB400000F0F081F6EE006AF4EE667AF1EE10FA5B
:10FB5000D0ED139A9FED3D6A3D4FA8BFF0EE667A57
:10FB600037EEA90AB7EE00DAB4EECD0AF1EE10FADC
:10FB7000A8BF30EE4D0AF5EE005A70EE258A60EE11
:10FB800006AA28EE869AFDEEEAEABDEEC9BA80ED35
:10FB9000130A1BEE108A4FEA880C07F1040807EBE2
:10FBA0000C09C444DCED007A99ED001A1EEE90CAEF
:10FBB0004FEA8C09F8EECB0AC8444F4497ED00AAEF
:10FBC000D8ED006AB8EEEE7A37EEC14A79EE602AD7
:10FBD0007AEEC79A36EECA0AA2EE841AA9EE80AA75
:10FBE0003FEE05FA2FEE01DA6FEE0A7A80ED0BDABE
:10FBF000E3EE2D7A013D6F1CD0ED0CDA77EEED5A75
:10FC0000E2EE25DAC0ED0CDAE6EC01DA7FF41CAFA7
:10FC1000009E06F0010735E0000000C30000FE4230
:10FC2000519696390000D8420000A0420AD7A33D61
:10FC30000080BB446F12833A5839343D5655553EC7
:10FC4000CDCC4CBF9A99D93FCDCCCC3E00000044DE
:10FC5000F0C4020824E5030828E90308C3F5A83E18
:10FC60000000004300008043D7573941DB0F494073
:10FC7000CDCC4C3EB1E47F3F5555653F00000000C0
:10FC80003333333FF6EE00BAF0EE6BCAE3EEABCAA5
:10FC900080ED0DFA2CEEAC3AB3EE082A63EE03FACF
:10FCA000F0EE003A2CEEAFFA1FED149A2FEE026A36
:10FCB00073EEEC4AACEEEB6A6CEEA4AA23EE06BA45
:10FCC000B8EE085AACEEABBA7BEE49EAAAEEAE9AB1
:10FCD000B4EEC59AF1EE10FA00F10D85B0EE081AF7
:10FCE000B4EEC19AF1EE10FA00F36385F3EE0B2A3D
:10FCF000B0EE624AF2EE027AA9EE094A29EE27AA8C
:10FD000029EE047AE9EE0A2AF7EE009AC7EE226A93
:10FD100089EEA60A1C9DD0ED2C7A90ED2D7A3BEE53
:10FD200067DA70EE47DACDEE088ACDEE88BA002D9C
:10FD300000F0A881019E04F0030577EEA87AF6ECA6
:10FD4000015A67EEA5CAB8EE082AF4EEC2CAF1EE6F
:10FD500010FA40F1D484BFEE006A37EE2B7A04F13A
:10FD6000FF3C67EE06AA46ED01AA002C00F08A814E
:10FD7000002D4FD0012D31D0022D17D077EEA87A6B
:10FD8000B6EC015A27EE85BAF8EE08EAB4EEEEBA00
:10FD9000F1EE10FA40F1BE84FFEE006A37EE2B7AE6
:10FDA0000CF1FF3C27EE260A06ED010A77EEA87A51
:10FDB000B6EC01DA67EE8DDAF8EE085AF4EEE5DA21
:10FDC000F1EE10FA40F1DB84BFEE00FA37EE2B7A49
:10FDD0000CF1FF3C67EE0F4A46ED014A77EEA87A38
:10FDE000B6EC016A67EE86AAB8EE085AF4EEC5AA28
:10FDF000F1EE10FA40F1B884FFEE000A0CF1FF3C7E
:10FE000037EE2B7ABCF1FF3F27EE20AA06ED01AAC0
:10FE100000F03881B14677EEA8DAF9EC01EA6DEE30
:10FE2000AEFAB8EE089AF4EEC9FAF1EE10FA00F163
:10FE30001B81B0EE086AF4EEC6FAF1EE10FA00F398
:10FE40002884B3EE0BFAF0EE4F6AB2EE02DAEFEE70
:10FE5000AF6A2FEE8D4A2FEEA60AAFEE84FAC0EEFF
:10FE60000F7A4E460CF1FF3C37EE2B7A3DEEA82A76
:10FE700067EE274AB8EE08BA49ED014AB6EC015AD6
:10FE800022EE053AB4EECB3AF1EE10FA40F1EF80F3
:10FE9000FFEE000A77EE2B2A72EE28DA62EEA03A25
:10FEA000F8EE08EA46ED013AD9ED01FA2DEEAF9AE7
:10FEB00009F10808B4EEEE9AF1EE10FA40F1C980AB
:10FEC000FFEE004A32EEAB7A7DEEA87A27EE242AC6
:10FED000B8EE085A08ED012A99ED023A27EE83BAE6
:10FEE00009F10C06B4EEC5BAF1EE10FA40F1A680A5
:10FEF000FFEE000AACF1030C82E71FEDA71A5FEDDD
:10FF0000A71A30EE012AFDEEC22AB8EEE23A12EE4E
:10FF1000904A72EE433A23EEA14AFDEEC44A14EE33
:10FF2000902AB3E4F7EE000AB0EE601AAFEEA71A1B
:10FF30005FEDB32A1FEDB37A90ED0A4A1FEDB4AA24
:10FF4000D0ED116AD0ED129A80EE810A27EEA2DA86
:10FF5000F0EE60AAA7EE8D7AF0EE6D5A27EE879A42
:10FF6000E4EE4A5AE9EE00AA26EEC06AE9EE09AAD2
:10FF7000A4EEA56AC0EEAAEAA9EE666AF0EE667A79
:10FF800036EE69BAB0EE691A6EEE8B0A80ED0F0A92
:10FF9000E9EE207AC0ED10EAA9EE271AF0EE672A02
:10FFA000B0EE417AE9EE202AA9EE277A80ED0E9A8A
:10FFB00080ED0B1A80ED127AC0ED112A18E690ED53
:10FFC0000A0A1FEDD46A1FEDD3DA60EE065AC0EDBF
:10FFD0000A5A73E55FEDD7AAB0EE6ABA48E590ED2C
:10FFE000066A1FEDDBDA66EE0DAA38E53DEEADAA36
:10FFF0001FEDDD1AF0EECA2AF7EE009A32EEA94A9A
:020000040801F1
:100000006AEE016AC6EE84DA46E55FEDE47A96E5CB
:1000100030EE007A1FEDE61AF0EEC72AF7EE009AEE
:1000200032EEA94A67EE016A86EE840A64E5D0EDF5
:10003000075AF7EE008A75EEE8AA10E5B0EE081A46
:10004000B4EEC1BAF1EE10FA40F31283F7EE000AF3
:1000500050E7B0EE086AB4EEC69AF1EE10FA40F33B
:100060001C83F7EE004A2DE7FFEE007AF9E6B0EECA
:10007000081AB4EEC13AF1EE10FA40F31F83F7EE1E
:10008000000A07E780ED2D7AC0ED2C7AD1ED058AC4
:10009000D1ED02DAD1ED03BA002A00F0218391ED0F
:1000A000040AF0EE406A76EEA6EAB7EE00DA7EEEDB
:1000B000CD5AF4EECDEAF1EE10FAF5EEC05AC8BF13
:1000C000F0EE4DEAF1EE10FA00F1BF8365EEA5CA3D
:1000D000B1EE002AB0EE4D3AACEE823ADFED4DFAC9
:1000E000DFED4D3A23EE2F9A29EE23FACDEE0F4A9B
:1000F0007DEE64FADFED49AA9FED495A9FED49BABA
:10010000DFED490A9FED4F6A90ED167A9FED471A91
:10011000F0EE6A2AEDEE852A2BEEAB4ABDEEE2AA9E
:10012000E4EE4BAAF8EECABAFDEEEA9A72EEEB7A6A
:10013000F8EEE96A27EEA0DA7AEEE65AFDEECDCACD
:100140001AEE101A25EEA02A1CEE906AF7EE00AA0D
:100150000BEB81080AEB860CFDEEC24A98ED009A83
:100160009CED003AF2EE003AB0EE6AFAAEEE23FAF7
:1001700019EE905A14EE901A29EE035A0BEB850BE8
:100180000AEB810A21EE859A9BED00BADAED001A9E
:10019000B4EEC6FAF1EE10FA61EECB0AB4EEEA9ACA
:1001A0003CEE47CA58BFB0EE4F6AF1EE10FAB0EE1F
:1001B0006AFAC8BFB0EE6A9A20EE066AA0EE81FA2B
:1001C0008CEE08DA8FB130273E26C0F8A870C0F850
:1001D000AC609FED170A9FED1C1AC0ED19AAA8EE9E
:1001E000801A80ED1D1A80ED1B1AD0ED1F6A1C9D30
:1001F000F0EE662AD8EE842A82EE88EA002D00F01E
:100200002D82DFF834800B4FD8F8006007F1040C22
:10021000A5E000BF6F12033C00803B470000004395
:100220000000D84200007042000080438988883A6C
:100230003333333FF0C40208640000200000004460
:100240009A99193F000000009A99993ED0ED171A2B
:1002500037EE0D7AB7EE005A37EE212AF6EE007A25
:10026000B4EEC52AF1EE10FAA8BF32EE452A80EDB1
:10027000172AA6EE0A2ABDEEC23AF8EEC32A32EEDB
:10028000620AB4EEE70AF1EE10FA00F1DE81F7EE51
:10029000004A34EEC0BAB1EE00CABFEE001AABEEAF
:1002A0000C1A0E46F6EE089A70EE29CAB0EEC18A14
:1002B000FDEEECAAF7EE008AF8EEEA5A5FED213A7D
:1002C0005FED212A1FED204A1FED220A7CEEE51A80
:1002D00078EE28BA71EE010A61EEA34AC0EEAB7A5D
:1002E000BDEEE45A38EEC62A15EE105A4FEA850ADA
:1002F00007EB0A01E24491ED00BA9AED00CAB8EEAC
:10030000C53A3CEE4BAA34EEC31A76EE8E6AA1EEE5
:100310000ABAF0EE009A3BEE678AF0EE08CAE2EE07
:10032000087A77EEE2AA66EEAA8AF0EEE85A75EE4F
:10033000A90A68EEACBACBEEA01AE6EE841A70EE0B
:10034000613AD0ED202A73EEE23A013CE9EE232A2D
:10035000611CC0ED202AE3EC012A00F07D81F34D01
:10036000F3499FEDF44A90ED18AADFEDF3BA05FBCF
:1003700006F9494408EE101AF8EE488AFEEE009A93
:10038000E8EE849A79EECA7AA7EEABAAF0EE4ACAF2
:1003900080ED18AA002A7FF459AFD0F8AC60002E87
:1003A00000F00881751ED0F8A860C0F8AC504FF07E
:1003B0007A5BC0F85CB0D0ED190AD0ED1A3A002E85
:1003C00000F02D81013ED0ED1B2A90ED1DAAC0F852
:1003D000A860D0ED17BAD0ED1C5A90ED1E4ADFEDA3
:1003E000D79AE6EE2CBA70EEE37AFDEEEBCA72EE27
:1003F000E5AA3AEE443AB8EEEC2AE7EEA93AEAEE7C
:10040000A95AA3EE294A7BEEC21AF6EE004AF4EE90
:10041000E41AF1EE10FAC0ED1A3AC0ED1C5A80ED64
:100420001E4A00F10B81F7EE003A33EEE15AB1EECD
:1004300000BAFFEE000AE5EE0B0A002EB6EE080A3F
:1004400071EE802AF7EE004ABDEEE21AB0EEE08AC5
:10045000F8EEC18A78EE24CA9FEDB90AB34EDFEDFB
:10046000C03ADFEDB6BAD0ED221A9FEDB6BADFED95
:10047000B6AAAF4D90ED265A90ED282AD0ED237AFA
:100480009FEDACAA90ED273ADFEDB09A32EEE88A04
:1004900030EEA0CA68EE008A8CEE2C1A06FB01FA38
:1004A00055442E46FDEEE8CAD0ED210AD0ED292AAA
:1004B0001CEE901A4FEA810B14BFB0EE63CAB0EE87
:1004C00064CA07EB0B09E34499ED008A3CEE600A2D
:1004D000F8EEECCA9BED00CA78EEEC8A7CEE48CAD6
:1004E000B4EEE30AA8EEAC8AB6EE00CAF1EE10FA5A
:1004F000C8BFF0EE4CBAE0EE2B0A74EEC64A78EEB6
:1005000041BA30EEE10AA4EEAB1AE0EE0B1A31EE7E
:100510006ABA70EEE1CA25EE8B1AD0ED248AC0EDDE
:10052000210AB0EEC18AE8EEC5CAB0EE00CAF0EE0C
:1005300008AA00EE105A78EE0CBA61EE2A4AB8EE1C
:1005400040BA84EEABCAB0EE421AE5EE67CA9BEE43
:100550000A1A3CEEC3AAA1EE292AD0ED259ADFEDB6
:100560007CAADFED7C8AC0ED221A6AEE29CA32EE3F
:10057000628AA7EEAC5AE8EE2A2AA7EE853AA5EEE3
:10058000A8CA72EE625AF0EE45BA73EE250AE7EE9B
:10059000ACBAA7EE853A73EECC3A24EE204A80ED51
:1005A000273AEDEEC43AC0ED26BA80ED282AC0ED18
:1005B000292AC6E6F0EE0C5AF7EE001A6EEEA5AA4E
:1005C000D0ED1A3A90ED173A90ED192AD0F8A860BC
:1005D000F0EE614AEAEEA34A37EE0D7AB6EE005A23
:1005E00024EE87BA62EE2F0AB4EEC5BAF1EE10FA25
:1005F000D4BFB0EE4BCAB0EE45CA3CEE030AC0ED24
:10060000190AB4EEE10AF1EE10FAAABF70EE611A0F
:1006100080ED170AC0ED171A002E7FF4D3AE90EDCF
:100620001B1A90ED1D8ADFED4C8A6FEE012A28EE31
:1006300028AAC0ED1B2A80ED1DAACAE6B1EE00CAA9
:10064000FFEE000AE1EE8C0AF7E6B1EE00AABFEE7B
:10065000001AA0EE0A1A24E6C8F80060C0ED1F6A6E
:1006600080ED167A04B0BDEC108BBDE8F00F70473A
:10067000B3EE0BAAF0EE4ACAF2EE029AEBEE0BCA08
:100680006BEE29AA6BEE2C5AABEE2AAAC5EE8A0AAB
:1006900030E4F7EE007AFFF7E4BBB3EE0BFAF0EECE
:1006A0004F6AB2EE02DAE9EE096A29EE0D4A29EE46
:1006B000260AA9EE04FAC0EE0F4A03E4B3EE0BAA31
:1006C000F0EE4ACAF2EE029AE3EE03CA63EE29AAFA
:1006D00063EE2C5AA3EE2AAAC5EE8A0AFFF7DABB0C
:1006E000F5EE007A6BEEA79A9FED1C0AD1ED046A35
:1006F000ABEEE90AD7E4BFEE000AFFF70BBBB0EEA2
:10070000083AF4EEC3CAF1EE10FA56DDB7EE006A0D
:10071000FFF723BBF0EE080AB4EEE0BAF1EE10FAF0
:100720006FDDF7EE006AFFF739BB00BF0D661900F9
:100730005FF36E3C0000802F6F12033BCDCCCC3DAD
:10074000000000440AD7233D9A99193FCDCC4C3D77
:100750000AD7A33B9A99993EEFEE7E3FCDCCCC3E93
:100760000000000055557F3FB0EE08BAF4EECBAA6A
:10077000F1EE10FA57DDF7EE000AFFF73FBBF0EE9F
:1007800008CAF4EEECDAF1EE10FA28DDB7EE00FA62
:10079000FFF71CBB00221446FFF778B8B5EEC09AED
:1007A0005FED11CAF1EE10FA58BFF0EE49CAFFF73B
:1007B0009AB8B7EE000AFFF7ADBAF3EE0BFAB0EE57
:1007C0006F9AF2EE023AACEEAC9A2CEEA3FA6CEE13
:1007D000894AECEE8FFA84EEAF6AFFF7BEBAB3EE49
:1007E0000B2AF0EE42FAB2EE023AEDEEADFA6DEE01
:1007F000833A2DEEAF9AADEEA32A89EE02FAFFF707
:10080000E5BAB3EE0B1AB0EE414AF2EE022AABEEB5
:100810000B4A2BEE22AA6BEE049AABEE0A1AC9EE33
:10082000816AFFF7BBBAF3EE0BEAF2EE020AB0EE12
:100830006E1A6AEEA02AAAEEAA1AEAEEA2EA2AEE36
:10084000814AC4EE2E0AFFF7D9BA5FED3AFA51E4B5
:10085000704700BF38B504460025424AC0F8B05082
:100860000023C0F8B450C0F8B850C0F8BC50C0F86D
:10087000C050C0F8C850C0F8C450056445648564D1
:10088000C564C0F8CC50C0F8D050C0F8D450C0F8FF
:10089000D850C0F8DC50C0F8E450C0F8E05005650E
:1008A0004565836183638365C26105614561056256
:1008B00045628562C56205634563C263E265A367FD
:1008C000E267C4F89830C4F89C2000F59E70256655
:1008D0006566A566E566C4F8E850C4F8EC50C4F84F
:1008E000F050C4F8F450C4F8F850C4F80051C4F8FB
:1008F000FC5025676567C4F88050C4F88450C4F87C
:100900008850C4F88C50C4F80451C4F80851C4F895
:100910000C51C4F81051C4F81451C4F81C51C4F857
:100920001851C4F89050C4F89450C4F8A050C4F8BA
:10093000A450C4F8A850C4F8AC50C4F82051C4F86E
:100940002451C4F82851C4F82C51C4F83051C4F8CB
:100950003851C4F83451FDF783FAC4F85C51C4F837
:10096000605138BD6F12833A00F59E70FDF7BABD35
:10097000DFED2A7A2A4B20EE270A10B4BDEEC07AAA
:1009800017EE100A421C00EB400402EB420C03EB92
:10099000CC0003EBC403F8EEC70AD0ED001AD3ED88
:1009A000004A90ED012A93ED015AD0ED022AD3EDD1
:1009B000025A93ED036AD3ED046A93ED051A90EDA4
:1009C000033AD0ED043A90ED054A5DF8044B70EE21
:1009D000607A32EE457A31EEE40A72EEE50A73EEA1
:1009E000461A33EEE62A74EE412AE0EE274AA7EED5
:1009F000275AE0EEA75AA1EEA76AE2EE276AA2EE16
:100A0000A71AC1ED004A81ED015AC1ED025A81EDEC
:100A1000036AC1ED046A81ED051A7047CFF7DF4024
:100A200068AE030891ED043ADFEDDB7AD0ED515A60
:100A3000D0ED520ADFEDD93A90ED531A90ED504ABD
:100A400091ED035AD1ED024A90ED586A90ED577A34
:100A5000DFEDD36A23EE270A2DE9F04FE0EE250AF9
:100A60000C460746F8EEC11A30EEA32A2DED088B8E
:100A7000B4EEE12AF1EE10FAFFEE002AB7EE008A9A
:100A8000C8BFB0EE628AA4EE082AABB000F59E752E
:100A9000F6EE009A32EE29AA74EEC68A35EE479A2F
:100AA000FDEECAAAA8EEA66A0C930692A9EE267AD3
:100AB0001AEE903A002B80ED586A80ED577AC0F21A
:100AC0004385D0F83C21934200DB531E9FEDB5BA1D
:100AD000DFEDB2BAC7F84C31B7EE000AA7EE4B0A09
:100AE00022A93846B4EE6B0AF1EE10FA48BFB0EE18
:100AF0006B0AFFF73DFF284616A911AA97ED580A81
:100B0000CDED28BAFDF7E6F90E903C98069E069DBD
:100B100081000E44B5420D964CD0069B0D9A0D9D5A
:100B20009946C3EB0208E9EC01BAA8F104004D456F
:100B3000C0F382063ED036B3012E1ED0022E19D04D
:100B4000032E13D0042E0DD0052E07D0062E18BF6D
:100B5000E9EC01BA4FF0000A49F804AB4FF0000B82
:100B600049F804BB4FF0000C49F804CB4FF0000EDD
:100B700049F804EB002249F8042B002349F8043B10
:100B80000D98484516D00D9EC846002548F8045BD0
:100B900009F1200949F81C5CC8F8045049F8145CB4
:100BA00049F8105C49F80C5C49F8085C49F8045CA9
:100BB0004E45E9D10C9A11448A4248D00C9B4FF023
:100BC0000009C3EB010A43F8049BAAF1040099420F
:100BD000C0F382063BD02EB3012E1ED0022E18D0B9
:100BE000032E12D0042E0CD0052E06D0062E18BFD0
:100BF00043F8049B002543F8045B4FF0000B43F8D7
:100C000004BB4FF0000C43F804CB4FF0000E43F848
:100C100004EB4FF0000843F8048B002243F8042B48
:100C2000994214D09946002649F8046B203343F8C2
:100C30001C6CC9F8046043F8146C43F8106C43F85A
:100C40000C6C43F8086C43F8046C9942EAD194EDBB
:100C5000013ADFED553AF2EE027A33EE675AB4EE1E
:100C6000E35AF1EE10FA00F16484DFED504AB4EE7D
:100C7000E45AF1EE10FA40F3F28000234FF0FF0A3D
:100C80004B484C4997ED576ADFED4B1A9FED452ACB
:100C9000DFED4A2A9FED419A9FED498A029700EBCA
:100CA0008A0501EB830BD5ED008ADBED009A0F97E7
:100CB00036EE61AA68EEA9AA2AEE02BA6AEEA2BAD4
:100CC000B4EEC9BA07F12C0207F1240607F1B80502
:100CD000F1EE10FA089207F1280407F1200307F15A
:100CE0001C0007F1BC0107F1B4026BEE888A09967B
:100CF000049558BFB0EE4B9A07940A930B90059158
:100D0000039207F1C80607F1C4054FF000092D4C06
:100D1000DFED2D3A4FEA890E744494ED003A76EEF9
:100D2000437AF7EE004A27EEA35AB5EEC05AF1EE29
:100D300010FA00F10E83B4EEE45AF1EE10FA40F32B
:100D4000C183B0EE645ADFED154A0DF15808F04446
:100D500098ED000ADFED1D6A0E9B069C0C9928EEAB
:100D6000808AF1EE000AE8EE660A43FA09F010F014
:100D7000010F18BF0C46F5EEC00AF1EE10FA00F1B3
:100D8000E582F7EE005AF4EE650AF1EE10FAC8BFFC
:100D9000F0EE650A22E000BF5C8F823F0000000099
:100DA000CDCCCC3D9A990940000000C30000FE4222
:100DB00024E5030828E90308C3F5083F519696394E
:100DC000EE7C7F3F40AF0308000048420000004235
:100DD000000000430000804300000000B5EE405AD0
:100DE000F1EE10FA60EEA49A40F0D981F5EE409A47
:100DF000F1EE10FA48D102990898079C01F12003FE
:100E000000F1200204F1200102930892099B0A9A42
:100E100007910B9903F1200002F1200401F1200356
:100E200009900A940598049C0B93039B09F101090E
:100E300000F11C0204F11C0103F11C00B9F1050FC3
:100E400007F11C0705920491039006F11C0605F1B9
:100E50001C0500F099820F9C94ED576A57E75FEDEF
:100E6000246A1FED240A75EE265AFDEEE50AB8EE57
:100E7000E04A10EE90AA35EEC46A26EE007ABDEE86
:100E8000C71A11EE103AFBE6B2EE005A28EE058AB8
:100E9000B6EE001A0DF1440BB4EEC18ADE44F1EE59
:100EA00010FADEED00AA40F352830023F6EE00BAFA
:100EB00028EE2B8A0233B4EEEB8AF1EE10FAF5DC61
:100EC000072B98D89A00C2F11C010DF16C0E0EEBA5
:100ED000830070454BD0CEEB000A0DF1700B4FF044
:100EE000000CAAF104085845C8F38203CDF86CC081
:100EF0003DD03BB3012B1FD0022B19D0032B13D0B5
:100F0000042B0DD0052B08D0062B1CBFCBF800C03E
:100F10000DF1740B00224BF8042B00234BF8043B1B
:100F20004FF0000E4BF804EB4FF0000A4BF804AB07
:100F30004FF0000C4BF804CB4FF000084BF8048B3B
:100F4000584514D05B46002243F8042B0BF1200BCC
:100F50004BF81C2C5A604BF8142C4BF8102C4BF807
:100F60000C2C4BF8082C4BF8042C5845EAD14FEACE
:100F7000A10B21B14FEA8B0222A917F01BFB9DEDBB
:100F80001C0ADDED1E1ADDED1D7ADDED1F3A9DED2B
:100F9000202A9DED1B6A099807990A9A089B9DEDE6
:100FA00021BA90ED005AD1ED004A92ED004AD3EDFE
:100FB000006A0B983C9BD0ED005A029937EEC03A7C
:100FC00073EEE10AB0EE00AAA0EE0A6A8A69A1EE09
:100FD0008A3A03F1FF3CE2EE0A0A2AEEA91A7BEEF6
:100FE00042BAF0EE45AAF0EE649AB0EE440AF0EE92
:100FF000661AD1EE209A91EE060AD1EE2B1AD1EEA6
:1010000003AA07EE903A38EE658AF8EE673A91ED5A
:10101000047AD1ED052AC9EEA3BA8AEEA3AAC0EEDE
:10102000239AC1EEA30A88EE230A002B00F04D821A
:1010300075EE805A34EE294A37EE257A35EE0A5A93
:10104000BDEEC76A74EEAB4A16EE103A934276EEE6
:10105000A06A7CD0082B00F08F809A0700F07C817A
:1010600003F0040201EE102A03F0060003F0070269
:101070000AEE900A08EE102AF8EEC13AF8EEEA1AE3
:10108000B8EEC82A16EE102A1FEDAD1A03F00100C3
:1010900008B931EE641A31EE668A5FEDB17AB4EECA
:1010A000678AF1EE10FA1BD00AEE902AB8EEEABA7F
:1010B000B7EE006A37EE4B3AFEEE00AA83EE253A11
:1010C000B6EE00BA36EE431A23EE0B6A61EE2AAA98
:1010D00023EE063A21EE2ABAE8EE032AE8EE0B7A6E
:1010E0000CF1FF3CB1EE008A37EE481A77EE633A16
:1010F00064EE01AAB4EE006AB0EE003AEAEE867A37
:101100001CF1010333EEC3BA77EE611A25EE0B8AA8
:10111000B7EE001AF5EE003A71EEC1AAE8EE237AB6
:10112000B4EC016A24EEAABAF6EE001AA2EE836AC3
:1011300037EE422AEBEE217A72EE612A04ED016A63
:10114000E6EEA27A00F0C381F0EE672A70E702F0C3
:10115000040E02F0060A02F0070002EE10EA0BEE9F
:1011600010AA03EE100AF8EEC23AF8EECB1AB8EE67
:10117000C32ADFEDE27AB3E79FEDE0BAB2EE003AC0
:1011800000223BEE446A37EE437AB0EE4B2AF0EE93
:101190004B1AF0EE4B3A104636EE451A78E79FEDC3
:1011A000D84A9FEDD81A0DF1440A68EE04AAF24419
:1011B0009AED006AF4EEC1AAF1EE10FA25EE067A75
:1011C00000F1B081F5EE001AF4EEE1AAF1EE10FAAA
:1011D00000F3B3819FEDCC2A6AEE822AF7EE00BAC3
:1011E000B0EE00AA8BEEA2BAEAEECABA049A059B48
:1011F000D2ED004AD3ED005A3C99DFEDC43A039892
:1012000097ED305A90ED006AD7ED2C7A27EE2B3A05
:10121000B0EE640AF0EE656A93EE0B0A4A1ED9EE50
:10122000236A00EE901A3AEEC67AB8EE604A80EE73
:10123000041AC6EE84BAC7EE041A002978D0DFF883
:10124000D4B20194A246013A9FEDB1AAD6ED002A8C
:10125000D5ED006A36EE216AB7EE00BA66EE0A0AEC
:1012600077EE867AF4EECB0AF1EE10FAF4EECB7A52
:10127000C8BFF0EE4B0AF1EE10FAA8BF77EECB7ABA
:1012800075EEAB5A27EE8A3ABDEEE52AFDEEC33A7B
:1012900012EE104A13EE901A5BF824800BEB840CCC
:1012A000480038F91140DCF80430023007EE104AEB
:1012B00038F90040185E33F91130F8EEC2AA0AEE90
:1012C000104A02EE103A00EE100AB8EEE3BAB8EE99
:1012D000CAAAF8EEC23AB8EEC77AB8EEC00A35EE3E
:1012E000EA4A33EE4B3A3AEE472A70EE63AAA3EE8F
:1012F000027A511CE3EE2A3A74EE814A33EEC7BA01
:10130000A4EE0B7A37EE624A74EE662AE0EEA26A29
:1013100036EEC5AAC5ED006AA0EE8A5A86ED007ABF
:10132000FAEC010AE5EE240A4AED010A8BD1019C90
:10133000059A0499039887ED305AC7ED2C7AC2EDCF
:10134000005AC1ED004A80ED006A4FE5DFED6B0AFF
:1013500044E59FED6A5AF8E403F0040003EE900AB6
:1013600003F0060203F0070001EE902A07EE900A50
:10137000F8EEE33AF8EEE11AB8EEE72A9FED5F6A7D
:1013800003F001001A4607E73C9F002F00F095800C
:10139000069C0C9BD4ED008A93ED009A0D9A38EED2
:1013A00089AAA046A8EC01AAF3EC01BAF0EE089ACB
:1013B000C4EB020B6BEEA90AABF1040E9045CEF321
:1013C000810143ED010A78D0A1B301291FD0022980
:1013D0000DD098ED000AD3ED005A30EE254AA8EC66
:1013E000014AB3EC017A27EE295A03ED015AD8EDF0
:1013F000004AD3ED006A34EEA63AF0EE087AA8EC83
:10140000013AB3EC018A28EE271A03ED011AD8ED50
:10141000003AD3ED00AA0D9833EEAABAB0EE086AEE
:10142000A8EC01BAF3EC011A21EE862A804503EDFF
:10143000012A42D00D9ED8ED002AD3ED008A32EE6B
:10144000A89AC246AAEC019A9C46BCEC01AAF0EE0E
:1014500008BA6AEE2B9AE1464CED019AD8ED010AE2
:1014600093ED010A70EE805A08F11008CAED005A97
:10147000B9EC014A24EE2B7A103309ED017A9AED8A
:10148000015ADCED014A75EE246A48ED026A13ED5B
:10149000023A13ED011A63EE2B7A43ED027A18ED4E
:1014A000018A78EE013AB04548ED013A53ED01AAC0
:1014B0002AEEABBA03ED01BABDD12BB0BDEC088B5F
:1014C000BDE8F08F74EEC54A3FE4F0EE627A029C0C
:1014D0000899A261C4ED057A84ED047A079B099806
:1014E0000A9A0B9CC1ED006AC3ED004A80ED005AD8
:1014F00082ED004AC4ED005A7DE400BF0000000008
:101500001283803F95BFD6330000004897FF5F41AC
:10151000000000432800002080969842FDFF7F3F96
:1015200000000038F0EE41AA1FED05BA5FED05BAE4
:101530005CE600239A46FFF7A3BBF0EE61AA1FED1D
:1015400008BAF6EE00BA51E60023FFF7BFBA1C2135
:101550000023BAE4704700BF002200230449C161A0
:10156000036143618361016242628262C2627047C9
:101570005196963A704700BFD1ED047ADFEDE76AE5
:1015800091ED015ADFEDE65A27EEA60A2DE9F00F9C
:10159000BDEEC07AE34E17EE107ABD0005EB0608EB
:1015A000D8ED001A98ED012AF8EEC74A32EE613AFA
:1015B00070EE642AB3EE086AE2EE831A824635EED4
:1015C000461A2DED088B31EE214AF2EE023A34EE46
:1015D000638A88B0B4EEE58AF1EE10FA189C0692A0
:1015E000079300F1EF81DFEDD08AB4EEE88AF1EEE7
:1015F00010FA40F3B98100204FF0FF0BCB4ACC4BDF
:10160000DFEDCC6A02EB8B0C03EB80069CED005AFD
:10161000D6ED005A25EE250A20EE266AB5EEC06A00
:10162000F1EE10FA00F1D481B6EE007AB4EE476A1A
:10163000F1EE10FACCBFB0EE479AB0EE469ADFED6D
:10164000BE4ADFEDBE1A34EE642AF7EE00AAF0EED1
:101650006A2AE2EE612AF5EEC02AF1EE10FA00F1F4
:10166000B481F4EEEA2AF1EE10FA40F3C981F2EE09
:10167000023A31EE631A9FEDAA4AB4EEC41AF1EEB3
:1016800010FA00F19C819FEDA88AB4EEC81AF1EE21
:1016900010FA40F3A0810027FF2591ED027A91ED29
:1016A000031A9AED070ADAED093A9FEDA26A9AED5C
:1016B0000A5A9AED088A9AED0D2ADAED0C2A02EB05
:1016C000850103EB8708D1ED001AD8ED005A37EEFB
:1016D000073AF0EE004ABFEE004A61EEA59A27EE07
:1016E00003AAA1EE244A601E0190F0EE408AB0EEFB
:1016F00063BA9AEE2ABAD9EE868A0AEE904A74EE56
:10170000457AF8EE6ABA39EE489AC8EEAB8ACBEE63
:101710002B9A87EEABAAC9EE2BBA002C00F073818E
:10172000DAF81830DAF810200293DAF81440DFF80B
:1017300028B2834B0392029E039DDFF81C82DFEDEB
:10174000816A9FED864ADAED0B7A30EE280A35EE93
:101750000A5A20EE267AB5EEC05ABCEEC71AF1EE50
:1017600010FA48BFF6EE000A11EE107A48BF65EE97
:10177000200A38EE2B8A4FEA570C66443D4473EE3C
:10178000A93A4CBF60EE850ADFED740A059628EE93
:10179000269A0495B0EE443A304629464FF0FF327F
:1017A000B7EE006AA0EEA76A02F00306013AB5EEB2
:1017B000C05A66EE095AF1EE10FABCEEE5BAF5EE43
:1017C000001A1BEE109AC8BF25EE21BA9FED5E1AD3
:1017D000D8BF9FED62BA9FED5D6ADFED5D6ADFED18
:1017E0005D4AC8BF2BEE05BAF0EE41AAEBEE27AA80
:1017F0004C440BEB8609F5EE005A6AEE861ABCEEF5
:10180000E1BA1BEE105A04EB8516F50D76020AEECE
:10181000906A03EB850696ED007AD6ED011AB8EED4
:101820006ABA71EEC7AA6BEE261AB0EE41BAA1EE03
:10183000AA7AA3EE87BA6BEE06AAFCEEEA1A11EEBC
:10184000906A01EB8616F50D76020BEE106A03EB3B
:10185000850696ED007AD6ED01AAB8EE4BBA7AEE7F
:10186000C71A6BEE26AA3944AAEEA17A23EE87BAEC
:1018700077EE671AABEE251AE1EEA47A21EE061A8E
:10188000BCEEC16A16EE106A00EB8616F50D760204
:1018900004EE906A03EB8506D6ED00AA96ED01BA38
:1018A000CAED0B7AF8EE645A7BEE6A1A65EEA66A08
:1018B00099ED001AB8EC016AE6EEA1AA551D604444
:1018C000A7EE012AEAEE812AAAEE863AA7EE064A98
:1018D0007FF466AF0198069E039DA6EC012A411E87
:1018E0000498069607EB4702029E0191024407986E
:1018F00005EB870706EB8C05019EE0EC012A0397B8
:10190000059F07900CEB4C01701C029539443ED0AA
:10191000B0EE442AF0EE432A0DE700BF000000437A
:10192000000000C3389602080000FE4224E50308C8
:1019300028E903085196963900009042CDCCCC3C62
:10194000F0C402080000804F000000420000804CFC
:101950000000802FCDCC4C3DFCD1020800000000DF
:10196000000000430000804338EE269A5FED039AA2
:10197000BDEEC9AAF8EECAAA1AEE10BA39EE6ABAD2
:101980006BEE29BAFDEEEB7A17EE900A36E6CAF84E
:101990001440CAF81020CAF818108AED0C3A8AEDE3
:1019A0000D4A8AED0A5ACAED093A8AED088A8AED8B
:1019B000070A08B0BDEC088BBDE8F00F70470027A0
:1019C0003D466AE60020834618E65FED1CAA4EE617
:1019D0001FED1E9A33E65FED1E8A5FED1E9A31EE13
:1019E00028AABDEECABAF8EECBBA1BEE105A7AEEB0
:1019F0006B7A67EEA96ABDEEE65A15EE107A4CE6F0
:101A000062EEA2AA33E6B0EE424AB0EE623AC4E712
:101A1000704700BF00230F490F4A03614361836190
:101A2000C361036243628362C3620363436383638C
:101A3000C363036443648364C3640365436583656C
:101A4000C365036643660367C36781664167C26611
:101A50008267704722BA003D2033783F704700BF4D
:101A60002DE9F00FD1ED010A9FEDF97A2DED0C8BE8
:101A7000F2EE027A30EEE70A82B0B4EEC70AF1EE77
:101A800010FA019201F135859FEDF21AB4EEC10A08
:101A9000F1EE10FA40F398870022FF24D1ED025AAC
:101AA0009FEDED6ADFF8D083DFF8D0C39FEDE88AC1
:101AB0009FEDEA5AF3EE088AE5EE868A08EB840584
:101AC0000CEB8206B2EE02AA95ED009AD6ED009AD2
:101AD00038EECABA69EE29AAB4EEC8BAF1EE10FA25
:101AE0002AEE852A01F10D85DFEDDABAB4EEEBBA04
:101AF000F1EE10FA41F31F8500274FF0FF09D1EDF9
:101B0000041ADFEDD76A9FEDD73ADFEDD72ADFED74
:101B1000D33ABBEE084AA1EEA64A08EB890A0CEBC1
:101B2000870BDAED004ADBED005A34EE035AB6EECD
:101B3000006AFDEEC58A24EEA58AB8EEE89A18EE92
:101B4000902A75EE499A08EB820429EEA2BA94ED28
:101B500000AAFDEECBBAF4EEC61A1BEE905A0CEBBF
:101B6000850696ED00CAF1EE10FA68EE23AA2AEE79
:101B70000CBA41F1BA84F0EE00CAB7EE00DAA1EE79
:101B8000ECDA7CEECDDA6DEE2D8AB3EE087AF7EE64
:101B9000007AE2EE477A169FDFEDB46AD1ED031AC0
:101BA0009FEDB39A90ED091A90ED075A90ED084A0F
:101BB00090ED0A3A90ED060AF4EE667AF1EE10FA2C
:101BC00071EEC92A48BFF0EE667AF4EE004AB4EE30
:101BD000E42AA2EEA79A7E1EF5EE005AF1EE10FA64
:101BE000F4EEE5AAB8BFF0EE424A03EE907AF1EEC9
:101BF00010FAB8BFF0EE6A5AF8EE632A39EE416A7D
:101C000074EEC59A35EEC4AA38EEC38AC6EE221A1F
:101C1000C9EEA29A8AEE22AA88EE228A002F00F04C
:101C20007181944ADDF80490344602F1040AD0ED43
:101C300004BA35EE295AF7EE00CA75EE2B7A34EE67
:101C40000A4AF4EEEC7AF1EE10FAC0ED047AC1F231
:101C50006A8077EEEC7AB0EE417AC7EE856AB0EE34
:101C600008CA3CEEE66AD0ED05DAC0ED047AA1EED2
:101C7000867AF0EE43BA67EE0C5AE4EE06DAFDEE31
:101C8000E54AE8EE06BAF8EEE43A14EE907A35EE5C
:101C9000E3DA3CEECD7A002F40F0158727EE07DA25
:101CA000F2EE0E5A27EE0D7AF0EE6C4AE7EE254A78
:101CB000F4EEEC4AF1EE10FAC1F2BF839FED6BDA5D
:101CC00040F2046B4FF4C065FDEEED5A9FED6CCA17
:101CD000B8EEE57A93447DEEC7DADBED003A6DEEBF
:101CE0008C5A1544FDEEE54A95ED007A14EE90BA53
:101CF0004FEA8B0557195544F8EEE4DAD5ED00CAE2
:101D0000D7ED004A73EEC73A75EEED5AA3EE8D7A21
:101D10007CEEE4DA31EE811AB0EE64DAF0EE083AE5
:101D2000A5EEADDA61EE233AF7EE005AFDEEE34A96
:101D300037EE257AF5EE00CA3BEE8DDAF8EEE4DAFE
:101D400027EE2C7A14EE905A7BEEA5BA6DEE074A78
:101D500073EEED3A38EE033A84EEABDA75EEE33A21
:101D6000002D40F0D38663EEA34AF2EE0EBA63EE86
:101D7000A4DAB0EE657AADEEAB7ADFED3CCA67EE81
:101D80002CBAF4EEE5BAF1EE10FAC1F27183F0EE7E
:101D90006C4A40F2046B4FF4C0671744934497EDCC
:101DA00000CADBED00DA92ED007AD2ED01CADFED78
:101DB0002FBA7DEECC5A7CEEC7DAA5EEA4CAF0EEBF
:101DC000474AEDEEAB4AB7EE007A7CEE07CAB5EEB5
:101DD00000CA6CEE8C5A73EE24DA73EE07CA6DEE0D
:101DE000A54AB6EE007AC4EEACDAFEEE005A26EE54
:101DF00087CA26EE257A7DEECD4A26EE076A66EE84
:101E00008CDAE4EE86BAA4EEAD0A64EE266AB0EE91
:101E100063DAC0ED056A002D40F0EC852DEE0D7AF9
:101E2000F7EE00DA27EE0DDAF2EE0E4AF0EE6D3A3A
:101E3000EDEE243A63EEA77AF4EEED7AF1EE10FAC5
:101E4000C1F2B581DFED09DA40F2046B1AE000BFA0
:101E5000000000C30000FE420000A84251969639DF
:101E600000004042000000430000804300000000EA
:101E7000C3F5A83EF0C4020824E5030828E90308D6
:101E8000000000444FF4C067FDEEE65A1FED047AEF
:101E9000B8EEE56A174476EEC66A97ED00CA26EEFC
:101EA00087DA9344FDEECD3ADBED004A13EE907AEB
:101EB000BD0002EB050B554434EECC7ADBED007A25
:101EC000D5ED005AA9EC010AB8EEE36AA7EE2DCAD7
:101ED000013C651C3DEE460A75EEE76AF7EE00DA56
:101EE000E0EE267A3CEE2DDAB5EE00CA77EE834AB4
:101EF0006DEE0C3A24EEA37AC7EE2CCA3BEEAC0A88
:101F00007FF495AE6BEE2AAAB4EE00BAB4EECB2AFB
:101F1000F5EE009AF1EE10FAF4EE69AAB8BFB0EE51
:101F200042BAD0ED0E5AD0ED0F4AD0ED101AD0EDD6
:101F3000113A169A80ED060AF1EE10FAA8BFF0EEFB
:101F400069AA3BEE65AA7AEEE4BA39EE619A78EEB8
:101F5000E38A80ED0A3A80ED091A80ED084A80EDA7
:101F6000075A8AEE228ACBEEA2DA89EE22DAC8EE8E
:101F7000A2CA90ED0D0A002A00F05281EC4A3446C4
:101F800002F1040A994690ED0B5A75EE885AB7EEA5
:101F900000CA75EE857A74EEAD4AF4EECC7AF1EEB5
:101FA00010FAC0ED0B7AC0F2E48677EECC7AB0EE90
:101FB000614AC7EEA59AF0EE08AA3CEE696A90ED78
:101FC0000C5AC0ED0B7AADEE064AB0EE631A24EE61
:101FD0002A3AA4EE865ABDEEC37AACEE861AB8EE63
:101FE000C7BA17EE107A73EE4B6A7CEE66BA002F12
:101FF00040F076866BEEAB8AF2EE0E6A6BEEA8AA24
:10200000B0EE4C4AAAEEA64AB4EECC4AF1EE10FA73
:10201000C1F2F881DFEDC76A40F2046B4FF4C0658E
:10202000BDEEC54A9FEDC49AB8EEC43A934435EE6E
:10203000435A9BED00BA25EE09CA1544BDEECC7A91
:10204000D5ED00BA17EE10BA4FEA8B055719554473
:102050007BEE6B8AF8EEC7AA97ED004A95ED00AAD1
:102060003CEE6A5AE8EEA6BA3AEE44CA7DEE211A70
:10207000F0EE086AB0EE44BAA5EE0CBA21EEA63A2C
:10208000F7EE008AFDEEC3AA7BEEA8BAB5EE004AD1
:1020900031EE0BAA2BEE847AB8EEEA5A31EE281A0A
:1020A0002AEE07CA73EE456A1AEE905A7CEEA33AFE
:1020B0008CEE01BA38EEE63A002D40F09C8523EE16
:1020C000035AB2EE0E4A63EE05BAB0EE68AAABEE62
:1020D00084AADFED98AA2AEE2A1AB4EEE81AF1EEE5
:1020E00010FAC1F2828140F2046B4FF4C0671744CA
:1020F000934497ED009A9BED001A92ED007A92EDD1
:1021000001AA9FED8CCA71EE496A7AEE478AA6EE63
:10211000AA9AB0EE474AA8EE8C4AF7EE00BA39EE1A
:102120002B5AB5EE009A25EE091A33EE847A73EE37
:10213000AB8A67EE016AB6EE00AA86EEA84AFEEE0A
:1021400000BA29EE8A9A26EE2B5A29EE891A34EE25
:102150004BBA64EEA96A66EE059AABEE010AABEEE5
:1021600029CAB0EE439AC0ED0C6A002D40F0678496
:1021700029EE093AB7EE00BA63EE09BAB2EE0E4A9A
:10218000B0EE4BAAABEE84AA2AEE279AB4EECB9A15
:10219000F1EE10FAC0F2EF879FED66AA40F2046BF1
:1021A0004FF4C067BDEEE65A9FED639AB8EEC51ACC
:1021B000174476EEC16A97ED007A66EE899A9344E9
:1021C000FDEEE97A9BED006A17EE907ABD0002EB16
:1021D000050B5544DBED00BA95ED00BAA9EC010AF8
:1021E00036EE474AB8EEE73AA4EE0A7A013C671C9D
:1021F00039EEC30A3BEE6B5AB7EE00AAE0EE05BA21
:1022000037EE0A9AB5EE001A7BEEA36A69EE019AE0
:1022100026EEA97AC7EE288A3CEE280A7FF4B3AEF0
:102220009FED468ADFED46DA9FED46DAC0ED0F4AB4
:1022300062EE08CAB7EE00CA2CEEAD6A80ED0D0A58
:10224000ACEE86DA169AC0ED113A2CEE8D1AC0ED7E
:10225000101A71EE0C4AC0ED0E5A8CEE240A80ED75
:102260001A1A80ED1B0A002A00F0DD80019A169FE1
:1022700002EB870AC2EB0A09A9F10405C5F381073D
:102280009B46F0EE40DAB0EE418A002F00F0B380BA
:102290009B46FBEC015AD2ED001AD0ED1C3A71EED0
:1022A000A57A012FE7EE813AE3EEC07A27EE814A64
:1022B000A3EE804A80ED1C4AE2EC017A90ED1A8A86
:1022C000D0ED1BDA00F09780022F17D092ED003A84
:1022D000FBEC01BA90ED1CBA33EE2B5AA5EE08BA0E
:1022E000ABEE6D5A25EE08AAABEE2DAA80ED1CAA26
:1022F000A2EC015A90ED1A8AD0ED1BDA92ED009A09
:10230000FBEC019AD0ED1C6A79EE298AE8EE886A26
:10231000E6EEED8A28EE887AA6EEAD7A80ED1C7A9C
:10232000E2EC018A90ED1A8AD0ED1BDA63E000BF7F
:10233000F0C4020800000000000000449A99993E91
:10234000D7573941DB0F49400000C042000000C3AD
:102350000000FE4251969639DBED01DA92ED018ADA
:10236000D0ED1C4A90ED1ADA90ED1B6A78EE2D6ADA
:102370001032E6EE8D4A0BF1100BE4EEC66A26EE43
:102380008D7AA4EE867A80ED1C7AC9ED006AD9EDCB
:10239000013A94ED01BAD0ED1C8AD0ED1ACAD0ED05
:1023A0001B1A33EE8B3AE3EE2C8AA8EEE13A63EE89
:1023B0002CBAE8EEA1BAC0ED1CBA02ED023A12ED59
:1023C00001CA1BED014AD0ED1C9A90ED1A9AD0ED8E
:1023D0001B5A7CEE047AE7EE899AE9EEE57A27EE5D
:1023E000895AA9EEA55A80ED1C5A42ED017A90ED6A
:1023F0001A8AD0ED1BDA5C46B4EC01DAD2ED00CAE1
:1024000090ED1CCA3CEE8D6A9146A6EE08CAACEE71
:102410006D6A66EE084AECEE2D4AC0ED1C4AA9EC46
:10242000016AD14598D1D1ED025A5FED391A5FEDBD
:10243000393AE5EEA10AF2EE027A70EEE70AF4EE1E
:10244000E30AF1EE10FA01F158801FED3F4AF4EE75
:10245000C40AF1EE10FA41F3588000224FF0FF0A4F
:1024600008EB8A080CEB820C9CED008AD8ED008A00
:102470005FED48DA91ED03DAD1ED04CAD0ED174AE9
:1024800090ED166A90ED187AD0ED196A169990EDD4
:1024900015AA28EE88CAF4EE005A6CEE2D1AB4EE96
:1024A000652AF5EE003AF1EE10FAF4EE631AA8BFD1
:1024B000B0EE652AF1EE10FAA8BFF0EE631A71EEE5
:1024C000E47A32EE462A7DEE470A3CEEE64A87EE93
:1024D000A28AC2EE22DA80EEA2DAC4EE222A002913
:1024E00001F03F80024A344602F1040A9C4674E03F
:1024F000F0C4020800000044B7EE082AE6EE825A53
:10250000F0EE4C0A75EEACCA5FED061AF94FFDEE1F
:10251000EC5AB6EE005AB8EEE53AB4EEC57A7CEE67
:10252000C3BAF1EE10FA6BEEA18A07F10401BDEE19
:10253000E8CA1CEE105A4FEA850902EB0908D1449B
:1025400098ED002AD9ED009AB8EECC4A79EEC2CACD
:1025500038EEC49AA9EE2C2A40F19682B5EE009A84
:1025600077EE895AF4EEC57ABDEEE55ADFEDE97AE9
:10257000F8EEC51AF7EE008A35EEE13A77EE07CAB3
:1025800063EE27BAF1EE10FABDEEEBCAA8BF2BEE50
:102590002CBA1CEE107AB90002EB01095144D9EDB6
:1025A000009A91ED009AB8EECC4A79EE697A7BEE0A
:1025B000C45AE5EEA79A39EEE85AECEE858A013C5A
:1025C00030EE822AACEC01AAD2EE0B0A651CB0EE0A
:1025D00063AAA0EEA8AA00F0068636EE2D6A90ED5A
:1025E000133AD0ED12BA36EE06BAF7EE005A3BEEC9
:1025F000035A76EE2B7AB4EEE55AF1EE10FA74EE49
:10260000884A80ED135AC0ED127AC0F2D88375EE75
:10261000651AF4EEE57AF1EE10FAC0ED131A81EEC8
:102620008B2AC0F2EF83DFEDB7AAB24DDFEDB58A9A
:102630009FEDB14AD0ED140A05F5C06B05F20467B1
:102640009BED003AD7ED00BAF7EE009A39EEC25A88
:102650003BEEC3BAB0EE439AB0EE66CAABEE289A30
:10266000A2EE85CA79EE29CAB4EEC4CAF6EE003AE3
:10267000F0EE478AF1EE10FA6CEEA3BAE4EE850AAA
:10268000EDEE058A40F1F982F7EE08CAB5EE003AA0
:10269000ACEE2C3A974F9FED9FCA70EE830AB6EED0
:1026A000004ABDEEE03AF4EEC48AB8EEC3BAF1EEE9
:1026B00010FA70EECB3A07F1040123EE8C9AFDEE8E
:1026C000C9CA1CEE905A4FEA850B02EB0B08D344A3
:1026D00098ED00BA9BED003AF8EEEC0A79EE603A1C
:1026E00033EE4B9AA3EE89BA40F1A882F5EE00CA08
:1026F000F4EEC45A75EEAC5A9FED86CAFDEEE50ABB
:10270000B7EE004AB8EEE03A78EEA88A35EEC39A02
:10271000F1EE10FA69EE0CCAA8BF6BEEA8BAFDEE96
:10272000EC3A13EE907AB90002EB010B51449BEDA9
:1027300000CAD1ED000AF8EEE35A30EECC3A3CEE96
:10274000E59AA9EE03CA7CEE44CAA8EEAC4A694DEC
:10275000D2ED805AD2ED818ADFED6A3A9FED66CAEA
:1027600078EEE50A39EE8BBAE0EEA35ADBEE2B9A4F
:1027700072EEA66AF7EE003A75EEA3BAF4EECC6AF2
:10278000B6EE009AF1EE10FA69EE849A3DEE077A01
:102790002BEE894A40F1FC81B7EE083AF5EE005A7B
:1027A000E6EE835A5349DFED57CADFED5A0A75EE5C
:1027B000AC5AB6EE009ABDEEE5CAB4EEC97AB8EEF0
:1027C000CCBAF1EE10FA75EECB8A01F1040928EECD
:1027D000A03AFDEEC3BA1BEE905A4FEA850B02EB0E
:1027E0000B07D344D7ED008A9BED00CAF8EEEBCA85
:1027F0003CEE68BA73EE6C5AE5EE8B8A40F1A98123
:10280000B5EE003AF4EEC9AA7AEE83AADFED41BA3A
:10281000FDEEEACAB7EE009AB8EEECCA77EE070A08
:102820007AEECC5AF1EE10FA25EEABBAA8BF24EE40
:10283000204ABDEECB3A13EE101A4FEA810902EBA3
:10284000090BD144DBED00CAD9ED00BAF8EEC3AAFA
:102850007BEEEC5A3BEE6ACAECEE25CA3CEEC9BAF6
:10286000A0EE8B9A73EEA88AF6EE000AD8EE843AB0
:10287000BEEE004AD3EE899A62EE203A64EE82CA36
:1028800022EE233A25EE049AB7EE002AF4EEC27A3D
:10289000F1EE10FA25EE09CADFED1A3AC0ED14CABE
:1028A000A9EE83AAC8BF61EEA07AE9EE8C3AD2BF46
:1028B00021EEA0CAC0ED127AB0EE67CAF5EE005A5A
:1028C0003CEE255ADFED139ADFED0BAA094FFDEE22
:1028D000C5BAF7EE001AF8EEEB8AF4EEE17A75EE7F
:1028E000680AF1EE10FA20EEA94AA8BF77EEE17A65
:1028F00012E000BFF0C40208FA7EAA3E00000043C6
:102900000000804300000000FA7E2A3FC3F5A83E85
:102910003BDF3F3F00000044BDEEC49AA8BFC0EDBE
:10292000127A19EE105A4FEA850902EB0908D144D0
:1029300098ED003AD9ED001AB8EEC92A71EEC3BA83
:1029400034EE425AB7EE00CAA5EE2B3A391DF4EE2A
:10295000EA6A73EE0C8AB6EE00BAF1EE10FA28EECF
:102960008BBA3FF5C9AD5FED185A1FED18CAF4EEEA
:10297000E56AF1EE10FA5FED1A5A40F1398236EE4F
:10298000CC9AB6EE082AE9EE425ABDEEE53AF8EEE8
:10299000C31A35EEE15A65EE29BAFDEEEB8A18EE60
:1029A000905A4FEA850B5F445944D7ED000A91EDE8
:1029B000004AB8EEE8CA34EE609A7BEECC9AE9EEB3
:1029C000890AF1EE600A9DE55FED346A5FED341A25
:1029D00030EE262ABDEEC23AF8EEC32A13EE104AB4
:1029E00072EE623A23EEA14AFDEEC44A14EE902A3A
:1029F000FFF754B8012D00F04D82F7EE003A33EEA8
:102A0000CDDAB2EE0DCA6DEE0D5AB6EE007A6DEE6D
:102A1000254AF5EE00DAA4EE8C7AB6EE086AE7EE07
:102A200027DAF4EEC6DAF1EE10FAC0F205825FEDB5
:102A30004BDA40F2046B4FF4C067FFF725BA012D63
:102A400000F05982B7EE006A36EE497AB2EE0D3ADE
:102A500027EE07AAB6EE004A67EE0ABAB5EE009A6C
:102A6000ABEE834AB6EE085AA4EE279AB4EEC59AA6
:102A7000F1EE10FAC0F2F7811FED5EAA40F2046B8E
:102A80004FF4C067FFF78EBBE7EE057ABDEEE75A5D
:102A9000F8EEC55A77EEE57A67EEA11ABDEEE13A97
:102AA00013EE105A4FEA850B5F445944D7ED008A64
:102AB00091ED00CAF8EEC3BA7CEE689A31EEEB4AAB
:102AC000E4EE298A7BE5012F00F0EC823CEEC7CAD8
:102AD000F6EE004A6CEE0C5AF2EE0DCA6CEE253A98
:102AE000B5EE00DAE3EEAC4AB6EE087A34EE8DCA03
:102AF000B4EEC7CAF1EE10FAC0F22E821FED7FDAF3
:102B000040F2046B4FF4C065FFF7DEB8012D00F012
:102B10007B8275EEE35AF2EE0DDA65EEA5BAB6EEFB
:102B2000007A65EEAB4A5FED89BAA4EEAD7AF6EEB7
:102B3000085AE7EE2BCAF4EEE5CAF1EE10FAC0F23D
:102B40003982F0EE6B4A40F2046B4FF4C067FFF736
:102B500024B9E7EE09AABDEEEA9AB8EEC93A7AEED0
:102B6000C3AA6AEEA00AFDEEE0BA1BEE905A4FEA45
:102B700085084144C14491ED009A99ED00CAF8EEF0
:102B8000EBCA3CEE49BA70EEEC5AA5EE8B9A69E6B8
:102B90001FEDA33A5FEDA3CA5FEDA35AF4EEC36A3B
:102BA000F1EE10FA40F1368136EEECBAF6EE08BAE4
:102BB000EBEE6B5A5FEDA90ABDEEE59AB8EEC93AA5
:102BC00075EEC3CA2CEEA0CAFDEECC3A13EE907A95
:102BD0004FEA87084544D044F8EEE30A95ED00BA81
:102BE000D8ED008A7CEE60BA38EECB9AABEE89BAAB
:102BF000F1EE4B3AD6E5012D00F02D8278EEC38A36
:102C0000F2EE0DBA68EEA8AAB6EE00AA28EEAA7AED
:102C10001FEDC41AA7EE2BAAB6EE085AAAEE014A77
:102C2000B4EEC54AF1EE10FAC0F2D981F0EE41AA35
:102C300040F2046B4FF4C067FFF759BAE8EE845ACC
:102C4000FDEEE58AB8EEE84A75EEC45A65EE8CCA28
:102C5000BDEEECCA1CEE105A4FEA85094F444944B8
:102C600097ED004A91ED003AF8EECC0A73EE443A43
:102C70003CEEE09AA9EE234A69E55FEDDD9A1FED8F
:102C8000DD4A1FEDDD3AB4EEE9CAF1EE10FA40F18B
:102C9000CA803CEE44CAF6EE083AACEE633A5FED09
:102CA000E3CABDEEC34AF8EEC49A33EE699A69EE00
:102CB0002CCABDEEECBA1BEE101A4FEA81094D4446
:102CC000D144D5ED003A99ED004AB8EECBCA34EEC6
:102CD000639A7CEECC9AE9EE893AF1EE639AD9E4F4
:102CE000012F00F019823CEE6BAAB2EE0D9A6AEE4B
:102CF0000A8AB6EE00CA6AEE28AAB5EE004AAAEE23
:102D000089CAB6EE083A3CEE04BAB4EEC3BAF1EEA4
:102D100010FAC0F23881DFEDFB6A40F2046B4FF429
:102D2000C065FFF77DB990ED05CA74EE0C6A31EE0F
:102D3000811AF4EEEC6AB0EE08DAF1EE10FA61EE08
:102D40000DDA38EE033AC0F20083BDEEED6A76EE9E
:102D5000EC6AF8EEC63A16EE105A7DEEE3BAC0ED14
:102D6000056A3CEEEBDA73EE2CCADFEDE6BAFFF74C
:102D700052B890ED0C4A74EE846A7DEE211AF4EE9E
:102D8000CC6AB0EE081AF1EE10FA21EE816A7CEE00
:102D9000A33AC0F2EC82FDEEC69A76EECC6AB8EEAB
:102DA000E9AA73EE8C8A76EE4ABA19EE905A3CEE96
:102DB0006B9AC0ED0C6A9FEDD3CAFFF7D6B9D0ED80
:102DC00014AA74EEAACAF4EEE5CAF1EE10FAC0F243
:102DD000E0827CEEE5CAF6EE009A76EEA26A3DEE5F
:102DE000077A25EE29CADFEDC73AC0ED14CA65E5BA
:102DF00076EECC9AB6EE084ADFEDC40AE9EEC45A84
:102E0000FFF780BBF6EE005AB8BFF0EE65AAFFF6FA
:102E10000CAC08E476EEEC8AB6EE08CADFEDBB3AFD
:102E2000E8EECC5ABEE43CEE449AB6EE08BADFEDCA
:102E3000B79AA9EE4B3A2DE4FDEEED3ADFEDB57A07
:102E4000B8EEE3DA3DEECDCA6CEE275ABDEEE57A78
:102E500017EE105AF8EEC74AAF0075EEE4DA07F144
:102E6000040BFFF711B8BDEEC9BADFEDAA7AB8EED0
:102E7000CB1A79EE419A29EEA76ABDEEC67A17EE13
:102E8000105AB8EEC73AAF0036EE43AA07F1040B6A
:102E9000FFF788B9DFED9C3A9FED9C6A2DEE23CABF
:102EA0006CEE0D5AA5EE8D6AB4EEE76AF1EE10FAFB
:102EB00040F37D82B6EE00CACCEE065A25EEA76A34
:102EC000F6EE087A36EE27DA9FED927AFDEECD4ADD
:102ED000F8EEE4DA7DEE6D3A23EE87CAFDEECC5AC9
:102EE00015EE905AB8EEE56AAF007CEE46DA07F1CF
:102EF000040BFEF7C9BF9FED844ADFED84BA29EECB
:102F0000045A25EE09BAEBEE09BAF4EEE7BAF1EE8F
:102F100010FA40F35B82B6EE00AA8AEE2B4A24EE4A
:102F2000273AF6EE08BA33EE2B5A9FED7ABABDEE89
:102F3000C59AB8EEC91A75EE419A29EE8B7AFDEE64
:102F4000C77A17EE905AB8EEE76AAF0037EE46AA96
:102F500007F1040BFFF726B9FDEECCCADFED6D5A81
:102F6000F8EEEC4A7CEE643A23EEA5CABDEECC7ACC
:102F700017EE107AB8EEC7DABD003CEE4DDA05F177
:102F8000040BFEF7A1BEFDEECB6A9FED627AF8EE70
:102F9000E6BA3BEE6BAA2AEE079AFDEEC98A18EE56
:102FA000907AB8EEE8CABD0079EE4C6A05F1040BE0
:102FB000FFF736B8FDEEECDAB8EEED7A7CEEC7CA74
:102FC0002CEE8CCAFDEECCBA1BEE907AF8EEEB5AE2
:102FD000BF007CEE654A07F1040BFEF7DEBEBDEED6
:102FE000C4CAF8EECC6A34EE664A24EE099AFDEEC5
:102FF000C9BA1BEE907AF8EEEBAABF0079EE6AAA86
:1030000007F1040BFFF773B8DFED3FBADFED3FDAEE
:10301000DFED3CCA23EEAB7A23EE87CAE3EE8CDA0F
:10302000F4EEECDAF1EE10FA40F35282B6EE00CA9A
:10303000CCEE2D4A24EEAC7AF6EE08BA77EE2BDA17
:10304000DFED345AFDEEEDCAB8EEEC7A3DEEC7CABC
:103050002CEE25CAB6E7DFED2CBADFED2CAA9FEDEA
:1030600029AA23EE2B7A23EE071AE3EE01AAF4EE47
:10307000CAAAF1EE10FA40F31382F6EE00BACBEED4
:10308000AAAA2AEE8A9AB6EE08AA39EE0A7A9FED23
:10309000211ABDEEC7CAF8EECC6A77EE668A28EE32
:1030A000819AA4E7DFED185ADFED184A67EE253A5A
:1030B00027EE23CAE7EE0C4AF4EEEC4AF1EE10FAE2
:1030C00040F3E381F6EE003AC3EEA44AB6EE08CA36
:1030D00074EE8CCA9FED0F7ABDEEECDAF8EECD5AA5
:1030E0007CEEE54A64EE873ABDEEE3CA1CEE107A48
:1030F000F8EECCCABD0033EEECDA05F1040BFEF7B6
:10310000E3BD00BF00000000EE7CFF3E6F12833A7B
:1031100000000000000000445FED05AA1FED054A15
:103120002BEEAA3A2BEE83BAABEE8B4AB4EECC4A26
:10313000F1EE10FA40F3C181B6EE00CACCEE048A7B
:10314000F6EE086A78EEA6AA1FED0E4ABDEEEA3A40
:10315000B8EEC3BA3AEECB7A67EE04BABDEEEBAA8C
:103160001AEE107AB8EECA9ABD007BEEC96A05F174
:10317000040BFEF755BFB6EE081A79EE019A1FED63
:103180001B7AFDEEE97AB8EEE76A39EEC63A23EE2D
:10319000074AFDEEC4BA1BEE90BAB8EEEBBA4FEA9E
:1031A0008B0734EE4BAA07F1040BFEF7FBBFF6EEDC
:1031B000085A37EEA57A1FED296AFDEEC74AB8EE28
:1031C000E4DA77EE4DDA6DEE863ABDEEE3CA1CEE38
:1031D00010BAF8EECC7A4FEA8B0773EEE7DA07F114
:1031E000040BFEF751BE16F0030280ED15AAC0EDE8
:1031F000196A80ED187AC0ED174A80ED166A80EDE5
:103200001D1A80ED1E0A00F0878093ED008AD0ED34
:103210001FDAE8EE01DA012A06F1FF36ADEEC08AC8
:1032200028EE011AADEE801A80ED1F1AA3EC018A78
:1032300090ED1D1A90ED1E0A6ED0022A14D093ED67
:1032400000DAD0ED1F2AEDEE012A013EA2EEC0DA2F
:103250002DEE016AA2EE806A80ED1F6AA3EC01DA0E
:1032600090ED1D1A90ED1E0AD3ED004AD0ED1F6AB5
:10327000E4EE816A013EE6EEC04A24EE817AA6EED3
:10328000807A80ED1F7AE3EC014A90ED1D1A90EDF3
:103290001E0A41E0D3ED018AD0ED1FCAD0ED1D0A10
:1032A000D0ED1E1AE8EEA0CA1033043EECEEE18A1F
:1032B00028EEA03AACEEA13A80ED1F3ACAED008AA2
:1032C000DAED01BA90ED1FCA90ED1D4AD0ED1E9ABD
:1032D000ABEE84CAECEE69BA2BEE849AACEE299A76
:1032E00080ED1F9A43ED02BA53ED015AD0ED1F7ADB
:1032F00090ED1D5A90ED1E2AE5EE857AE7EEC25A52
:1033000025EE85AAA7EE82AA80ED1FAA43ED015AF9
:1033100090ED1D1A90ED1E0AD3ED003AD0ED1FAAD4
:10332000E3EE81AA9A46EAEEC03A23EE81BAAAEE0B
:1033300080BA80ED1FBAEAEC013A002EAAD102B0A1
:10334000BDEC0C8BBDE8F00F7047BDEEED7AC0ED23
:10335000056AF8EEC74A17EE105A7DEEE45A5FEDA3
:1033600094BA3CEEE5DA73EE2CCAFEF754BDBDEE1E
:10337000C63A73EE8C8AB8EEC37A13EE105A36EE64
:1033800047BAC0ED0C6A3CEE4B9A1FED9FCAFEF7A0
:10339000ECBEB6EE009AC0ED14CA76EEA26A3DEE1F
:1033A000077A25EE09CA5FEDA63AFFF787BA77EEEE
:1033B000C67AB6EE00DAB7EE007A77EE46DA67EE56
:1033C0008D4AC4EEAD3A33EE8D6A79E537EEEB9A6D
:1033D000B6EE001AF7EE009A69EE017A39EEEB6A62
:1033E00087EE867A37EE013A9BE5B6EE08CA71EEB3
:1033F0000C6AFDEEE68AB8EEE85A36EEC54A24EECF
:10340000099AF4E5B6EE08CA34EE0CBA5FEDBFBA1D
:10341000BDEECB7AB8EEC7AA3BEE4A9A69EE2B8A8C
:10342000FDEEE86A16EE905AF8EEE6AAAD0078EEE8
:10343000EA6A05F1040BFEF7F3BDB6EE08CA74EEB6
:103440008CCA1FEDCCDAFDEEEC5AB8EEE57A7CEED4
:10345000C74A64EE8D3ABDEEE3CA1CEE105AF8EE90
:10346000CCCAAD0033EEECDA05F1040BFEF72CBC50
:10347000F6EE085A7BEEA5DAFDEEEDCAB8EEEC7A70
:103480007DEEC74A24EE8CCA9CE57CEEE4CAB6EE1B
:10349000007A2CEE87DACDEE2C5A75EE874A15E6C7
:1034A0003AEE6ACAF6EE006A78EEEA8A2CEE265AFE
:1034B00085EE284A34EE269AE5E53CEE447AF6EEAF
:1034C00000BA27EE2BAA8AEE079A79EE2B8A37E606
:1034D0007CEEED4AF6EE00BA75EEED5A64EEABDA2C
:1034E000CDEEA5CA3CEEAB7AA6E5DFED208AFEF76D
:1034F0004CBB00221446FEF7D1BA00229246FEF7DA
:10350000AFBF0027B946FEF7FABA9FED193ADFEDD3
:1035100019BA30EE83BABDEECB5AB8EEC5AA15EE95
:1035200010AA3BEE4A9A69EE2B9AFDEEE96A16EE76
:10353000902AFEF795BF9FED0ECADFED0ECA3BEE57
:103540000CDAFDEECDDAB8EEED7A1DEE909A7DEE56
:10355000477A27EEAC0ABDEEC01A11EE107AFEF7DC
:10356000CEBA80ED1D1A80ED1E0AE8E600000000CC
:103570000000004300008043704700BF704700BF59
:10358000DFED507ADFF844C1C0ED0E7A00234FF032
:103590007C522DE9F00F4C4EDFF83481036100249A
:1035A0004FF07E57012543618361C3610462446229
:1035B0008462C4620463446383644364C365836553
:1035C000036643668366C3664367C367C0F890308B
:1035D000C0ED137AC0F83C80C0F85080C0F840C0FD
:1035E000C0F854C00267C0F88820C0F88C208767F4
:1035F00080F88050C0F88460C0F8A060C0F8BC605B
:10360000C0F8D860C0F8F460C0F81061C0F89470D9
:10361000C0F8983080F89C50C0F8A420C0F8A820CA
:10362000C0F8AC30C0F8B070C0F8B43080F8B85012
:10363000C0F8C020C0F8C420C0F8C830C0F8CC70B2
:10364000C0F8D03080F8D450C0F8DC20C0F8E020BA
:10365000C0F8E430C0F8E870C0F8EC3080F8F05002
:10366000C0F8F820C0F8FC20C0F80031C0F80471A0
:10367000C0F8083180F80C51C0F81421C0ED467A2A
:103680008E68C0F81C81BF2EC0F820C1C0F8283158
:10369000C0F82431C0ED4B7AC0F83081C0F834C195
:1036A000C0F83C31C0F8383106D90C68A6F1C00228
:1036B00004F1C0038A600B60C0F84041BDE8F00F20
:1036C000704700BF22BA003D6F12833ACAAA7F3FFB
:1036D0000AD7233C2DE9F00FD1ED016A9FEDD27A94
:1036E0002DED048BF2EE027A36EEE70AA6B0B4EEC8
:1036F000C70AF1EE10FA884604460492039301F1DA
:103700008986DFEDCA0AB4EEE00AF1EE10FA40F362
:1037100066840022FF219FEDC66A98ED033A9FED73
:10372000D08ADFEDD08AC348C34DD8F800309FED72
:10373000C39A9FEDC35A98ED051AD8ED025AD8EDF9
:10374000040AA3EE468A00EB820605EB8107D6ED5C
:10375000006AD7ED009A329EBDEEC87A29EEA60A1D
:10376000F8EEC77A17EE102A78EE671A05EB820991
:1037700061EEA82A99ED002ABDEEE24AF7EE003A82
:1037800014EE101A00EB810ADAED004A24EEC26A48
:1037900003F00200B0EE632AB50013F0010360EEFF
:1037A000051A0590A6EE092A0995109311D033EE5B
:1037B000C38ADFEDA48A9FEDA49AB6EE005AF7EE15
:1037C000089AE8EE059AA1EE289A69EE896AC4ED96
:1037D000046A9E4F9FED9E7A0FCF0DF1500BABE820
:1037E0000F0031EEA14A9DED140A64EE007A97E8CD
:1037F0000300F4EEC77AF1EE10FA8BE8030081F2D1
:10380000EF85DFED942A67EEA23AFCEEE34A14EE70
:10381000902A9DED156A9FED8E8A216A1A9264EEB8
:10382000068A2091F4EEC88AF1EE10FA81F2D5856D
:103830009FED889A28EE895AFCEEC59A19EE900AF7
:10384000DDED166A9FED827A666A1B9024EE260AE9
:103850002196B4EEC70AF1EE10FA81F2CE85DFEDC3
:103860007D7A60EE272AFCEEE23A13EE905ADDED07
:10387000174A9FED776AA36A1C9524EE248A229347
:10388000B4EEC68AF1EE10FA81F2B485DFED718AEA
:1038900028EE289ABCEEC95A15EE107ADDED189A7A
:1038A000DFED6B6AE26A1D9724EE290A2392B4EEDB
:1038B000E60AF1EE10FA81F29A859FED667A60EEE3
:1038C000077AFCEEE72A12EE901ADDED193ADFEDE9
:1038D000604A206B1E9124EE236A2490B4EEE46AC1
:1038E000F1EE10FA81F27F859FED5A8A66EE088A22
:1038F000BCEEE89A8DED009A329B666B009D1F9599
:10390000259603F1FF3B002B01F0B9851A9F209DFE
:103910001B9A029201972F444FEAD77C21981D9B56
:103920000A97029F07931C9906910744239A1E9BAE
:10393000079808932299069D249BDFED479A0F97DD
:103940001044089A0D900D440CEBD7791A4409EBFA
:10395000D57A009B0E950AEBD0713344019DDDF8BA
:1039600028A006980C9201EBD27606EBD37C05EEEC
:1039700010CAAA440E9D0799089A0B93F8EEC56ADF
:10398000BFEE000A05440D98049BB0EE407A3E4617
:10399000A6EEA97A029F08440C99A3EC017A3E4452
:1039A0001144009F0B9A0BF1FF3C3A440BF00107C6
:1039B000BBF1000F00F09D8027B34FEADA7909EBE5
:1039C000D67707EBD57909EBD07707EBD17909EBFF
:1039D000D27702EE907A019FBA44029F3E44069F3E
:1039E000F8EEE23A3D44079FA3EEA90A3844089F47
:1039F0000CF1FF3C3944009FA3EC010ABCF1FF3FEE
:103A00003A4476D0CDF844B0CDF84C80DDF818B00B
:103A1000DDF81C8012945746019CDFED0F8A4FEAB7
:103A2000D77A2744029C1FE0000000C30000FE423A
:103A30000000A84228E9030824E50308A69B443BAC
:103A4000519696393333333F9A99993E0886020846
:103A5000EE7CFF3E0000804FC3F5A83E0000904280
:103A600000000043000080434FEAD7790AEBD67A82
:103A7000264409EBD6740AEBD57A5D4404EBD5797C
:103A8000089C0AEBD07A0AEBD17A40442144009C8E
:103A900009EBD0790AEBD27A09EBD179224409EB10
:103AA000D27404EE90AA06EE104A019CBFEE009A72
:103AB000B8EEE48AB0EE495AF8EEC69A2744029C62
:103AC000A8EE285A2644089CA9EEA89AACF1020C4C
:103AD0002144009CA3EC015ABCF1FF3F5D444044EB
:103AE0002244A3EC019A97D1DDF844B0129CDDF892
:103AF0004C80029B0F9E069D0D9F0E99079A03FB1B
:103B00000B6005FB0B1102FB0B720C9E009F089BC8
:103B10000B9D2190229101980A99239203FB0B633C
:103B200007FB0B562493259600FB0B171FED350A58
:103B30001FED357A5FED357A219A229B6262A5EE00
:103B4000807AA362704D714ADFED712A2762FDEE23
:103B5000C73A239F24982599E762F8EEE34A13EECB
:103B6000906A37EE648A05EB860C28EE279ADCED26
:103B7000008A2063BDEEC96A616316EE103A02EB5B
:103B8000830ADAED009A28EEA95A25EE220AB5EE4C
:103B9000C00AF1EE10FA01F16084DFED5E6AB4EE66
:103BA000E60AF1EE10FA01F3398420EE007ADFED37
:103BB0005A7ADFED5A3ADFED5A4A9FED5A8ADFED25
:103BC0005A8A9FED5A9AE7EE273AB7EE006AE7EE77
:103BD000234AF0EE002AA7EE248AF0EE469AE7EE9A
:103BE000088AA7EE289A60EE097AE7EEA29A27EEF5
:103BF000A77A37EE290A86EE009A329FF0EE083A4D
:103C0000E5EEA33AF7EE005AC5EEA34AF0EE656A78
:103C1000E4EEA76AC4ED0E7A36EE878AC4ED0F4A49
:103C2000C5EE883A94ED116AD4ED122AC4ED103A2B
:103C3000002F00F0FA801BF003060498F0EE676A8C
:103C40005A4600F0D380049DD5ED008AF1EE469AE5
:103C5000E9EEA48A2846012E0BF1FF32E9EEA78A8D
:103C600078EEE24A24EEA35AA5EE276AE6EE272A6A
:103C7000A0EC016AE6EE272AD4ED0F4AD4ED0E6AD5
:103C8000D4ED103AA5EE276A00F0B080022E1CD0C9
:103C900090ED000AB1EE467AA7EE240A013AA7EEAB
:103CA000260A70EE625A65EEA33AA3EEA66AE6EE25
:103CB000262AA0EC016AE6EE262AD4ED0F4AA3EEEE
:103CC000A66AD4ED0E6AD4ED103A90ED008AF1EEBA
:103CD000468AA8EEA48A013AA8EEA68A78EE629AED
:103CE00069EEA34AA4EEA66AE6EE262AA0EC016AD3
:103CF000E6EE262AD4ED103AA4EEA66AD4ED0F4AD9
:103D0000D4ED0E6A72E000BF24E5030828E9030839
:103D1000CDCC4C3BABAAAA3E23FE2E4590ECAC4248
:103D20008F34214365482342A95D2541DB0F49407B
:103D3000D4ED0F9A90ED015AD4ED0E3A94ED108A1D
:103D400099ED017AA8EEA95A1030043AA8EEA35AC8
:103D500075EE628A28EE880AA0EE236AF0EE465AD3
:103D6000E0EE235A89ED006AD4ED0F6AD4ED0E4AD5
:103D7000D4ED109A10ED015AB1EE658AE6EE232AD1
:103D8000A8EE267AE6EE232AA8EE247A37EE626AB7
:103D900066EE293AE3EEA45AB0EE656AA3EEA46A91
:103DA00040ED025A94ED0F7AD4ED0E8A94ED100A8C
:103DB000F1EE466AE5EEA42AA6EE875AE5EEA42ABD
:103DC000A6EEA85A75EE625A65EE804AA4EEA86A7D
:103DD000E6EE282A00ED016AE6EE282AD4ED0E6A06
:103DE000D4ED103AA4EEA86AD4ED0F4A90ED005A33
:103DF000B1EE460AA0EE245A8146B0EE468AA0EE05
:103E0000265A35EE627A67EE235AA5EEA68AB0EE00
:103E1000486AE8EE262AA5EEA66AE8EE262AF1EE22
:103E2000468AA9EC018A002A82D160EEA09AF7EEB8
:103E3000000A70EEE94AF3EE006AE4EEA66A84ED49
:103E4000116A21EEA65AC4ED122AB5EEC05AF1EE5F
:103E500010FA01F1FE82B6EE006AB4EE465AF1EEB7
:103E600010FAC8BFB0EE465A3299002901F0198302
:103E7000D4ED052A099BCC4E0498326875EE225A7F
:103E8000B7EE008AF4EEC85A1F1FF1EE10FAC4ED27
:103E9000055AC7F380011844C1F2EA82C34DC44BEE
:103EA000DFEDC48A05FB02FA534403EE903AF8EEC4
:103EB000630ABEEE007AA0EEA87A1A4675EEC84AEA
:103EC00084ED067AC4ED054A049FD7ED006A37EE0B
:103ED000666AB946E9EE866AE9EC016A814500F056
:103EE0009A8069B394ED050A75EE002AF7EE005A40
:103EF000F4EEE52AF1EE10FAC4ED052AC0F2858051
:103F0000AA4DAB499FEDAB8A05FB02FC614407EE6D
:103F1000101AF8EE478ABEEE006AA8EE886A0A46D2
:103F200072EEE53A84ED066AC4ED053AD9ED000A71
:103F300076EE604AE9EEA40AE9EC010A81456AD00E
:103F400094ED050A994B9A49DFED9A5A75EE006A8D
:103F5000B7EE006AF4EEC66A03FB02FCF1EE10FA5B
:103F60006144FEEE002AC4ED056A51DB04EE901AAE
:103F7000F8EE640A76EEC63AE0EEA52A0A46C4EDEB
:103F8000053AC4ED062A99ED008A884D884FDFED89
:103F9000898A32EEC87AB7EE000AA9EE878A05FB55
:103FA00002FA5744BEEE006AA9EC018AD4ED055A24
:103FB00075EE256AF4EEC06AF1EE10FAC4ED056AFA
:103FC00023DB02EE907AF8EE624A76EEC00AA4EEA7
:103FD000A86A3A46C4ED050A84ED066AA6E79FED95
:103FE000781ADFED751A30EE012AFDEEC22AB8EE1E
:103FF000E23A12EE901A72EE433A23EEA14AFDEE37
:10400000C44A14EE902AFFF786BB94ED066A8DE74A
:10401000D4ED062AB7E7D4ED076AD4ED049A3260EE
:10402000B0EE665A91EE035A049E059D9DED323A1C
:1040300022EE291A821BF8EE439A334684ED041AC5
:10404000171FB3EC010AC5EE292AC7F38001002D22
:1040500001F0D68176EEA26AB0EE668A9FED577ABD
:10406000B5EEC00AF1EE10FAB1EE006AD8BFB0EEBC
:10407000476A60EE068AF7EE005AF0EEE83A73EE11
:10408000A50A9842C8EEA04A34EE875A25EE081ACF
:1040900003ED011A00F0988051B394ED043A059EA7
:1040A00022EE030A84ED040AB3EC018A002E41F0EB
:1040B000AB81F0EE408A9FED417AB5EEC08AF1EE19
:1040C00010FAB1EE006AD8BFB0EE476A68EE063A61
:1040D000F7EE005AF0EEE30A70EEA54A984283EE3E
:1040E000A45A35EE071A21EE283A03ED013A6BD0B7
:1040F000059F20E076EEA26AF0EE660A9FED2F7A29
:10410000F5EEC03AF1EE10FAB1EE006AD8BFB0EEAB
:10411000476A63EE864AF7EE005AB0EEE45A35EE8F
:10412000251A984284EE813A33EE070A20EE208A5F
:1041300003ED018A48D094ED040A22EE008A9A46E3
:1041400084ED048AF0EE483AFAEC018A1FB176EE6B
:10415000A26AF0EE663AF5EEC08A9FED187AF1EEAB
:1041600010FAB1EE006AD8BFB0EE476A68EE860A70
:10417000F7EE005AF0EEE04A34EEA55A534680EED0
:10418000851A31EE073A23EE230A0AED010A94ED6F
:10419000048A62EE088AC4ED048AF3EC013A002F27
:1041A000A8D1F0EE680AA9E7640000200D661900A6
:1041B0005FF36E3C0000802F00008043CDCCCC3DEF
:1041C000000000430000A842F0EE008A1BF003004C
:1041D000C4ED137A84ED159A049FC4ED148A94ED0E
:1041E000166A94ED170A5A4600F0D28097ED002A1D
:1041F000F1EE462AA2EEA82A01280BF1FF32F0EEDA
:10420000463AA2EEA72A72EE408A28EE899AE9EE93
:10421000273AA7EC019AA3EEA70AB0EE636AA9EECB
:10422000276AA3EEA70AD4ED148AD4ED137A94ED8D
:10423000159A00F0AD80022820D0D7ED000AB1EE2B
:10424000467AE7EE280A013AB0EE465AE7EE270A28
:1042500070EEC04A64EE895AA5EEA75AE7EC015AFF
:10426000A5EE270AB0EE456AA5EEA76AA5EE270AD5
:10427000D4ED148AD4ED137A94ED159A97ED001AC3
:10428000B1EE463AA3EE281A013AF0EE462AA3EE22
:10429000271A31EE408A28EE092AE2EE272AA7ECF7
:1042A000012AA2EEA70AB0EE626AA2EE276AA2EE87
:1042B000A70AD4ED148AD4ED137A94ED159A67E029
:1042C00094ED141A97ED013AD4ED130A94ED152AE2
:1042D000D9ED017AF1EE492AA2EE813A1037043A7B
:1042E000A2EEA03A73EE403A23EE825AA5EE209A4F
:1042F00089ED005AB0EE498AA5EE208A94ED147A31
:10430000D4ED138AD4ED155A17ED016AF1EE484A3F
:10431000A9EE200AE4EE877AA9EE200AE4EEA87A54
:10432000B0EE483A37EEC09A29EE251AA1EE283AA7
:1043300007ED021AF0EE430AE1EE280A94ED142A82
:10434000D4ED137AD4ED152AF1EE603AA3EE280AE3
:10435000A3EE826AA3EE280AA3EEA76AB0EE607A03
:1043600036EE405A25EE228AA8EE277A07ED018A1A
:10437000F0EE478AE8EE278AA7EE270AB0EE686AD1
:10438000A7EE270AD4ED148AD4ED137A94ED159A8A
:10439000D7ED003AF1EE460AE0EEA83AB946E0EE73
:1043A000A73A33EEC07A67EE094AA4EEA76AE9ECB1
:1043B000014AA6EE270AB0EE469AA4EEA79AA6EE08
:1043C000270A002A7FF47CAFC4ED076A98ED031A30
:1043D0005FED855A1FED855A84ED169AF1EE417A0C
:1043E000B0EE659AA7EE859AC54FC648DFEDC66A5E
:1043F0009FEDD43AD4F84011099D0191E7EEA65AF9
:1044000029440291FDEEC93AFDEEE56AB8EEE32AD1
:10441000B8EEE66A79EE420A35EEC67A60EE834A75
:1044200067EE035ABDEEE45A13EE902A15EE10CA59
:10443000BDEEE53A07EB8C0600EB820996ED009A9B
:10444000D9ED003ADFEDB12A84ED170A16EE901A85
:1044500013EE103AB7EE007A69EE636A07EB830A4F
:1044600098ED050A98ED028AD8ED040A9AED002A23
:10447000DFEDA78A109D00EB8108F0EE474AD8EDEA
:10448000007AE6EEA24A22EE676AB0EE472AF0EE24
:10449000642AA6EE282A8DB177EE418A9FED9D5AB7
:1044A0009FED9D3AF6EE005AB7EE089AA8EEA59A4F
:1044B000A0EE053A69EE033AC4ED183ADFED974AEB
:1044C000DFED978A9FED976ADFED976A9FED977A08
:1044D000DFED977A039E099F039B34EE243AB4EEF6
:1044E0000C5A84EE034A3E44B342009664EE285AC6
:1044F00024EE069A64EE263A64EE074A64EE278AB2
:1045000024EE056ACDED205A8DED219ACDED223AAB
:10451000CDED234ACDED248A8DED256A47D09A460C
:1045200000204AF8040BC3EB060CACF1040256451C
:10453000C2F382013BD019B301291AD0022915D048
:10454000032910D004290BD0052906D0062918BF4D
:104550004AF8040B00254AF8045B00264AF8046B6D
:1045600000274AF8047B00234AF8043B00204AF85D
:10457000040B4FF000094AF8049B009A524516D0EC
:10458000009DD046002648F8046B0AF1200A4AF83C
:104590001C6CC8F804604AF8146C4AF8106C4AF8AD
:1045A0000C6C4AF8086C4AF8046C5545E9D126AF02
:1045B0000DF1800A04F1900104F1740304F180020A
:1045C000069704949AED004ADFED5A6AB4EEE64A83
:1045D000F1EE10FA00F1B284B5EE007AB4EEC74AFB
:1045E000F1EE10FA00F3E686F0EEC47A37EEA79A01
:1045F000B6EE003AB4EEC39AF1EE10FA40F36887D3
:1046000093ED046AD3ED056A329C52ED035A74EEC1
:10461000463A79EE664AC3EEA98A84EEA93A002C9E
:1046200000F092805846019D47E039EE665A1E73AD
:10463000C5EE067A74EEE74A67EEA33A24EE844AA2
:10464000E7EEA35AA4EE847AB7EE005AB4EEC59A08
:10465000F1EE10FAF6EE007ABEEE004A4DDB39EECE
:10466000459A0027C9EE064A02ED049A35EE645ACF
:1046700064EEA73A65EE047AE4EEE35A1F73A5EE02
:10468000677AF0EE654AB0EE004AFFEE005AE4EEBB
:10469000845A0138F4EEC96A9FED279AE5EC015A75
:1046A000F1EE10FAF7EE004AD4BFB0EE645AB0EE65
:1046B000495A441C75EE075A46D052ED047A9FEDD4
:1046C0001E7A36EE286A76EE836A36EE279AF7EE81
:1046D000004AF4EEC96A02ED049AF1EE10FA93F87A
:1046E0000CC08CBF00260126B445F6EE003ABEEEA3
:1046F000004A9AD19FED107AA6E7F0EE654AC2E72C
:1047000028E9030824E5030800001042A69B443B67
:104710000AD7233B3333333F9A99993E0AD7233C38
:104720008988883BD7A3203E7B142E3C44442C3EF2
:10473000602C793CBD3786350000000000009042B7
:104740000000004300008043DAED013A5FED078A84
:1047500042ED035AF4EEE83AF1EE10FAC3ED056AC1
:1047600083ED046A00F1DC83B5EE003AF4EEC33A5F
:10477000F1EE10FA00F31986B0EEE36A36EE069A0F
:10478000F6EE006AB4EEE69AF1EE10FA40F39B867C
:10479000D3ED0B4A93ED0C4A329C91ED005A73EE27
:1047A000E45A79EE448A85EEA93AC8EEA93A002C7B
:1047B00000F053810BF0010674EE836A11ED016A7B
:1047C00076EE867AB7EE007AF4EEC77AF1EE10FA5A
:1047D00034EE234AC0F2F38577EEC77ABEEE009A34
:1047E000C7EEA68AF6EE004A37EE686A5FED2E5AEB
:1047F00041ED017A26EE097A28EEA49AE6EE475AB0
:10480000A8EEC95A029FF0EE008AFFEE004AE5EEDC
:10481000284A0BF1FF3975EEA77AE7EC014ABBF1A4
:10482000000F00F0A480002E00F0848076EE836AF2
:1048300011ED015A36EE857AB7EE006AB4EEC67A0B
:10484000F1EE10FA34EE234AC0F2BF8537EE467A15
:10485000BEEE009AC7EE265AF6EE004A36EE655ACC
:104860005FED4B8A01ED017A25EE096A25EEA49AE7
:10487000E5EE468AE5EEC97A09F1FF39F0EE005A15
:10488000FFEE004AE7EEA54A19F1010478EE877AB7
:10489000E7EC014A4ED16AE037EE467AC7EE264A87
:1048A00001ED017A36EE646A24EE859A26EE255AE9
:1048B000E4EEC97AE6EE458A09F1FF30F0EE005ADF
:1048C000FFEE004AE7EEA54A76EE836AE7EC014A7E
:1048D00051ED017A5FED685A76EEA77AB7EE006A7D
:1048E000F4EEC67AF1EE10FA78EE878A34EE234AB7
:1048F000B6EE007ABEEE005A34DB77EEC67AC7EE2B
:10490000A64A41ED017A36EE646A24EE879A26EED5
:10491000057AE4EEC98AE6EE475A00F1FF39B0EEB7
:10492000005AFFEE004AE8EE854A75EEA77AE7ECFA
:10493000014AE0B176EE836A11ED017A5FED828A79
:1049400036EE877AB7EE006AB4EEC67AF1EE10FA68
:10495000B6EE005AFEEE005A34EE234A9CDA01ED20
:10496000017AA9E75FED8C5A41ED017AD5E703980A
:10497000019D029CC1ED007A83ED0C4AC3ED0B6AE8
:10498000B5EC013AF4EC013AF0EC016AE3EE236A8B
:104990000BF003070BF1FF3640ED016ABBF1000F8E
:1049A0005BD037B3012F17D0022F0AD0F5EC018A64
:1049B000B4EC014AF0EC015AE8EE845A013E40EDB5
:1049C000015AB5EC016AB4EC019AB0EC017AA6EE9A
:1049D000097A013E00ED017AB5EC015AF4EC014A86
:1049E000F0EC017AE5EE247A013E771C40ED017A85
:1049F00033D0A9460746A046B9EC013AF7EC016A64
:104A0000F8EC013AE3EE236ABC461035103447ED6A
:104A1000016AD9ED008A98ED004AFCEC015AE8EEF3
:104A2000845A00F10C091030043E4CED015A15ED8A
:104A3000026A14ED029A19ED017AA6EE097A771C42
:104A400009ED017A15ED015A54ED014A50ED017A54
:104A5000E5EE247A40ED017ACBD1069D0AF1080AF1
:104A6000AA4501F1380103F1380302F138027FF45D
:104A7000A9AD1FEDCE3A5FEDCE3A5FEDCE8A694B20
:104A8000694A9FED6A4A049CE8EE033ABDEEE38A68
:104A9000F8EEC86A18EE10AA73EEE65A03EB8A0124
:104AA00025EEA89A91ED006ABDEEC97A17EE100ABC
:104AB00002EB800696ED005A66EE054A64EE847AB3
:104AC000F5EEC07AF1EE10FA00F1B8849FED583A95
:104AD000F4EEC37AF1EE10FA00F3A88467EEA73A79
:104AE000DFED548A9FED548A9FED549A9FED547ADE
:104AF000DFED545A9FED546AA3EEA88AF7EE006AE0
:104B0000A3EE889AB0EE004AA3EE897AB0EE665A18
:104B1000E3EE875AA3EEA56A67EE867AA7EE845A7B
:104B200077EEA64AA7EEA75AE7EEA74AC6EE853A61
:104B3000C6EEA44A329FF7EE005AC4ED467AC4EDA1
:104B4000484AC4ED475A94ED496A94ED4A3A002F19
:104B500000F0F9801BF00301039BF0EE676A5A46F0
:104B600000F0D280039DD5ED008AB1EE468AE8EED2
:104B7000258A2B4601290BF1FF32E8EE278A38EE11
:104B8000C39A29EE247AA7EE276AA6EE273AA3EC69
:104B9000016AA6EE273AD4ED475AD4ED466AD4ED21
:104BA000484AA7EE276A00F0AF8002291CD093ED97
:104BB000005AB1EE464AA4EE255A013AA4EE265A0E
:104BC00075EE435A65EEA44AA4EEA66AA6EE263A0E
:104BD000A3EC016AA6EE263AD4ED475AA4EEA66AE3
:104BE000D4ED466AD4ED484AD3ED008AB1EE468A48
:104BF000E8EE258A013AE8EE268A38EEC39A29EED5
:104C0000247AA7EE266AA6EE263AA3EC016AA6EE5F
:104C1000263AD4ED475AD4ED484AA7EE266AD4ED99
:104C2000466A71E024E5030828E90308CDCC4C3B33
:104C3000ABAAAA3E23FE2E4590ECAC428F34214312
:104C400065482342A95D2541DB0F4940D4ED475A11
:104C5000D3ED018A94ED464A94ED488AD8ED016A75
:104C6000E7EE258A1033043AE7EE048A38EEC37A79
:104C700027EE089AA9EE046AF0EE465AE9EE045AC5
:104C800088ED006A94ED477AD4ED464AD4ED488A1F
:104C900013ED015AB1EE658AA6EE043AE8EE076A12
:104CA000A6EE043AE8EE246A36EEC36A26EE284AF7
:104CB000E4EE245AB0EE656AA4EE246A43ED025A8B
:104CC00094ED479AD4ED466A94ED487AF1EE468A1F
:104CD000A5EEA43AA8EE895AA5EEA43AA8EEA65AE3
:104CE00075EE435A65EE874AA4EEA66AA6EE263A0A
:104CF00003ED016AA6EE263AD4ED475AA4EEA66A61
:104D0000D4ED466AD4ED484A93ED005AB1EE464AD6
:104D1000A4EE255A9846B0EE469AA4EE265A75EEB1
:104D2000438A28EEA48AA8EE269AB0EE496AA9EE34
:104D3000263AA8EE266AA9EE263AB1EE467AA8EC03
:104D4000019A002A82D160EEA00AF7EE005A75EEB1
:104D5000E04AF3EE006AE4EEA66A84ED496A21EEC9
:104D6000A66A84ED4A3AB5EEC06AF1EE10FA00F197
:104D70006D83F6EE001AB4EE616AF1EE10FAD8BF58
:104D8000F0EE461A3298002800F07C8394ED193A30
:104D90000099039F724D31EE834AF7EE008AC7EB0C
:104DA000010CB4EEE84AACF10409F1EE10FA84ED1E
:104DB000194AC9F380012A68C0F2578369486A4BCF
:104DC0009FED6A9A00FB02FA534405EE103AB8EEE2
:104DD000457ABEEE008AA7EE098A1A4674EE685A32
:104DE00084ED1A8AC4ED195A039E009FD6ED004A3D
:104DF00078EE646AB046E0EEA64AE8EC014AB845AF
:104E000000F0B88079B394ED196A31EE863AB7EEC6
:104E1000004AB4EEC43AF1EE10FA84ED193AC0F249
:104E20002B83504850499FED518A00FB02FC61449E
:104E300009EE101AB8EE495AFEEE008AE5EE088A2D
:104E40000A4633EE447AC4ED1A8A84ED197AD8ED15
:104E5000005A009B78EEE54AE0EEA45AE8EC015ACD
:104E6000984500F08780009E41E008EE101AB8EEE9
:104E7000489A34EE465AE9EE038A0A4684ED195AF6
:104E8000C4ED1A8AD8ED004A3648374BDFED375A61
:104E900038EEE47AB7EE003AE0EE874A00FB02FA19
:104EA0005344BEEE006AE8EC014AD4ED196A31EED3
:104EB000A64AB4EEC34AF1EE10FA84ED194A4CDB6F
:104EC00008EE903AB8EE688A34EE439AA8EE256A66
:104ED0001A4684ED199A84ED1A6A98ED005A76EE16
:104EE000454AA0EEA45AA8EC015AB04542D0D4EDF0
:104EF000196A1C4F1C499FED1D3A31EEA64AB7EEC8
:104F0000006AB4EEC64A07FB02F9F1EE10FA494412
:104F1000FEEE008A84ED194AA7DAD4ED1A8AB1E7C9
:104F20009FED139AF0EE683AF6EE007AB4EEE79A47
:104F3000F1EE10FA58BFB0EE679A29E49FED0C9A93
:104F4000B0EE664AF6EE005AB4EEE59AF1EE10FACB
:104F500058BFB0EE659AFFF753BB94ED1A6ABCE7F1
:104F6000640000200D6619005FF36E3C0000802F86
:104F7000DEFF7F3FD4ED180AD4ED1B6A2A60F6EEFF
:104F8000001AF4EEE10AF1EE10FAF0EE665AD0EEF5
:104F9000015A039D009A0599D4BFB0EE427AB0EE53
:104FA000627A20EE870AC5EB0208AA46A8F1040639
:104FB00084ED180ABAEC011AC5EEA99AC6F3810766
:104FC00019B176EEA96AB0EE660A009821EE003AB1
:104FD00050450AED013A00F0DA80002F5DD0012F34
:104FE0003BD0022F1CD094ED184A059AB6EE006A09
:104FF000B4EEC64AF1EE10FAD4BFF0EE428AF0EEFB
:10500000628A24EE289A84ED189ABAEC018A1AB1C1
:1050100076EEA96AB0EE669A28EE095A0AED015AB0
:10502000D4ED184A059DF6EE000AF4EEE04AF1EEE2
:1050300010FAD4BFF0EE421AF0EE621A24EEA17A12
:1050400084ED187AFAEC015A1DB176EEA96AB0EE39
:10505000667A25EE871A0AED011A94ED180A059E64
:10506000B6EE003AB4EEC30AF1EE10FAD4BFB0EED9
:10507000424AB0EE624A60EE048AC4ED188ABAEC85
:10508000016A1EB176EEA96AF0EE668A009F26EEEE
:10509000288A57450AED018A79D00599009894ED40
:1050A000189AB6EE005AB4EEC59AF1EE10FAD4BFD3
:1050B000F0EE424AF0EE624A69EE241AD446C4ED9C
:1050C000181AFCEC010A19B176EEA96AF0EE661A1C
:1050D00060EEA15AB6EE001A4CED015A94ED187A22
:1050E000B4EEC17AF1EE10FAD4BFB0EE420AB0EEDF
:1050F000620A27EE004AE14684ED184AB9EC013A0B
:1051000019B176EEA96AB0EE664A63EE048AB6EE8D
:10511000006A49ED018A94ED188AB4EEC68AF1EE70
:1051200010FAD4BFB0EE429AB0EE629A68EE094A25
:105130000CF10803C4ED184A9CED015A19B176EE42
:10514000A96AF0EE664A65EE240AF6EE001A43ED0F
:10515000010AD4ED185AF4EEE15AF1EE10FAD4BF78
:10516000B0EE421AB0EE621A25EE817A0CF10C0A0A
:1051700084ED187A9CED020A19B176EEA96AB0EEB8
:10518000667A20EE073A50450AED013A87D1B0EE33
:10519000003A1BF00302C4ED4B7AC4ED4D3A039D77
:1051A00084ED4C3A94ED4E6A94ED4F0A00F0138171
:1051B00095ED002AF1EE462AA2EE832A012A0BF190
:1051C000FF3BB0EE464AA2EEA72A72EE409A69EE85
:1051D000A33AA3EEA74AE5EC013AA4EE270AB0EE03
:1051E000446AA3EEA76AA4EE270A94ED4C3AD4EDE4
:1051F0004B7AD4ED4D3A00F0EE80022A21D0D5ED65
:10520000008AB1EE468AE8EE038A0BF1FF3BB0EE6E
:10521000465AE8EE278A38EEC09A69EE234AA4EE91
:10522000A75AE5EC014AA5EE270AB0EE456AA4EEBE
:10523000A76AA5EE270A94ED4C3AD4ED4B7AD4ED4B
:105240004D3AD5ED000AF1EE461AE1EE830A0BF174
:10525000FF3B5E46B0EE467AE1EEA70A70EEC05A1A
:1052600025EEA31AA1EE277AA5EC011AA7EE270ACC
:10527000B0EE476AA1EE276AA7EE270A94ED4C3AF2
:10528000D4ED4B7AD4ED4D3A67E0D4ED4C8A95EDF0
:10529000018A94ED4B9A94ED4D4AD8ED017AF1EEE6
:1052A000694AA4EEA88A1035043EA4EE898A38EE35
:1052B000405A65EE040AE0EE899AC8ED000AF0EE65
:1052C000691AE0EE891A94ED4C1AD4ED4B5A94ED1C
:1052D0004D7A15ED016AB1EE613AA9EE890AE3EE65
:1052E000017AA9EE890AE3EE257AF0EE619A37EEAB
:1052F000C02A62EE072AE2EEA59A45ED022AF0EEF8
:10530000698AE2EEA58A94ED4C8A94ED4B9AD4ED2D
:105310004D3AB1EE684AA9EEA50AA4EE086AA9EED4
:10532000A50AA4EE096AB0EE685A76EE407A67EEF6
:10533000A34AA4EE895A45ED014AA5EE090AF0EE0A
:10534000450AE4EE890AA5EE090A94ED4C3AD4ED3B
:105350004B7AD4ED4D3AB0EE606A95ED002AF1EE4D
:10536000462AA2EE832AA846A2EEA72A72EE409A07
:1053700069EEA33AA3EEA76AE8EC013AA6EE270A83
:10538000F0EE469AE3EEA79AA6EE270A002E7FF4E7
:105390007CAFC4ED4E9A84ED4F0AC4ED1B6A26B073
:1053A000BDEC048BBDE8F00F7047F0EE433AB6EE6B
:1053B000009AB9E5B0EE474AB6EE009AC2E5DFEDD5
:1053C000475A41ED017AFFF71DBADFED448A01ED3E
:1053D000017AFFF751BA5E46BFE74148FEF730BA9F
:1053E0003F4AFEF716BA3E4E0096FEF785BA3C4994
:1053F000FEF76BBA3A4FFEF751BA394DFEF737BA9E
:10540000B0EE418AFEF72ABE76EEA26AF0EE668A18
:10541000FEF751BE00221146FEF77DB99FED319A8D
:105420009FED317ADFED317AFEF7E7BBDFED304AF1
:10543000DFED2E7ADFED2B3AFFF77CBBF7EE004A6B
:10544000F0EE643ADFED257AFFF774BBDFED231A47
:1054500098E49FED225AFEF707BD9FED207AB7EE44
:10546000009AF0EE477AFEF7C8BB94ED1A8ABBE4C7
:1054700094ED067AFEF728BDD4ED1A8AE7E4209F62
:10548000FEF754BB4FF08046C4ED4B7AC4ED4D3A65
:10549000C4F83061D4ED1B6AD4ED4E9A94ED4F0AF6
:1054A00077E74FF0804C84ED159AC4ED137AC4F879
:1054B00050C0D4ED076A94ED169A94ED170ADFED0B
:1054C000079AFEF781BFB7EE007A37EE499A2BE5CF
:1054D000B7EE005A35EE499A34E500BF00000000EF
:1054E0000077BE7F8C500D3EC1323740AB8FD83F26
:1054F000195C383E704700BF8B685F2B10B50ED922
:105500000A68603B02F160048B600C600368C0F8BD
:105510003C2100215A68C0F84011904710BD00227C
:10552000F4E700BF10300DF0CBBC00BF2DE9F04315
:1055300085B016460C9F4FEA870C6244964249D0CC
:1055400034464FF0000E44F804EB951BA5F1040817
:10555000A242C8F382053DD035B3012D1ED0022DE5
:1055600018D0032D13D0042D0DD0052D07D0062DF6
:1055700018BF44F804EB4FF0000944F8049B4FF0C7
:10558000000E44F804EB4FF0000844F8048B0025AB
:1055900044F8045B4FF0000944F8049B4FF0000E00
:1055A00044F804EBA24215D025464FF0000845F818
:1055B000048B203444F81C8CC5F8048044F8148C07
:1055C00044F8108C44F80C8C44F8088C44F8048C93
:1055D000A242E9D103EB0C0293424AD01C464FF0A1
:1055E000000944F8049BC3EB020EAEF1040CA24286
:1055F000CCF382053DD035B3012D1ED0022D19D03C
:10560000032D13D0042D0DD0052D07D0062D18BF66
:1056100044F8049B4FF0000844F8048B4FF0000955
:1056200044F8049B4FF0000E44F804EB4FF0000CDC
:1056300044F804CB002544F8045B4FF0000844F81C
:10564000048BA24215D0A6464FF000094EF8049BE9
:10565000203444F81C9CCEF8049044F8149C44F880
:10566000109C44F80C9C44F8089C44F8049CA2420A
:10567000E9D190ED501AD1ED045AD1ED016A9FEDB8
:10568000306A9FED307A0A6891ED050A75EEC10A1D
:10569000F2EE027AA0EE861AC2F3400E00F1100C70
:1056A00076EEE71A02F00102F4EEC71AF1EE10FAF4
:1056B00080ED501A40D49FED242AF4EEC21AF1EE88
:1056C00010FA24DD0024FF25DFF88C90DFF88C80B1
:1056D000D0F83C01D1ED021A91ED032A009609EBB6
:1056E000850108EB8406D1ED000A96ED007ADFED26
:1056F000176A019360EE877A034602976046714607
:1057000067EEA60A0DF0EAFB05B0BDE8F083DFED19
:10571000102A9FED103A71EEA23ABDEEE34AF8EE80
:10572000C44A14EE105A33EEE45A65EE035ABDEE45
:10573000E56A16EE104AC7E700242546C4E700BF15
:105740000AD7233C000000C30000FE425196963960
:10575000000000430000804324E5030828E9030813
:10576000704700BFF0B48F68174D184C184A194E97
:10577000C66100235F2F036143618361036243625B
:1057800083620364C3634365036583664366C366DC
:10579000036743678367C662056345648565446341
:1057A0008464C4658263C264026608D90B68603F82
:1057B00003F160068F600E60C367F0BC7047002382
:1057C000C367F0BC704700BF22BA003D0AD7233C34
:1057D000CAAA7F3F6F12833A704700BF2DE9F00FCE
:1057E000D1ED017ADFEDD46AB2EE027A37EEC70A64
:1057F0002DED088BB4EEE60AF1EE10FADDF840C0AC
:1058000000F15583DFEDCD0AB4EEE00AF1EE10FAB7
:1058100040F33F810026FF27D1ED045ADFEDC84A4F
:10582000C84DC94C9FEDC48A9FEDC85AE5EEA47AD5
:1058300005EB870804EB8609F3EE088A37EEE8AA41
:10584000F2EE02AA98ED009AD9ED009A7AEE6ABAC1
:1058500029EE29BAF4EEC8BAF1EE10FA2BEE051AC9
:1058600000F12C83DFEDB57AF4EEE7BAF1EE10FA31
:1058700040F341834FF0000A4FF0FF0B0E689FED9D
:10588000BC3ADFEDB33A9FEDB34AD1ED025ADFEDFA
:10589000AA8A9FEDAE8A06F00207002FFBEE084AA7
:1058A00008BFB0EE643A18BFF0EE443AA5EEA33A52
:1058B00005EB8B0804EB8A09B2EE025A98ED009AC8
:1058C000D9ED009A33EE45AA69EE29AAB4EEE8AA0A
:1058D000F1EE10FA2AEE88BA00F1EC82DFED97BA09
:1058E000B4EEEBAAF1EE10FA40F3F2824FF0000AA8
:1058F0004FF0FF0B91ED032ADFED972A9FED953ACC
:10590000DFED963A9FED914AA2EE223A04EB8A0728
:1059100005EB8B08D7ED005A98ED008AFDEEC38A9F
:1059200068EE254AB8EEE89A18EE909A73EE499A16
:1059300005EB890529EEA3AA95ED005AFDEECABA3A
:1059400064EE84AA1BEE907A04EB870494ED007A4F
:10595000F5EEC0AA65EE076AF6EE007AF1EE10FAEF
:1059600006F0010966EEA70A00F1AF82B7EE000A61
:10597000F4EEC0AAF1EE10FAD8BFB0EE6A0A90EDCC
:10598000079AD0ED063A90ED054A01EE90CA30EE46
:10599000496AB8EE612A86EE028AB9F1000F02D098
:1059A0004FF07E5606610CF1FF35BCF1000F00F0A0
:1059B0008C80DFF8B4A12E46DAF800801F4640E064
:1059C000B4EE47AAF1EE10FACCBFB0EE470AB0EE43
:1059D0004A0A90ED046ADFED666A39EE063AF7EEA0
:1059E000005AB4EEE53AF1EE10FAF6EE001AFEEEC9
:1059F000002A63DB73EE659A37EEC45AC9EE894A12
:105A0000B0EE674A35EEE4AA64EEA18A6AEE22BAE5
:105A100024EEA87A2AEE2B6AF0EE631AE5EE071A56
:105A2000E5EE066AC0ED049A77EEE13A013EE3EE58
:105A3000801AB6F1FF3FA04676EE843AE7EC011AF1
:105A400041D0DFF828B1464CDFED462A39EE089AFE
:105A50000BFB08F84444B5EE003A05EE904A79EEA7
:105A6000434AF1EE009AF8EE658A24EEA9AA28EEE0
:105A7000A25AB5EEC0AAF0EE00BAFFEE007AF1EE3F
:105A800010FAE5EE2B7AB7EE007A99D59FED380A39
:105A90009FE79FED306A9FED311A70EE061ABDEE5A
:105AA000E12AF8EEC22A12EE107A31EEE23A63EE03
:105AB000013ABDEEE34A14EE106AADE680ED043A19
:105AC000F0EE631AB0E7CAF800406BEE2AAAC0ED08
:105AD000063ACAEE817AC76F80ED054AF5EEC07AC4
:105AE000F1EE10FA80ED079A00F1EC81B7EE008A32
:105AF000F4EE487AF1EE10FAC8BFF0EE487AD0ED35
:105B00000B8AD0ED0A3A90ED094A37EEE89AC9EED1
:105B1000029AB9F1000F03D04FF07E59C0F82090DF
:105B2000BCF1000F00F09680DFF83CA02E46DAF8BA
:105B30000090B8465FE000BF000000C30000FE42D6
:105B40000000404224E5030828E9030851969639ED
:105B500000001843000000430000F04200008043B2
:105B60005FF36E3C0000802F640000200D6619007A
:105B700000000000B4EE46AAF1EE10FACCBFF0EE41
:105B8000461AF0EE4A1AD0ED08AA1FED078A38EE41
:105B9000AA0AF7EE006AB4EEE60AF1EE10FAF6EEA3
:105BA000007ABEEE009A4EDB70EE662A37EE443A7B
:105BB00082EEA85AF0EE63AA36EEC5AA65EE274A31
:105BC0006AEE095A65EE24BA2AEE256AE3EE2BAA9C
:105BD000A3EE068AB0EE474AC0ED082A77EE6A3A8D
:105BE000013EE3EEA1AAB6F1FF3FA14678EE043AEA
:105BF000E8EC01AA2CD0DFF858B3C94C9FEDC90AD4
:105C000078EEA98A0BFB09F94C44F5EE006A02EE26
:105C1000904A38EEE65AF1EE004AB8EE623A25EEC6
:105C200024AA63EE005AB5EEC0AAF0EE00BABFEEA9
:105C3000007AF1EE10FAA5EEAB7AB7EE006A99D5CC
:105C4000DFEDB91A9FE780ED080AF0EE63AAC5E719
:105C5000CAF80040C0ED0B8AD1ED049AD0ED1E2A9F
:105C600090ED1B6A90ED1C5A90ED1D3AC0ED0A3A7A
:105C700079EEE28A31EE461A3BEE45BA70EEC30A7F
:105C800088EE829A80ED094AC1EE028A8BEE028A82
:105C900080EE820ABCF1000F00F0FC80013D36EE80
:105CA000286A35EE085ADFEDA16ADFEDA1BA9FED53
:105CB000A17A9FEDA12A9FEDA14ADFEDA14A9FEDB8
:105CC000A1BAD0ED0F3AD0ED109ADFED971A66EE3B
:105CD000067A65EE055AB0EE66AAA7EEABAAE5EE27
:105CE000AB6AB0EE471AF0EE470AA7EE8A1AE5EE65
:105CF000A60A33EE003AF7EE00BACBEE836AF0EE76
:105D000042AAE7EE81AAA5EEA02AB0EE44AAA7EE29
:105D1000AAAAA5EE824AB0EE642AA7EE8A2AE5EE88
:105D2000844A66EE027A65EE244AB0EE6B4AF0EEE3
:105D30006B5AA7EEA64AE6EEA45AA7EEA74AE4EEEF
:105D4000A45AF6EE00AA73EE2A0A8BEE847A8BEE42
:105D5000A5AA20EE8BBAC0ED117A2BEE061AB1EE91
:105D6000C12A8BEE824AC0ED126AC0ED176A80ED3F
:105D7000137A80ED18AAC0ED0C7AC0ED164AC0ED7A
:105D80000D6A80ED0E7AF3EC014AF7EC015A64EEED
:105D9000240A72EE892AB0EE60BAA6EEE3BA72EE79
:105DA000EA6AA7EEE3BAF0EE00AA3BEE691AB0EE9B
:105DB0006B2A27EE011AA2EEEA2AB0EEE6AAE7EE77
:105DC000813AEAEE6ABAB4EE612AF1EE10FA6BEEAD
:105DD000A3BACCBFB0EE617AB0EE427AE7EEA39AF6
:105DE000E7EE01BA48BFB0EE612AE2EE29BA691CBB
:105DF00064EE255AE2EC01BA90ED144AD0ED12BAE5
:105E0000D0ED194A90ED17BAD0ED116A90ED167ADF
:105E1000D0ED151A90ED1A2AD0ED13AA90ED18AA1C
:105E2000EBEEC40AEBEE645AE4EE660AE4EEC75AFF
:105E300070EEE10A75EEC25A60EEAABA25EE8ABA91
:105E4000A6EEAB4AE7EE0B4AE6EE841AA7EE242A4A
:105E5000E7EEA39AE7EE813AF0EE447AE6EE841A92
:105E6000E6EEAB7AF0EE646AA7EE242AE7EE0B6A60
:105E700034EE244AC0ED109AC0ED0F3AC0ED151A69
:105E8000C0ED147A80ED1A2AC0ED196A03ED014ABB
:105E90007FF404AFBDEC088BC0ED1E2A80ED1D3AE7
:105EA00080ED1C5A80ED1B6ABDE8F00F704700269C
:105EB0003746B1E44FF0000AD3461BE54FF0000A25
:105EC000D346DBE4DFED187A19E69FED170A56E5B5
:105ED0007AEE047A9FED1C7AFDEEE76AB8EEE60AE8
:105EE00016EE90BA77EEC00A20EE876AFDEEC61A6B
:105EF00011EE90AAFEE4DFED156A9FED137A3BEEFA
:105F0000A60AFDEEC00AB8EEE06A10EE90BA70EE96
:105F1000461A21EE872AFDEEC22A12EE90AAADE4BF
:105F20005FF36E3C0000802F0000000090ECAC425C
:105F300023FE2E458F34214365482342A95D254128
:105F4000DB0F494000002042000080430000004376
:105F50000D661900704700BFD0F8A43010B403F5E7
:105F600080441946002221F8022B103323F80E2C0E
:105F70004A8023F80A2C23F8082C23F8062C23F84F
:105F8000042C23F8022C9C42EBD1C0F8A0205DF831
:105F9000044B704700232F4A0361F0B42E4D2F4C61
:105FA000436203628362C36383630364436503657F
:105FB0008365C36683660367C0F88430C0F88030A9
:105FC000C0F888304561C5624564C5654567C0F85D
:105FD0008C5084610463846404668467C0F89040D4
:105FE000C2614263C2644266C2678E68C0F8942090
:105FF000B6F5804FC0F89C30C0F8983028D30F68B1
:10600000A6F5804307F580458B600D6039464FF05B
:10601000000C134F134A104E0E4C104BC0F8A41036
:106020004FF07C51C0F8B070C0F8CC60C0F8D440DC
:10603000C0F8B420C0F8A820C0F8C8C0C0F8DCC0C0
:10604000C0F8D8C0C0F8D030C0F8AC10F0BC704771
:106050000021DCE7CAAA7F3F22BA003D0AD7233CD1
:10606000F5FFFF3FF5FFFF3E2DE9F00FD1ED016A8F
:106070009FEDAF7AF2EE027A2DED028B36EEE70A53
:1060800084B0B4EEC70AF1EE10FA8DE80C0000F10E
:106090004085DFEDA80AB4EEE00AF1EE10FA40F315
:1060A00021820023FF2291ED028ADFEDA35ADFED6A
:1060B000A38ADFF8AC92DFF8ACA2DFED9D6A9FED1A
:1060C000A06A28EE087A09EB8204E7EE258A0AEB3B
:1060D0008305F2EE020AD4ED007A95ED000A78EE1F
:1060E000E02A67EE801AF4EEE62AF1EE10FA21EECD
:1060F000862A00F112859FED8F4AF4EEC42AF1EE54
:1061000010FA40F30E850026FF2709EB87080AEBFB
:10611000860B98ED000ADBED006A9FED897AD1EDE0
:10612000037ADFED880A60EE261AF6EE004A21EEC9
:10613000874AF4EEE47A24EE043AF7EE002A63EE9E
:10614000203AF1EE10FA82EEA33A37EEE45A80F2EA
:10615000C38400224FF0800CF6EE008AF4EEE87A59
:10616000F1EE10FAD1ED044A0E680E99DFED761AC1
:10617000009F58BF9FED751A09EB8C030AEB820450
:10618000D3ED002A94ED004A009B44BFB0EEC51A3F
:1061900031EE011A4FEA810522EE848A64EEA15A9B
:1061A0002F44F0EE682A48BF21EE011A06F00102E2
:1061B000BB42E8EE082A029264EEA51A48D0009C81
:1061C000A4464FF000084CF8048BC4EB070BABF16E
:1061D00004066745C6F382013AD011B301291AD0EB
:1061E000022915D0032910D004290BD0052906D087
:1061F000062918BF4CF8048B00224CF8042B00230E
:106200004CF8043B00244CF8044B00264CF8046B7B
:1062100000214CF8041B4FF000084CF8048B674534
:1062200016D062464FF0000B42F804BB0CF1200C74
:106230004CF81CBCC2F804B04CF814BC4CF810BCB0
:106240004CF80CBC4CF808BC4CF804BC6745E8D1D1
:10625000019F019B2F44BB4244D0019E4FF0000C94
:10626000BC1B46F804CB211FB742C1F3820539D0CD
:106270001DB3012D1CD0022D17D0032D12D0042DDB
:106280000DD0052D07D0062D18BF46F804CB4FF0D2
:10629000000846F8048B4FF0000B46F804BB0022C0
:1062A00046F8042B002346F8043B002446F8044B30
:1062B000002146F8041BB74214D0B44600254CF820
:1062C000045B203646F81C5CCCF8045046F8145C9D
:1062D00046F8105C46F80C5C46F8085C46F8045C2E
:1062E000B742EAD11A4E0E9F3268039007F1FF3B86
:1062F00000F1100C00F124034FF006081548164D6C
:10630000029900FB02F42544002940F0D88307EEEF
:10631000905A9FED126AB8EE675A25EE068A0E9FD4
:10632000002F00F0F4805C469DE803000127D0E0D8
:10633000000000C30000FE420000904200007042D6
:1063400051969639ABAA2A3E000040420000000058
:10635000640000200D6619005FF36E3C0000802F82
:1063600024E5030828E90308BF4EC04A9FEDC04A50
:10637000DFEDC07A9FEDC05A06FB05F63244F0EE21
:10638000004ABFEE007AB5EE006A63EE085A002FAD
:106390005ED000EE102AB8EE400ADFEDB88A9FED1D
:1063A000B88ADFEDB86ADFEDB80A20EE044AB0EE35
:1063B000460AA4EE247AE1EE877ABDEEE77AF8EE9B
:1063C000C74A17EE105A77EEE47A09EB850727EEF5
:1063D000855A97ED004ABDEEC57A17EE106A0AEBB2
:1063E0008605D5ED004A64EE247A22EE274AB4EE03
:1063F000C64AF1EE10FA09DC64EE286AB0EE440AEF
:10640000A4EE268A64EE086A66EEA60AF7EE008A13
:1064100088EEA28AB1EEE36A15460027F0EE684ADC
:10642000E8EE264A22EE807A74EEA07AB6EE005AA2
:1064300088EEA70A27EE064AF1EEC40AC5EE208AC6
:10644000CCED008A43ED046A03ED020A03ED038AF2
:10645000F1EC016A844E854A9FED858A36EEA56A85
:1064600006FB05F501ED016A53ED014A13ED037AD0
:106470009CED004A53ED047A93ED000A13ED025AA5
:1064800067EE640A2A44E5EE840A013C661C05EEC8
:10649000902AE4EEE70A1546F8EE658A70EEC06AC7
:1064A00028EE888A26EE856AE7EE864AA7EEA40AD9
:1064B000B0EE647AA7EEA40AA7EE867A83ED000A0E
:1064C00003ED017AF0EC017A77EEA44A40ED014A3F
:1064D0001ED0F4EEC83AF1EE10FABFF645AFDFED8C
:1064E0006F5AB5E7DFED631A9FED632A70EE212A3C
:1064F000BDEEE24AB8EEC43A14EE102A72EEC33A88
:1065000063EE824ABDEEE45A15EE103ACBE52A4618
:10651000B8F101080CF1180C03F118037FF4EEAE8A
:10652000DFED5A1A5A4B03981A60B4EEE12AF1EEE5
:1065300010FA00F3E982DFED512A9FED513A62EE45
:10654000223AB7EE005AA2EE233AB0EE000A22EE4B
:10655000032AF0EE450AE2EE000AE2EE020A85EEB8
:10656000206A0E99F0EE005A80ED332A80ED356AEC
:10657000C0ED345A90ED367AD0ED377A002900F02C
:10658000A1821BF00302009E5C4600F0F980009F90
:10659000D7ED008AB1EE478AE8EE258A3E46012A09
:1065A000F0EE476AE8EE028A0BF1FF3478EEE75A24
:1065B00025EE866AE6EE026AE6EE827AB0EE667A4A
:1065C000E6EC017AA6EE027AE6EE827AD0ED345A53
:1065D00090ED332A90ED356A00F0D280022A20D067
:1065E00096ED004AF1EE474AA4EEA54A013CB0EE12
:1065F000473AA4EE824A74EE671A61EE862AA2EE4A
:10660000823AE3EE027AB0EE437AE6EC017AA2EE49
:10661000827AE3EE027AD0ED345A90ED332A90ED8F
:10662000356AD6ED003AB1EE470AE0EE253A013C74
:10663000F0EE478AE0EE023A33EEE75A65EE060ADC
:10664000E0EE828AE8EE827AB0EE687AE6EC017AD1
:10665000A0EE827AE8EE827AD0ED345A90ED332AB9
:1066600090ED356A8CE000BF0D6619005FF36E3C5B
:106670000000802F0000004300008043D7573941BD
:10668000DB0F4940D165773FA2156F3F48E1FA3EE5
:1066900064000020CDCC4C3F000080390000000099
:1066A0000000804500002C420000C8430000AA43BF
:1066B00000E03F4590ED340A96ED018AD0ED330AB3
:1066C00090ED355AD9ED018AA3EE008A1036043CCC
:1066D000A3EE208A38EE623A63EE053AE3EEA01AA2
:1066E000E1EEA02AF0EE615AE3EEA05AC9ED002ACD
:1066F00090ED344A90ED336A90ED352A16ED017A2B
:10670000F1EE654AE4EE848AE1EEA02AE4EE868AA0
:10671000F0EE627A78EEE26A66EE821AE1EE865A6E
:10672000E5EE867AB0EE650AA1EE860A46ED027ABB
:1067300090ED348AD0ED330A90ED355AF1EE408A6F
:10674000A8EE887AE5EE867AA8EEA07AF0EE402AE6
:1067500037EE673A63EE053AE3EEA02AE2EEA07A5E
:10676000F0EE625AE3EEA05A46ED017AE2EEA07A2C
:10677000B0EE657A90ED332AD0ED345A90ED356A5B
:1067800096ED008AF1EE476AA6EEA58AB146A6EE1E
:10679000828A38EE674A64EE064AA4EE827AE7EE11
:1067A000027AF0EE471AE4EE821AF0EE672AE7EE7C
:1067B000022AB1EE613AE9EC017A002C7FF47AAF5B
:1067C0005FED4C7AC0ED361A61EE273AB6EE005A0C
:1067D000B5EE000AC0ED372A009DD0F8A030D0F801
:1067E000A42090ED323A21EE238AA1EE050A40E181
:1067F00090ED2A1AF6EE000A31EE201A03F17D0A16
:10680000CAF30C0C5FED5C7A32F91C80D5ED002ADE
:106810005FED5E4A1FED5E7A5FED5E0A5FED5E3A08
:106820005FED5E8A1FED5E4A01EE908AB8EEE15A96
:1068300032EEA42A65EE271AB6EE046AA1EE862A85
:10684000C3F30C0703F59971C1F30C0462EE075A08
:10685000FEEE046AFDEEE54AE2EE261A03F17F0938
:10686000C9F30C0A14EE906A06F30F0122F8171010
:1068700032F9147005EE107AB8EEC52AE1EE203A2E
:1068800003F5107403F2422162EE275AC4F30C0898
:10689000E5EE861AC1F30C0903F59A7C03F673271B
:1068A00061EE870AE1EEA65ACCF30C06C7F30C0C96
:1068B000FDEEE01AFDEEE30A11EE904A04F30F013B
:1068C00022F81A1032F9187004EE907AB8EEE45AF1
:1068D00010EE90AA65EE274A9A44E4EE865A0AF230
:1068E00043280AF24221C8F30C0425EE872AC1F39B
:1068F0000C0AFDEEC21AF8EEE00A11EE907A07F3E8
:106900000F0122F8161032F9146032F91A4005EE20
:10691000106A01EE904AB8EEC52AF8EEE11A22EEAE
:10692000272A73EEE03AA1EEE72A03F5925808F120
:106930000E0AE5EEA64ACAF30C0103F5925423EEC3
:10694000825AA1EE284A009104F11001A1EEA75A43
:1069500003F2FF37C7F30C06BDEEC41AE5EE064A94
:1069600003F675270BF1FF3B11EE10AA64EE878A40
:106970009A44FDEEE85A0AF5925808F111080AF512
:106980009254C8F30C0815EE90AA0AF30F0A22F8E5
:1069900019A004F1100932F91880C9F30C0401EEB2
:1069A000908A32F914A032F91C4002EE10AAF8EED7
:1069B000E13AF8EEC28A63EEA75AB8EEC11AE8EEE1
:1069C000E75AC7F30C0CC1F30C0734EE414AA4EEAE
:1069D000A65ABBF1FF3F64EE254A00EE904AE8EE6E
:1069E000A74AF6EE081AA0EE245AB8EEE02A35EED1
:1069F000435A62EE270AA5EE213AF0EE003AF0EE95
:106A0000438AE0EEA68A68EE875AE8EE860ABDEE73
:106A1000E51A11EE101A01F30F0922F81690009EE4
:106A200032F9168004EE108AF8EEC44A64EEA77AB2
:106A3000E7EE860AE0EEA67AF0EE626AD7EEA36A87
:106A400020EE876AE8EE262A27EE877ABDEEC62A70
:106A5000FDEEC71A12EE101A01F30F0911EE90AAFB
:106A60000AF30F0422F81C9022F81740E5EC012AE3
:106A70002AD0013B48BF03F50053D906C0F8A03027
:106A80007FF4B6AED0ED2B8A90ED2F6A90ED2A7A86
:106A9000D0ED2E6A90ED2C2AD0ED305AC0ED2A8A26
:106AA00098EE827AD6EE256AB6EE004A80ED2B7A11
:106AB00038EE841A80ED2E6AC0ED2F6A9EE6B0EEA5
:106AC000638A2CE490ED323A80ED323A04B0BDECAA
:106AD000028BBDE8F00F70479FED1D8ADFED1D5A58
:106AE000DFED1D8AE5EE085ABDEEE56AB8EEC60A8E
:106AF00016EE10CA75EEC06A26EEA87AFDEEC70A39
:106B000010EE902AFFF728BB9FED146A9FED142A20
:106B100027E500231A46FFF7C6BA00263746FFF7D7
:106B2000F4BA9FED0C3ADFED0C3A72EE834ABDEEFB
:106B3000E45AB8EEC58A15EE107A74EEC85A65EEBE
:106B4000A38ABDEEE86A16EE106AFFF7DEBA00BF50
:106B50000000F0420000004300008043BE7E863DFE
:106B6000FABD3940704700BF70B400233A4A3B4C2D
:106B70003B493C4EC462002505610464446584665B
:106B800043618361C3610362436283634363C0F80B
:106B9000A030C0F8A430C0F8A830C3648364C0F843
:106BA000AC30C0F8B030C0F8B4300366C365C0F88C
:106BB000B830C0F8BC30C0F8C0308262C263026531
:106BC0004266016341648165C166C0F8F450C467E0
:106BD000C0F89040C0F81441C0F8FC6043670367F8
:106BE000C0F8C430C0F8C830C0F8CC308267C0F8F4
:106BF0008010C0F88830C0F88430C0F8D030C0F8B9
:106C0000D430C0F8D830C0F88C20C0F89410C0F848
:106C10009C30C0F89830C0F8DC30C0F8E030C0F8E4
:106C2000E430C0F8E830C0F8EC30C0F8F030C0F81C
:106C3000F820C0F80031C0F80421C0F80C31C0F8C9
:106C40001021C0F81811C0F80861C0F82031C0F850
:106C50001C3170BC704700BF22BA003D0AD7233CEC
:106C6000CAAA7F3F2033783F704700BF2DE9F00F5D
:106C7000D1ED016A9FEDF37A2DED0E8BF2EE027AE3
:106C800036EEE70A90B0B4EEC70AF1EE10FA0291C0
:106C90000092049301F10C80DFEDEB0AB4EEE00A00
:106CA000F1EE10FA40F3D6830022FF21029CDFEDC3
:106CB000E75A94ED039AD4ED049ADFEDE5AA9FED2F
:106CC000E5AA9FEDE5BAE54BE54E9FEDE66A9FED3F
:106CD000E62A2568DFF88483D4ED05CA94ED025ACC
:106CE0000395B7EE00DA79EE4DDAF0EE4DEAE9EE13
:106CF0002DEA03EB820A06EB810BB2EE04EAE9EE21
:106D00008E5AC5F3400605F0010329EE2E7AF0EE07
:106D10006A7AE9EE657AE7EE0AAABDEEE70AFDEEC9
:106D2000EA0AB8EEC01AF8EEE01A77EEC12A3AEE97
:106D3000E13A22EE8B4A63EE0B3AFDEEC44AFDEED9
:106D4000E35A9AED00EADFF818A3DBED00DADFED95
:106D5000C78A9FEDC78ADFEDC7BA9FEDC7CA10EE9D
:106D6000101A14EE907A15EE902A10EE904AA9EEC1
:106D7000862A08EB870C08EB8209B0EE00AA0AEB22
:106D800081050AEB840BDCED00AA99ED00BA95EDC4
:106D9000006ADBED00EA7AEE696A2AEEC67A6EEEE8
:106DA0008B7A2DEE8E0A69EEA69AB5EEC02AF0EE29
:106DB0004D1AF1EE10FAE7EE281A20EE2B3A67EEA4
:106DC000888A69EE8C2A00F18E87B4EE4D2AF1EEA6
:106DD00010FAC8BFB0EE4D2A63B1B1EE0C8AF0EEE6
:106DE00008BAECEE88BA30234FF080470361C0ED5B
:106DF00006BA07629FEDA6CAB4EECC3AF1EE10FADD
:106E000000F30C8723EE03DADFEDA20A9FEDA21A4E
:106E10009FEDA24AADEE201AB0EE43CAADEE014A94
:106E200063EE045A25EEA5AAF7EE00AAF0EE6A3A40
:106E3000E8EE8C3AF0EE6ADACAEEA34A33EE037A51
:106E4000E4EEA5DA9FED92BA8DED06CA3DEE8A6AB0
:106E5000B4EECB7ACAEE86EAF1EE10FAC0ED0A5A29
:106E6000C0ED0B4AC0ED0CEA00F3F68667EE077A38
:106E70009FED880ADFED886ADFED889AE7EE806A89
:106E8000E7EEA69A27EE29CA6CEE0CBAB5EE008A98
:106E900068EE880AF7EE008AB0EE68DAA7EE20DA2C
:106EA000F0EE685A88EE8DAA9FED741A9FED784A2D
:106EB0008DED077AEAEE0C5A63EE01EA75EEAB3A15
:106EC000F4EEC4EAC8EEA34AF1EE10FA80ED0FCA60
:106ED00080ED10AAC0ED114A00F3B6862EEEAEBAD0
:106EE000DFED6CDA9FED6CEA9FED6C6AABEE2DEA9C
:106EF000ABEE0E6A2EEE860A60EE007AF7EE006ABE
:106F0000F0EE669AE0EEAE9AB0EE668A86EEA9CA18
:106F10009FED5B7ADFED5EBACDED08EAACEE008A5C
:106F200063EE073A38EE27DAF4EEEB3A86EE8D1A86
:106F3000F1EE10FA80ED140A80ED15CA80ED161AF4
:106F400000F37A8623EEA34A9FED52AADFED52AA00
:106F5000DFED525AE4EE0AAAE4EE2A5A63EEA5DA0D
:106F60002DEEADBAB7EE00EAF0EE4E4AE0EEA34ADF
:106F7000B0EE4E0ACEEE247A9FED426ADFED44EA8F
:106F8000CDED093AA7EEAD0A23EE067A70EE0B9A24
:106F9000B4EEEE7ACEEE29BAF1EE10FAC0ED19DABF
:106FA000C0ED1A7AC0ED1BBA00F33E8627EE07CA81
:106FB0009FED388ADFED388A9FED38DAECEE088AEB
:106FC000ACEE28DA27EE0D4A24EE041AB7EE00AA3A
:106FD000F0EE4AAAE7EE20AAF0EE4A0A8AEE2ABAB2
:106FE000DFED293A8DED0A7AEBEE040AB4EEE35AAE
:106FF00070EE81DAF1EE10FA8AEE2DEA80ED1E4A8B
:1070000080ED1FBA80ED20EA40F12E86B7EE088AA7
:1070100065EE088A9FED1DDA3AEE687AB1EE021A43
:1070200027EE074AB0EE00AAA4EE018A00220D92D4
:10703000A8EE8ADA0E920F928DED0B8A8DED0CDAA6
:107040002EE000BF000000C30000FE4200004842E6
:10705000000000430000A8420000804328E9030824
:1070600024E50308CDCC8C3FCDCC4CBD89D2DE3A93
:107070000000FA4451969639CDCCCC3D1F854B404B
:10708000B81E85400AD7B340B0AA2A3F9A99193E44
:10709000EE7CFF3E49265F428FBA2141DB0F49401B
:1070A000F3EE00AA23EE2ABAB5EEC0BAF1EE10FA5A
:1070B00000F10A865FED0A3AB4EEE3BAF1EE10FA97
:1070C00000F3FA85F7EE00DAF7EE080AF0EE6D5AF3
:1070D000EBEE205A6BEE0B4ACDEEA56A5FED13EA9C
:1070E0001FED135A5FED137AA4EEAE5AB0EE6D0A9F
:1070F000E4EE857A6BEE27BAABEEA60AABEEAB0AEE
:10710000CDEE809A269901F1FF3C90ED096AC0ED21
:1071100023BAB0EE46CA9CEE89CA09EE101AB8EE40
:10712000490AC0ED246AC0ED259A8CEE001A0029A8
:1071300000F05E82D24D03692C68CDF814C000F1D6
:10714000A009E046019400F13807CC46F7EE00CAEA
:107150007CEEC20A002B00F076815A1E0261002AE2
:1071600000F03682D0ED067A90ED074A9FEDC5AA71
:10717000C0ED057A77EEC4AAB6EE08BAAAEE8B4A3D
:107180000BA99FEDC17A80ED074A77EEC4DA36EE9F
:10719000016AE7EE8ADAF1EC014A002E00F0EE8196
:1071A0009DED065A9CED008AF6EE008AB4EE685A10
:1071B000F1EE10FAACBFB0EE68DAB0EE45DA3DEEB3
:1071C000084AB7EE00AAB4EECA4AF1EE10FAC0F2CD
:1071D000178534EE4A4A8CED004ADFEDB4AAAB4D78
:1071E00024EE2ABAF5EE00DAFDEECB3A13EE90AAC1
:1071F0004FEA8A0B0BEB0504D4ED005AD4ED01EAFB
:10720000B8EEE3EA7EEEE56A7BEE4E9AE9EEA65A28
:1072100066EE25BA2BEEAD5AA4EE857A012207F16F
:1072200014030CF10C0407AD002A00F075859FEDE6
:1072300098CA27EE8C9AB1EC01AA002E00F0748156
:10724000D5ED009AD4ED00BADFED98CADFF83CA284
:10725000F6EE006AF4EE669AF1EE10FAACBFB0EE0C
:10726000665AB0EE695A35EE2BCAB7EE009AB4EE04
:10727000C9CAF1EE10FAA8BF3CEE49CAF5EE004AC1
:107280002CEE2C8A84ED00CABDEEC8DA1DEE10BAD1
:107290004FEA8B09CA449AED004A9AED01BAF8EE1A
:1072A000CDAA7BEE44DA78EE6A8AA8EEAD4A66EEA5
:1072B000043A63EEA44A0132AAEE247A03F11403DD
:1072C00004F10C0405F1040500F01C859FED70AA83
:1072D00067EE8AEAF1EC014A002E40F0E98013EDF6
:1072E00001BA53ED039A53ED04BAD3ED006A13EDDE
:1072F000025AB0EE6ECAA9EECBCAB0EE4C9AABEE13
:107300006B9A79EE66CA2CEE858AABEE88BAEBEE04
:107310008B6AB0EE4BDAEBEE8B6AABEE88DAA2EE5C
:10732000AEBA03ED01DAC3ED006A0132052AA4EE1C
:107330008B7A03F1140304F10C0405F104057FF4C6
:1073400073AFB8EE088AB4EEC87AF1EE10FA00F125
:107350001281B0EE08DAB4EECD7AF1EE10FA00F355
:107360003481F3EE0BAAF0EE6A8AB2EE024AE7EE3F
:10737000078A67EE04DA67EE283AE7EE2DAA83EE75
:10738000AAAA444A0199444B009C02FB01FB5B44BE
:1073900008F1FF3805EE903A9FED40EADFED3AEA5A
:1073A000D0ED084AD0ED269A90ED247AD0ED237ADC
:1073B000D0ED27BA90ED255AB8EE65CAF0EE006A16
:1073C0002CEE0E9AFFEE00CAE9EE26CA21EEA4BA10
:1073D000F4EE6ECAF1EE10FA48BFF0EE6ECA002E5F
:1073E00014BFB0EE468AB0EE4B8A28EE02DA67EEA2
:1073F00069AA3DEE0D4AF0EE6B3AE4EE2CAAB8F124
:10740000FF3F80ED08BAE9EEE7AA7AEEEB8A68EE74
:1074100085DAE7EEAD9AE7EEA93AB0EE69EAE7EE73
:10742000A93AA7EEADEAEAEE209AC0ED273A80ED40
:1074300026EAE4EC019A009400F0D68001930369F7
:10744000002B7FF48AAE90ED058ADFED158A68EE99
:10745000287A89E69FED131ADFED131A30EE012A20
:10746000FDEEC22AB8EEE23A12EE901A72EE433AFC
:1074700023EEA14AFDEEC44A14EE902A16E400BFA2
:1074800064000020A69BC43B00000000F0C402087A
:10749000F4FDD43C0D6619005FF36E3C0000802FB4
:1074A000AAAA4A3F000000430000804300000044B5
:1074B00095ED00BA94ED004AF6EE008AB4EE68BA93
:1074C000F1EE10FAACBFF0EE68DAF0EE4BDA7DEEDA
:1074D000843AB7EE00AAF4EECA3AF1EE10FA7EDB77
:1074E00073EECA3AC4ED003A1FED10EADFF8F4A0DB
:1074F00063EE8EEAF5EE009AFDEEEE5A15EE909AE6
:107500004FEA890BDA449AED005A9AED01CAF8EE77
:10751000E5BA3CEE459A7EEEEB6AA6EE895A66EE37
:1075200005CA2CEEA9BA00E753ED014A13ED03DAC0
:1075300053ED04AA93ED004A13ED02BAF0EE498A26
:10754000EDEE648AF0EE68DAE4EEEADA7DEEC43A53
:1075500023EE8BEAEAEE8E4AAAEEA44AF0EE645AD3
:10756000AAEEA44AEAEE8E5AE2EE894A83ED004A78
:1075700043ED015A9FE6BFEE00AA02E717ED015A5C
:1075800057ED033A57ED045A97ED00EA57ED02EA3A
:10759000F0EE6D9AE3EEC59AF0EE696AE5EE656A83
:1075A00076EECEBA2BEEAECAA5EE8C5AA5EE85EAE3
:1075B000B0EE459AA5EE85EAA5EE8C9A87ED00EA35
:1075C00007ED019AA2EEAD5A26E6B7EE00AAD8E67C
:1075D00090ED06DAB7EE007A7DEE477AC4E5C4EDA9
:1075E000003A81E7F0C40208F54EDDF814C03360BC
:1075F000029F80ED096AD7ED03EAD7ED020ADFEDBD
:10760000F19A9FEDF17A97ED046ADFEDF0BA9FED04
:10761000F0CADFEDF01A9FEDF0AA039DDFF8FC83BE
:10762000DFF8FCB3D7ED05CA9FEDEC2ADFEDEC2ABD
:10763000F7EE007A3EEEE75AB0EE671AAEEE851A24
:1076400005F0020405F0010320EEA09AF2EE085ABC
:1076500021EE6EBA65EEC96A2EEEC78AEBEE296A94
:10766000B1EE0CDAE6EE0D6AA6EE4D8A76EEABAA26
:1076700038EE2B4AFDEEEA8AFDEEC4DAF8EEE83A7F
:10768000B8EEEDEA7AEEE34A74EE4E0A64EE8C9AB6
:1076900020EE8C7AFDEEE9BABDEEC7CA1BEE902A49
:1076A00018EE901A1DEE906A1CEE107AA6EE21AA32
:1076B00008EB820A0BEB81090BEB860508EB8708C8
:1076C00095ED00BA9AED001A99ED005AD8ED005ADE
:1076D00021EE456A65EECB1AB5EEC0AAF0EE67AAB8
:1076E000B0EE67BAF1EE10FAE6EE02AAA1EEA2BA87
:1076F00000F1F282B4EEE7AAF1EE10FA40F3F7825D
:10770000B0EE67AA9FEDD58ADFEDB67AF2EE046A95
:1077100023EE26DAB6EE004AB4EEC4DAF1EE10FA41
:10772000F1EEC89AB1EECAAA00F373826DEE0D8A2B
:10773000DFEDADDADFEDAD3A9FEDADEAE8EEAD3A63
:10774000F7EE004AA8EEA3EA6DEE0EBA7BEEA40AAD
:1077500084EEA07A9FEDA7CA23EE0C1AB6EE005A6B
:10776000B4EEC51AF1EE10FA00F34E8261EE011A82
:107770009FED9D2ADFED9D5A9FED9D6AE1EE825AB5
:10778000A1EEA56A21EE068A68EE082AF0EE086AE4
:1077900023EE26DADFED948ADFED94DADFED943A1A
:1077A000C0ED41BA2DEE0D4AB7EE00EAE4EE28DA5C
:1077B000F0EE4E4AE4EE2D3AE7EE884A6DEE23BA3B
:1077C00074EEA20A3BEE8E1A8EEE20CA80ED427A4B
:1077D0008EEE017A80ED448AC0ED457AC0ED3EBA66
:1077E00080ED3F7A80ED46CAF3B1DFED911A9FED4F
:1077F000822ADFED825A9FED945ADFED817A80ED87
:107800003BEAAEEEA12A0023C0F8E030ECEE857A28
:10781000C0F8DC3022EE256AC0ED397AFDEEC62ACA
:10782000C0ED3A7AC0ED3D2A90ED3C8A269AF0EE02
:10783000486ADCEEAE6A86EE800A002A00F0D88143
:107840005F4D04992A68F4EE00EA7EEEC3CAB2EEF8
:1078500000DA6CEE8D8A002C00F075819FED7F7A46
:1078600038EE008AF5EEC08AF1EE10FAF0EE471A13
:1078700080ED3A8A80ED398A80ED3B7AF0EE47BAA6
:10788000B0EE48CA00F18D81B7EE002AF4EEC28A4C
:10789000F1EE10FA40F3A881F7EE002AB0EE626A2A
:1078A000A9EE216AD0ED385A90ED375ADFED557ABE
:1078B000DFED5EEA63EE066AF6EE00CAB0EE65DA68
:1078C000A6EEA7DAB4EEEC5A69EE02DAF1EE10FA9F
:1078D000BFEE004AF4EEEC5AD4BFB0EE62EAB0EE6E
:1078E00044EA75EE263AF1EE10FAF4EEEEDAD8BF7D
:1078F000B0EE624AF1EE10FAF0EE4D7AC0ED373A92
:1079000080ED38DA40F35081DFED3F0A74EE0E1A55
:107910002DEEA07AB0EE621AA1EE871AF4EEC13A0B
:10792000F1EE10FAA8BF72EEE32AB4EEC1DAA8BFF6
:10793000C0ED372AF1EE10FA05DBF7EE002A72EE01
:10794000CD7AC0ED387AD0ED375A9FED365A2F4EAA
:107950002F4BD0ED472A90ED447ADFED2E3A9FED84
:107960002E2AD0ED410AD0ED421A90ED3E1AB6EE25
:10797000006AF4EEC65AF1EE10FA5CBFB7EE006A88
:1079800076EE655AF1EE00EAA5EEAE5A06FB02FA73
:107990005344F7EE006AF0EEC5CA7CEEA6DA35EE87
:1079A00005DAB6EE00EA8DEE2D4A0CF1FF3CF4EE5E
:1079B000CE7AF1EE10FA58BF76EEE77A52E000BFC9
:1079C000640000200000904200007042000000436C
:1079D00000008043CDCC8C3FCDCC4CBD610BB63A82
:1079E0008988083BCDCCCC3E49265F428FBA2141E5
:1079F000DB0F494000000C420AD7233D00803B4783
:107A00009A99993EF628BC3FCDCCCC3C0D66190026
:107A10005FF36E3C9A99193FCDCCCCBD28E90308A1
:107A200024E503086666A6BF0000802FCDCCCC3DC0
:107A30008FC2F53CF43C7F3FBFA3A741F096373E91
:107A40002D7C92400797A5413333333F9A990940E3
:107A5000F78D283D4569123F38969140000000009F
:107A6000A69BC43B1FED116AD0ED456A1FED12EADB
:107A7000D0ED435A90ED395A5FED14CAF1EE004A49
:107A8000A7EEA46ABCF1FF3F0EEE903A66EEE26A02
:107A9000F8EE6EEAF0EEC6DAEEEE8E6AB7EE00DAD7
:107AA0003DEE8DEA36EE066AE2EEC76AC6EE0EEAF3
:107AB000A4EE232AD0ED483AD0ED464AD0ED407AE4
:107AC00090ED3F4A76EEE36A29EE855A66EEA4DA37
:107AD000F5EE004AE7EE2D2AAEEEA42AE7EE223AB2
:107AE00022EE052AE0EEA35AB0EE63DAE2EE017A66
:107AF000A5EEE1DA3BEE8CCAA7EEC42A7DEE2CBAE5
:107B000020EE8DEA6BEE8CCA21EE021A2AEE2C6A68
:107B1000F0EE620AE7EE2D0AE7EE223AA5EEA1EAC0
:107B2000A7EE846AA7EE841AC0ED483AC0ED470A72
:107B300080ED43EA80ED401AA1EC016A57D01A4665
:107B4000002C7FF48BAED0ED39DA5FED473AF4EEDE
:107B5000E3DAF1EE10FA44DC1CF0010FB7EE004A54
:107B600008BFB0EE6A4A2DEE84EAD0F8F46080EDEA
:107B700039EA7EB3771E90ED3ACAC0F8F470D0EDC2
:107B80003B0A5FED54BAF5EEC08A60EEABBAB1EED7
:107B9000001AF1EE10FA6BEE811AC0ED3BBA7FF5D8
:107BA00073AE1FED522A77E6F4EEE23AF1EE10FAE8
:107BB000A8BF73EEE22AF7EE004AB4EEE4DAA8BFFB
:107BC000C0ED372AF1EE10FAA4BF7DEE647AC0ED65
:107BD000387AB8E6D0ED3A4A24EE8BCA80ED3ACA3C
:107BE000CDE7B0EE6A4ABEE728EEA82A54E62B603D
:107BF00080ED3C8A10B0BDEC0E8BBDE8F00F7047F5
:107C00008CED004AFFF7E9BA5FED752A1FED748A23
:107C1000BCE51FED767A5FED76BA9BE51FED77AA9E
:107C20005FED735AFFF700B9B0EE6E7A1FED7B1A65
:107C30001FED774AFFF7CAB9F0EE6B3A1FED7FBA36
:107C40005FED7BDAFFF78EB9F0EE44EA5FED837A01
:107C50001FED7F0AFFF752B9B0EE4B7A5FED87BA9E
:107C60001FED83CAFFF712B935EE635AF0EE084AEA
:107C700065EE24EA5FED8C7A1FED8C0ACDED0DEAFE
:107C8000F1EE6E6AF6EE009AB7EE086A6EEEAEBAE4
:107C9000A6EEA96AA6EEA70A2BEEABCACDED0EBAE8
:107CA0008DED0B6A8DED0C0A8DED0FCAFFF7F8B95B
:107CB00000221146FEF7FABF5FED9B9A5FED9B6ACB
:107CC0005FED9BBAFFF71EBAF7EE009AF0EE696A15
:107CD0005FED9EBAFFF716BAB0EE678A1FEDA1AA54
:107CE000F0EE007A12E51FEDA32AFFF775B8B0EEAB
:107CF000002AF6EE002AEAEE022A37EECA8AC7EE1A
:107D0000A27A03E590ED07EA5FEDAB5A77EECEEA93
:107D1000E7EEA5EAFFF7DEBAD0ED07CA1FEDB08A9D
:107D200037EEEC9AA7EE889AFFF785BA704700BF46
:107D300070B50446C0300D4604F5BC760FF0B8F9B6
:107D400004F124000EF01CFC30462B460522194994
:107D50000DF0F8FD314604F1E4000EF049F9062378
:107D6000002223612262AB681349144861614FF01D
:107D70003F465F2BA061E66118D92868A3F1600136
:107D800000F160065F292E60A960C4F8940105D94E
:107D90002A68C03B02F16000AB6028600025C4F88F
:107DA0009821C4F89C51C4F8A05170BDC4F8942126
:107DB000F4E700BF28BE0308CDCCCC3D0000C04096
:107DC00000F5BC700DF02CBE2DE9F041D1ED016A3B
:107DD0009FEDE37A2DED048BF2EE027A36EEE70AA0
:107DE00084B0B4EEC70AF1EE10FA0C460E9E0546BA
:107DF0001746984600F15581DFEDDA0AB4EEE00A45
:107E0000F1EE10FA40F338810023FF22D648D7491B
:107E100094ED048ADFEDD64A00EB820C01EB830E71
:107E2000B1EE086A9CED009ADEED005A28EE068A53
:107E3000F0EE008A69EE259AB4EEE88AF1EE10FAC7
:107E400029EEA49A00F23081F7EE002A0F99B4EEE1
:107E5000E28A0022F1EE10FA0A7040F2A68123684D
:107E6000DFEDC40AD4ED031A94ED022ACDF80080A8
:107E7000C3F3400103F0010201970296B0EE601ACD
:107E800005F1E4004FF0FF33B0EE490A0EF010F9AF
:107E900038EEC88A2168D4ED030A94ED021AD5F8A9
:107EA0009421D5F8983100964C1E6042B0EE490AF4
:107EB00050EB040105F1C0000FF0ACF9B0EE086A18
:107EC000F0EE005AF0EE469AE8EE659A69EE888A7E
:107ED00028EE889AA9EE656A26EE090A60EE090A7C
:107EE000002E00F0C480D5F8942198ED001AD5F842
:107EF00098019646FEEC017A37EEC17A02EB8603D2
:107F0000A7EE201A9E1ABC46351FA8EC011AD7ED21
:107F1000001AF0EC016A36EEE12A9E45E2EE201AE4
:107F2000C5F38107ECEC011A00F0A180002F41D0CD
:107F3000012F29D0022F13D0D8ED002ABEEC015A10
:107F400035EE623AE3EE202AE8EC012A9CED004A85
:107F5000F0EC013A73EEC44AA4EEA04AACEC014A3C
:107F6000D8ED005ABEEC018A38EE656AE6EE205A7A
:107F7000E8EC015ADCED008AF0EC019A39EEE89A5F
:107F8000E9EE208AECEC018ABEEC010A98ED001AB9
:107F900070EE417A9E45A7EEA01AA8EC011A9CED5E
:107FA000007AF0EC016A76EEC71AA1EEA07AACEC8A
:107FB000017A5CD07146B1EC012A98ED005A72EE5C
:107FC000452A4246A2EEA05A0646644608F1100829
:107FD000A2EC015AB6EC013ADCED003A33EE634A0A
:107FE0000EF1100EE4EE203A0CF1100C1030E4EC1F
:107FF000013A5EED034A18ED038A74EEC85AA5EE05
:10800000A08A82ED008A10ED036A5CED039A76EE99
:10801000698AE8EEA09AC4ED009A92ED010A91ED0A
:10802000019A39EE401AA1EE200A08ED020A94EDF9
:10803000017AD6ED017A77EEC76AA6EEA07A0CED4A
:10804000027A5EED011A18ED012A31EEC25A9E4500
:10805000A5EE202A08ED012A1CED013A50ED012A77
:1080600072EEC33AA3EEA03A0CED013AA2D104B0ED
:10807000BDEC048BBDE8F0819FED3F1ADFED3F1AA8
:1080800030EE012ABDEEC25AF8EEC52A15EE102ACE
:1080900032EE623A63EE213ABDEEE34A14EE103A54
:1080A000B4E600231A46B1E638EE680ADFED340A7A
:1080B00095ED061AD5ED077A9FED2E7A95ED082AF3
:1080C000D5ED056A60EE201AB8EEC25AE1EE817A6B
:1080D000FFEE002A37EE873AF7EE003AB4EEC53AE3
:1080E000F1EE10FAC8BFF0EE623AA6EEA33AB6EE91
:1080F000004A33EE048AFDEEC84A14EE903A002B93
:1081000069DB2A699342A8BF02F1FF332B62013B6E
:10811000226868D412F0020134D00020DDF83CE07F
:10812000D5ED670A95ED681AD4ED031A94ED022A8D
:108130008EF80000091A18BF012102F0010205F1B2
:10814000E400F7EE002ACDF8008001970296B0EE29
:10815000490A0DF0ADFF04B0BDEC048BBDE8F08121
:10816000000000C30000FE4224E5030828E90308DC
:108170005196963900000000000000430000804343
:10818000CDCC8C3EDDF83CC0D5ED670A95ED681A84
:10819000D4ED031A94ED022AD4ED052A0120024001
:1081A0008CF8000005F1E400CDE72068D4ED030A67
:1081B00094ED021AD5F894210097431ED3F1000CD8
:1081C0005CEB0301019605F12400B0EE490A434639
:1081D0000EF028FA5EE6226800232B6202F002010C
:1081E0004FF0FF3399E702F0020196E7704700BFB6
:1081F0008B685F2B70B50D4604467DD90A68A3F1E4
:10820000600602F16001AE60296010463B4EC4F882
:108210004801294604F110000CF04CFB04F17000F9
:108220002946C4F830610CF045FB04F1D000C4F8D5
:10823000346129460CF03EFB0223C4F83861C4F8CF
:108240004431A8683F2852D92E68A0F1400206F1B7
:108250004003AA602B60C4F840610025C6EB030C04
:1082600046F8045BACF10401B342C1F382003AD09A
:1082700018B301281BD0022816D0032811D00428D7
:108280000CD0052807D0062818BF46F8045B4FF02D
:10829000000E46F804EB002246F8042B002546F8B1
:1082A000045B002146F8041B002046F8040B4FF045
:1082B000000C46F804CBB34215D032464FF0000E06
:1082C00042F804EB203646F81CECC2F804E046F80D
:1082D00014EC46F810EC46F80CEC46F808EC46F8BE
:1082E00004ECB342E9D10026C4F83C6170BD00261D
:1082F000C4F840614023B0E7002087E70AD7233C59
:1083000010B5D0F840310446002200211A605A60AE
:108310009A60DA601A615A619A61DA611A625A6285
:108320009A62DA621A635A639A63DA631030C4F8A5
:108330003C110CF0D7FA04F170000CF0D3FA04F100
:10834000D000BDE810400CF0CDBA00BF2DE9F04FD1
:108350000D46096806469046D0F83C21C80785B00E
:108360009A4600F1128102F10F03D6F84401D6F8C3
:10837000409103F00F03D5ED010A9FEDA81AF2EE2C
:10838000021A30EEE12AB4EEC12AF1EE10FA00F141
:108390004281DFEDA32AB4EEE22AF1EE10FA40F3B7
:1083A000228100244FF0FF0EDFF888B2DFF888C288
:1083B0009FED9C0A0BEB8E070CEB8404D7ED006A53
:1083C000D4ED007A0E9F66EEA70ABF0020EE801A59
:1083D00009EB820908EB070206EB8000904580ED6F
:1083E0004C1A89ED001AC6F83C3148D0C3464FF00C
:1083F000000E4BF804EBC8EB02031C1F5A45C4F3F4
:1084000082003CD020B301281DD0022818D00328B8
:1084100013D004280DD0052807D0062818BF4BF824
:1084200004EB4FF0000C4BF804CB4FF000094BF875
:10843000049B4FF0000E4BF804EB00234BF8043B79
:1084400000244BF8044B00204BF8040B5A4516D07F
:10845000D9464FF0000C49F804CB0BF1200B4BF838
:108460001CCCC9F804C04BF814CC4BF810CC4BF81A
:108470000CCC4BF808CC4BF804CC5A45E8D10AEBAD
:108480000702924547D054464FF0000B44F804BB16
:10849000CAEB020EAEF10403A242C3F382003AD04B
:1084A00028B301281ED0022818D0032812D004288F
:1084B0000CD0052806D0062818BF44F804BB0027B6
:1084C00044F8047B4FF0000C44F804CB4FF0000953
:1084D00044F8049B4FF0000B44F804BB4FF0000E2F
:1084E00044F804EB002344F8043BA24213D0204696
:1084F000002740F8047B203444F81C7C476044F893
:10850000147C44F8107C44F80C7C44F8087C44F853
:10851000047CA242EBD10C4614F0020106F59879D6
:1085200006F1100B4FF0000706D0D6F84421D31BFC
:10853000D3F1000C5CEB030114F0010206D0D6F875
:108540004401C41BD4F1000E5EEB0402D5ED021A07
:108550000E98F9EC010A95ED050A95ED041A95EDD2
:10856000032AD6F8483102908DE8000558460137B5
:1085700061EEA11A0CF0BAF9032F0BF1600B47D092
:108580002C6814F00201D7D0CFE7D6F84041D6F8D6
:108590004401DFF8A8E09FED247A02F10F0902F10F
:1085A0000E0707F00F0709F00F0304EB870C04EB2D
:1085B000830BDCED007ADBED006A36EEE70A00F1B2
:1085C00001098EFB09C7E0EE077AA7EBE97E0EEB07
:1085D0004E0706EB800CC7EB0900CCED4C7AA146A8
:1085E000C6F84401C7E69FED113ADFED113A32EECD
:1085F000034ABDEEC46AF8EEC64A16EE10EA34EE3F
:10860000645A65EE235ABDEEE57A17EE104ACBE6C2
:1086100005B0BDE8F08F0024A646C5E6000000C303
:108620000000FE4251969639000000000000004311
:108630000000804324E5030828E9030856555555F2
:10864000704700BF8B68B3F5007F10B40BD30A6886
:10865000A3F5007302F500740C608B601146016194
:108660005DF8044B7047002101615DF8044B7047D1
:108670002DE9F00FD0F810804FF0000C08F11C012C
:1086800008F1280408F1380006EE10CAF8EEC66AB0
:10869000F0EE087A0CF1010C00EE90CA36EEE70A13
:1086A000B8EEE07A80EE271A0A46C14600234FF062
:1086B0007E564FF07C570CF1010CDFF8A8A0BCF1FE
:1086C000080F04F1800400F1800077EE671A11EEC4
:1086D000105A81EEA72A49F8405B41F8183C41F84E
:1086E0000C3C41F8043C41F8146C41F8106C41F822
:1086F000087C42F8403B44F8883C44F8843C44F809
:108700007C3C44F880AC40F8886C40F8843C40F8ED
:10871000803C40F87C3C88ED102A42F8087C42F806
:10872000183C42F8146C42F8106C42F80C3C42F8C9
:10873000043C09F140080B6444F8483C44F8443CCC
:1087400044F840AC44F83C3C02F1400140F8486C2D
:1087500040F8443C40F8403C40F83C3C94D1BDE8F3
:10876000F00F70470AD7233C2DE9F00FD1ED016AD5
:108770009FEDD07A2DED048BF2EE027A36EEE70A09
:1087800090B0B4EEC70AF1EE10FA0A920B9300F122
:108790003385DFEDC90AB4EEE00AF1EE10FA40F3DA
:1087A00044830023FF2291ED025ADFEDC45AC44CEA
:1087B000C44DDFEDC08A9FEDC48A9DED1C7ABAEEF0
:1087C000029AA5EE259A04EB820605EB8307D6ED07
:1087D000009A97ED006AB4EEE89A69EE866AF1EEC7
:1087E00010FAB8EE472A26EE881A00F10985DFED67
:1087F000B27AB4EEE79AF1EE10FA40F306854FF044
:1088000000084FF0FF0991ED038ADFEDB08A9FED7C
:10881000B09A9FEDB05A91ED046A0B68A94AA84935
:10882000A74EDFEDA95A1C9CDFEDAB9AF7EE006A6C
:1088300036EEC87A02EB880BA7EE289A01EB890A7C
:10884000A049DAED007A9BED000AFDEEC91A67EE49
:10885000800AF8EEE13A11EE905A39EE633A06EBEF
:10886000850C23EE054A60EEA54ABDEEC48ADCED18
:10887000002A0A9E0A9D18EE107A01EB870898EDEF
:10888000009AA40064EEA98A26EE065A62EE895A7E
:10889000264403F00202F5EE009A03F00103B5420C
:1088A00065EEA92A68EE820A66EE051A0F920E930B
:1088B00048D00A9FBA4600214AF8041BC7EB0609B4
:1088C000A9F1040B5645CBF382023BD01AB3012A1F
:1088D0001BD0022A15D0032A10D0042A0BD0052A57
:1088E00006D0062A18BF4AF8041B00234AF8043BA6
:1088F00000254AF8045B00214AF8041B00274AF8C7
:10890000047B4FF0000C4AF804CB4FF000084AF803
:10891000048B564516D0D3464FF000094BF8049B04
:108920000AF1200A4AF81C9CCBF804904AF8149CDF
:108930004AF8109C4AF80C9C4AF8089C4AF8049C97
:108940005645E8D10B9E0B9A2644B24247D00B9B6A
:108950000025C3EB060A43F8045BAAF104019E421A
:10896000C1F382073BD02FB3012F1ED0022F18D0A6
:10897000032F12D0042F0CD0052F06D0062F18BFBE
:1089800043F8045B002443F8044B4FF0000C43F819
:1089900004CB4FF0000843F8048B4FF0000943F874
:1089A000049B4FF0000B43F804BB002243F8042B58
:1089B0009E4214D09A4600254AF8045B203343F8BF
:1089C0001C5CCAF8045043F8145C43F8105C43F88C
:1089D0000C5C43F8085C43F8045C9E42EAD10669EB
:1089E00006F13000371D0D9005903C48089706F1C0
:1089F000200306971C9F0C9306F10C0106F1280535
:108A0000029306F13C0406F13802036801950791D0
:108A10008C460494039206F12C0906F11C0A06F117
:108A2000100B09937D1E4FF000080E99002900F0ED
:108A300064834FF07C504FF08343CCF80000CBF8B8
:108A40000030069F2648089B099C264A9FED263A3F
:108A5000B91B0B4400FB04F713ED014AD3ED004AA8
:108A60003A4408EE902A34EE248AB8EE689AB0EEC2
:108A7000485A99EE035A03ED018A83ED005A0F9B81
:108A8000002B00F06383174C00FB02F0044409EE56
:108A9000904AF8EE696AB7EE086A26EE837AF6EE37
:108AA000007AE7EE067A0994F0EE485ACBED007AA8
:108AB0001EE000BF000000C30000FE420000F042C4
:108AC00024E5030828E90308519696390000A842D6
:108AD0000000004300008043CDCCCC3C640000206B
:108AE0000D6619005FF36E3C0000802F000000004F
:108AF000B7EE009AF4EEC92AF1EE10FAC0F2208324
:108B0000DCED009AF6EE007A79EEE76ABFEE006AD5
:108B100022EEA60AB4EEC60AF1EE10FA00F1338393
:108B2000B4EEC90AF1EE10FA40F346831FED115A74
:108B300040F204644FF4C060C84F38442744D0ED7D
:108B4000009AD7ED007A37EEE96AF7EE006AE6EEB2
:108B5000059AB6EE000A39EEA67A27EE005A089A70
:108B6000114491ED044AF7EE008AB4EEE84AF1EEC2
:108B700010FAF4EEE82AB4BF00240124F1EE10FA52
:108B8000B4BF002301239C4200F0CF824FF07C5001
:108B90009FEDB39A9FEDB38ACAF800008AED008A70
:108BA000D1ED039AC1ED042A35EE695AB7EE006A99
:108BB000E5EE099AF4EEC62AF4EE007AF1EE10FA28
:108BC000C1ED039A29EEA78A00F1E482DFEDA68ABF
:108BD000DFEDA63ADFEDA64A9FEDA63A029B019A89
:108BE0000C99D2ED006AA44A99ED006A25EEA89A84
:108BF00006EB0804D4ED007A61EE899A37EE835AC9
:108C0000E9EEA73A981B08449C4BBDEEE30A27EE19
:108C1000857AB8EEC04A10EE101A73EEC48A61EE7F
:108C2000875A68EEA43AB7EE009AFDEEE34AB5EE35
:108C3000003A14EE907A02EB870403EB810797ED7C
:108C4000000A94ED007A1C9A10ED075A50ED087A4C
:108C5000F0EE499AE5EE839A20EE074A78EE465AFE
:108C600061EE048AC5EE823A68EEA99AF4EEC39AE0
:108C7000F1EE10FAB8BFB0EE693A33EE663A83EE21
:108C8000020A002A00F0048105F0010476EE806AF1
:108C900077EEA67AF4EEC97AF1EE10FAC0F25382BA
:108CA00077EEC97AFEEE008AC7EEA65AB6EE004A03
:108CB00039EE659ADFED724A29EE287A25EE843A7C
:108CC000E9EE474AA5EEC35A0A9BF0EE008AFFEE92
:108CD000005AE5EE285A691EB3EC014A36EE236AC3
:108CE00034EEA75AA5EE864A03ED014A002D00F0A6
:108CF000CF80002C00F0878076EE806AB7EE009A75
:108D000077EEA67AF4EEC97AF1EE10FAC0F2388264
:108D100077EEC97ABEEE003AC7EEA65AB6EE004A22
:108D200039EE657ADFED564A67EE038A25EE849ABE
:108D3000E7EE684AA5EEC95A0139B0EE003AFFEEF7
:108D4000005AE5EE035A4A1CB3EC014A36EE236A98
:108D500034EEA75AA5EE864A03ED014A53D197E0B7
:108D600037EE497A9FED463AC7EE267A79EE675A92
:108D700027EEA84A25EEA49AA7EEC45AA5EEC93A52
:108D80004F1EF0EE008AFFEE004AE5EE284AF3ECB3
:108D9000015A9FED3B5A36EE236A76EE806AE4EE86
:108DA000865A77EE267AB7EE009AF4EEC97AF1EE9B
:108DB00010FAB6EE004AFEEE008A33EE077A43ED73
:108DC000015A47DB77EEC97A87EEA63A79EE434A35
:108DD00063EE045A24EEA84AA3EE657AA4EEC45AC0
:108DE000791EF0EE008ABFEE009AA7EE289A36EEC2
:108DF000236AB3EC017AA9EE067A35EE275A03ED21
:108E0000017A002F44D076EE806AB7EE009A37EEF2
:108E1000A67AF6EE008AB4EEC97AF1EE10FAFEEE0A
:108E2000004A9DDA9FED163AAAE79FED101ADFED92
:108E3000101A30EE012AFDEEC23AF8EEE32A13EEE4
:108E4000902A32EE623A23EE214AFDEEC44A14EE35
:108E5000903AA8E49FED0A5AC2E700BFF0C40208A6
:108E6000D0CCCC3C3333F33E000040420000004302
:108E7000000080430AD7233C28E9030824E50308BF
:108E800000000000DB0F49400AD7A33EEC51783FB9
:108E9000F5EE003A40ED087A00ED075AF4EEE39A59
:108EA000019889ED006AF1EE10FAC0ED006A80F2D7
:108EB0001F811FED0C0A5FED0C6A29EE803AF0EE7F
:108EC000007A63EE264AB1EE004AF7EE005AE9EE68
:108ED000C45AE3EE647A28EE258A63EE279A059A4F
:108EE0000D9C039B049993ED007A91ED006A971B0A
:108EF000274457ED0B6A57ED0C7A66EEA68AB6EE5C
:108F0000000AE7EEA78A39EEC79A78EE463AF4EE01
:108F1000C08AF1EE10FA89EE025A83EE823A06D93F
:108F2000F0EE004AF4EEE48AF1EE10FA1CDB18EEE3
:108F3000900A4208C2F1BE4404F55D1303F5CE5118
:108F4000B6EE004A01F11F0009EE900A68EE845A5D
:108F5000F7EE088A29EEA58AE9EEC88A29EEA89AD2
:108F600067EE897A66EE896A1C9A002A00F0818091
:108F700037EE057A0B9BE7EE267A05F003046A1EAE
:108F8000F3EC013A36EE036AE7EE676AE7EE863AFB
:108F900043ED013A002D6CD094B3012C1FD0022C6C
:108FA0000ED037EE057AB3EC010AE7EE267A013AE5
:108FB00036EE036AE7EE676AA7EE860A03ED010A5A
:108FC00037EE057AF3EC014AE7EE267A013A36EEFF
:108FD000036AE7EE676AE7EE864A43ED014A37EE39
:108FE000057A36EE036AE7EE267A013AB3EC014AD7
:108FF000A7EE864A511CE7EE676A03ED014A38D0B6
:1090000077EE055A1946E5EEA67A03F10C04103303
:10901000B1EC018A76EE039AE5EEE76A0846043A77
:1090200075EE858AA7EEA98AE8EEA67A01ED018A97
:10903000F0EC013A39EE839AE8EEE76AE7EE893A16
:1090400038EE850A40ED013AE0EE267A39EE036A01
:1090500054ED014AE7EE864AE0EE676A30EE057AA3
:1090600044ED014AE7EE267A36EE036A13ED014A33
:10907000BEE747ED0C7A47ED0B6A059F0498029C0A
:109080001FED7E5A07F1400116EE103A039F05913D
:1090900017EE101A40F8403B47F8401B04F140021D
:1090A0000490079C01980397069F029208F14008DC
:1090B00000F1400304F1400207F14001B8F5007FE0
:1090C00009F14009019307920AF1400A06910CF157
:1090D000400C0BF1400B62EE852A7FF4A6AC099E92
:1090E000554D2E6010B0BDEC048BBDE8F00F7047FD
:1090F000DFED529A9FED528AF1E69BED006ADCEDBE
:10910000006AE0EE866AB7EE007AF4EEC76AF1EE26
:1091100010FACCED006A68DBFDEEE67AB8EEE70AFD
:1091200076EEC03ACCED003A8BE4DAED003ADFEDB2
:10913000454A23EEA48AB6EE003A33EE489A2DE56E
:10914000B0EE495A0BE5DFED3E4ABDE53E4F9FEDDF
:109150003F0A9FED3F4ADBED008A00FB02F2174415
:1091600003EE907AF8EE634AF0EE485A24EE833A22
:109170000997A3EE004A28EE848A8BED008AB7E4B3
:10918000DFED2F4AD8E540F204644FF4C0609FED54
:109190002C5AD1E40899079F4144D1ED016A97ED1B
:1091A000000AE6EE805AB0EE007AB0EE654AFFEEB5
:1091B000005AE4EE075A09E5B7EE047AA0EE277AE2
:1091C0009FED244AFDEEC78AF8EEE83A77EE634A4F
:1091D00024EE843ABDEEC38A18EE103AB8EEC89A6F
:1091E000980033EE495A041DA6E4089C069A4444AC
:1091F000D4ED005A911B7BE400231A46FFF7D3BA43
:109200004FF00008C146FFF7FEBA9FED130ADFEDED
:10921000130A79EE001AFDEEE13AF8EEE32A13EEB6
:10922000909A31EEE23A23EE204AFDEEC44A14EE63
:10923000908AFFF7E8BA00BF64000020C937B53F45
:10924000000000003333733F5FF36E3CCDCC4C3EE7
:10925000CDCC4C3F000000440000004300008043A0
:10926000704700BF00234FF07C5270B4234D036160
:1092700000244FF07A56866343618361436203633F
:109280004363C3630364C3648365C3650366436662
:1092900083664367C0F88030C0F88430C0F88830F7
:1092A000C0F88C30C261C26242644265C266C26765
:1092B000C0F8902080F8204080F8484080F8704046
:1092C0008562056585678E6880F894405F2EC0F8DA
:1092D0009C20C0F89850C0F8A030C0F8A430C0F866
:1092E000A83006D90C68A6F1600504F160038D6012
:1092F0000B60C0F8AC4070BC704700BF0AD7233C7D
:10930000704700BF9FED377ADFED377AE0EE077ADE
:10931000BFEE000AF4EEC07AF1EE10FAF7EE000AA2
:1093200018D4F4EEE07AF1EE10FA16DD04210322EF
:10933000B7EE000A2D4B03EB820003EB810C90ED9E
:10934000003ADCED003A33EEC34AA4EE203A20EEB8
:10935000030A704704210322ECE7F5EEC07AF1EE30
:1093600010FA1FD4DFED226A27EEA60AF0EE081AE3
:10937000BDEEC01AB0EE006AB8EEC12AB0EE613A96
:1093800070EE422A11EE102AA2EEC63A511C62EE8D
:10939000A23A23EE834AE4EE461A64EE044A64EEEF
:1093A000A10AC5E79FED125A67EEC57AF0EE086A8A
:1093B000BDEEE77AF0EE000AB8EEC76AF0EE661A84
:1093C00037EEC61A17EE102AE1EE601A511C61EE54
:1093D000015A25EEA12AE2EE606A62EE022A62EEEE
:1093E000A60AA7E733330340333383BF48B00308EB
:1093F0005DFE7F402DE9F04F2DED108BD1ED027A0F
:1094000091ED040A85B088469146019327EEA78A1C
:109410000446FFF777FFD8ED010A9FEDDB7A1E9F28
:10942000B2EE026A30EEC61AB4EEC71AF1EE10FAC6
:1094300001F11082DFEDD51AB4EEE11AF1EE10FA67
:1094400040F342820023FF20D14AD249DFEDCE8A89
:10945000DFEDD15A30EE200A02EB800501EB8306E6
:10946000F2EE029A95ED00EA96ED009A70EE69AA86
:109470002EEE09AAF4EEE8AAF1EE10FA2AEE25EA99
:1094800001F1EC819FEDC1BAF4EECBAAF1EE10FA36
:1094900041F3FA814FF0000A4FF0FF0BDFEDBF7A86
:1094A0009FEDBD1A9FEDB86A28EE278A02EB8B0C60
:1094B00001EB8A0E9CED007ADEED001A70EE880A50
:1094C000F2EE026A27EE212A70EEE62A62EE013AF7
:1094D000F4EEC62AF1EE10FACDED023A01F1C881A0
:1094E0009FEDAA3AF4EEC32AF1EE10FA41F30E8290
:1094F0000023FF2030EE080A02EB800501EB830613
:10950000F2EE02CAD5ED00AA96ED00BA9FED9ECA12
:10951000DFEDA1BA30EE6CDA6AEE8BDAB4EECCDABB
:10952000F1EE10FA6DEEAB5A01F19D81DFED97EA95
:10953000B4EEEEDAF1EE10FA41F3D2814FF0000A08
:109540004FF0FF0BD8ED032ADFED936A02EB8B0C93
:1095500001EB8A0EF7EE083ADCED000A9EED002AD8
:1095600022EEA34A20EE823AB5EEC04AF1EE10FA9E
:1095700063EE26EA01F18081B7EE00FAB4EE4F4ABD
:10958000F1EE10FAD8BFB0EE44FADFED854ADFED18
:10959000858AB6EE009A32EEE45AF0EE499AE5EE8C
:1095A000289AF4EEC99AF1EE10FA01F10C81DFED80
:1095B0007EFAF4EE6F9AF1EE10FAD8BFF0EE69FA87
:1095C000B5EE000AB4EEC0EAF1EE10FAF4EEC05ABD
:1095D000B4BFF0EE4EAAF0EE40AAF1EE10FA81F21E
:1095E000EC8081F2BC8175EEA5CAF4EEECFAF1EEE6
:1095F00010FA0AD4B7EE00BA7BEE6CCAF4EEECFABD
:10960000F1EE10FAD8BFF0EE6FCAD4ED0DBAD4ED7A
:10961000090A94ED0A6AD4ED0B6A94ED0C1ACDEDAB
:1096200003BA0DEE107A7CEEE67AF8EE4DBA3AEE19
:10963000E0CA35EEC68A7FEE41DA94ED060A8CEE7A
:109640002BCA7E1EC8EE2BCA87EEABDACDEEABDAA4
:10965000002F00F07881B246CB46B446B0EE404AC7
:10966000F7EE002A31EE2D1AB0EE002AB0EE620AB3
:10967000A1EE420AB6EE007A71EE471AD4ED043A32
:109680009FED4C9A70EE8C0AF5EEC01A76EE8D6A5C
:1096900070EEA34AF1EE10FAB4EEC90A54BF71EEAF
:1096A000A11ADFED441AC4ED044AF1EE10FA32EECD
:1096B000E63AF4EEE24A48BFB0EE490AF1EE10FA9B
:1096C00036EE2C6AC2EE838A82EEA68AC0F2AE879C
:1096D00094F8203034EEE25AD4ED059A84ED045A21
:1096E00085EE209AF0EE69AA32EEC9AAE6EE0AAA41
:1096F000F4EEE2AAF1EE10FAA6BF7AEEE2AA012693
:1097000000262BB9F4EE6A6AF1EE10FA98BF012632
:10971000F4EEEA6AF1EE10FA40F36F87DFED255AB6
:1097200028EE2A2A35EEEA7AF6EE007AE7EE21AA4A
:109730000120FEEE002A72EE6A3A6AEE224AE0EE5C
:1097400023AA29EE273A2AEE245A29EE03BADFED9E
:10975000194AB1EE6AAAAAEE0B4AEAEE054A76EE7B
:10976000299AC4ED059AB7EE002AF6EE003AB4EE57
:10977000087AB7EE08BAFEEE00AA0125E6B900287D
:1097800040F0F98618E000BF000000C30000FE4270
:1097900024E5030828E90308519696390000404261
:1097A000C3F5283F48E1BA3F52B87E3F000000436E
:1097B000000080430000000094F82030D4ED057ACA
:1097C000DBBBF4EEE76AF1EE10FA00F39280D4ED21
:1097D000075A84F8205035EEE63A77EEE62A36EE60
:1097E000035A38EE28AAC2EE859A66EE0A2A32EEAD
:1097F000692A29EEA35A62EE233A25EE053A77EE5E
:10980000455A23EEA3AA37EE637AE3EE0B5AAAEE8B
:109810000B7A62EE2AAA69EE859A22EE2ABAA9EE9E
:10982000A14AEBEE214AE3EE435AAAEE4A7A62EEEF
:10983000C02AE2EEA54AA2EE874AB7EE002AF4EE6D
:10984000C27AF1EE10FAF6EE003AB4EE085AF7EEEC
:10985000085ABEEE003A4CD477EEC27A32EE407A25
:1098600087EE86AA002584F82050F1EE47AA32EE52
:109870004A7A2AEE232A67EE233A62EE029A75EEBE
:10988000422A35EE635A63EEA33AE9EEA52AA3EE27
:10989000A55A27EE033A38EE28BA67EE035A2AEEA5
:1098A00002AAEAEEA54AAAEE8A4AE9EEE92AA3EE5E
:1098B000E35A26EE0BBAC4ED057A60EE0B7AE7EEBA
:1098C000A24AA7EE854A4EE75FED486A1FED482A97
:1098D00071EE262AFDEEE23AB8EEE33A13EE900A74
:1098E00032EEC34A64EE024ABDEEE45A15EE103A77
:1098F000AAE5002840F03F86F4EEE76AF1EE10FAA0
:1099000040F3478628EE278A5FED56AA7AEEE78A6B
:10991000B0EE007AE8EEA17A0AF1FF3ABAF1FF3F21
:10992000FFEE001A38EE672AE4EE071AE0EE027A3C
:10993000C4ED076A37EEA44AEBEC011A7FF490AE4F
:10994000B0EE440A66469DED02CADDED03CAC4EDE1
:10995000090AF5EE004AB4EEE4CAF1EE10FAF0EEB0
:109960004C0AF4EEE4EAA8BFF0EE640AF1EE10FA55
:1099700084ED060AC4ED0DCA84ED0C1AC4ED0B6A21
:1099800084ED0A6A80F2368780F2DE873EEEAE6AA8
:10999000F4EEC6FAF1EE10FA0AD4B7EE001A31EE80
:1099A000466AF4EEC6FAF1EE10FAD8BFB0EE6F6A6E
:1099B000D4ED138A94ED142AD4ED152A94ED168A69
:1099C000D4ED17AA94ED105A70EEE86A3EEEC2DAB2
:1099D00076EE62DA3FEE48FAC6EEAB9A8DEE2BAA2F
:1099E0008DEEABBA8FEE2BCA002F00F02482DDF88B
:1099F00004B0B246B446B7EE003A38EE0C8AF0EE48
:109A0000003AB0EE431AA8EE631AF6EE00FA78EECA
:109A10006F1AD4ED0E5A1FED999A78EEA98AF5EED9
:109A2000C01A72EE8B2A38EEA57AF1EE10FAB4EE77
:109A3000C91A54BF71EEA11A5FEDA21A84ED0E7A15
:109A4000F1EE10FA73EE627AB4EEC37A48BFB0EE6C
:109A5000491AF1EE10FA32EE0A2A83EE270AC3EE13
:109A6000220AC0F2D48594F8483037EE439A94ED38
:109A70000F4A84ED0E9A89EE289AB0EE446A73EE8E
:109A800049CAA2EE2C6AB4EEC36AF1EE10FAA6BF80
:109A900036EE436A012600262BB9F4EE462AF1EE93
:109AA00010FA98BF0126F4EEC62AF1EE10FA40F340
:109AB0009A855FEDC06A60EE864A36EEC6DAF6EE4B
:109AC00000DAADEE216A0120BEEE00FA74EEC6FAAD
:109AD00069EE2D3AA1EE2F6A2CEE8F3A69EE237AC9
:109AE0006CEE83CA5FEDCD5AB1EE467AA7EE275AE7
:109AF000E7EE2C5A32EE044A84ED0F4AB7EE006AC4
:109B0000F6EE00EAB4EE08FAF7EE08FAFEEE00DA36
:109B1000012516B9002840F0248594F84830D4ED8A
:109B20000F7AD3BBF4EEE72AF1EE10FA7CDCD4ED29
:109B3000116A84F8485076EEE24A77EEE23A32EE65
:109B4000243A30EE80DAC3EE83CA62EE0D3A36EE86
:109B50006C3A2CEEAE6A63EE2EEA26EE064A7FEEF3
:109B6000466A3FEE6E7A2EEEAEFAE4EE2F6AAFEE64
:109B70002F7A63EE2DDA6CEE864A63EE2DFAA4EEB0
:109B8000A15AEFEEA15AE4EE446AAFEE4F7A23EE0B
:109B9000C1DAEDEE265AADEE075AF7EE003AF4EED2
:109BA000E37AF1EE10FAF6EE00CAB4EE086AF7EEC8
:109BB000086ABEEE004A37D477EEE37A33EEC13A54
:109BC00087EE82FA002584F84850F1EE43DA33EE4E
:109BD000CF7A6FEE2CFA67EE2C4A2FEEAFDA76EEE4
:109BE0006FCA64EEA43A36EE646AEDEE26CAA3EEBE
:109BF000A66A27EE044A70EE80EA67EE046A2FEE4A
:109C00002F3AEDEEA65AADEE835AEDEE4DCAA3EE15
:109C1000E36A62EE2EEAC4ED0F7A61EE2E7AE7EE89
:109C2000AC5AA7EE865A69E7002840F09A84F4EE11
:109C3000E72AF1EE10FA40F38A8460EEA70A9FED5E
:109C4000EEFA3FEE670AF0EE00DAE0EE217A0AF172
:109C5000FF3ABAF1FF3FFFEE001A30EEE77AE5EE89
:109C60002D1AE1EE077AC4ED112A37EEA55AEBEC76
:109C7000011A7FF4C0AE019B84ED168AC4ED152A4B
:109C800084ED105AC4ED17AA84ED142AC4ED138A8A
:109C9000484693ED001AB0EC012A71EE422AF6EE26
:109CA000005A22EEA58A03EB870B6646C3EB0B0C2A
:109CB000A3EC018AACF104055B45C5F3820500F015
:109CC000BA80002D5FD0012D4FD0022D41D0032D41
:109CD00033D0042D25D0052D17D0062D09D0D3ED76
:109CE000008AF0EC019A38EEE9AA6AEE25AAE3ECC4
:109CF00001AA93ED00BAB0EC01CA7BEE4CFAF6EE85
:109D0000004A2FEEA4DAA3EC01DAD3ED00CAB0ECDE
:109D1000016A7CEEC63AB6EE004A63EE846AE3EC72
:109D2000016A93ED003AF0EC01EA33EE6E9AF6EE3A
:109D3000007A29EE27FAA3EC01FAD3ED000AB0EC81
:109D4000010A70EEC0DAF6EE001A2DEEA17AA3EC4D
:109D5000017A93ED005AB0EC011A35EE412AF6EE85
:109D6000002A62EE225AE3EC015A93ED008AF0ECED
:109D7000018A78EE689AB6EE00AA69EE8AAAE3EC48
:109D800001AA5B4557D08646BEEC01BA93ED00CAE6
:109D90007CEE4BFAB6EE00DA6FEE8D4A9A46EAECAC
:109DA000014A90ED016AD3ED01CADAED013A3CEEC9
:109DB000C64A203364EE0D6A2030CAED006A9EED7B
:109DC000013A53ED05EA13ED049A53ED037A13EDCE
:109DD00002FA53ED010A33EEC30A60EE0DDA43EDE9
:109DE00006DA50ED051A3EEEE17A27EE0D5A03ED44
:109DF000055A10ED041A39EE412A62EE0D2A43EDA0
:109E0000042A50ED035A37EEE58A68EE0D8A43EDD9
:109E1000038A50ED029A3FEE69AA6AEE0DAA43ED5D
:109E200002AA10ED01BA30EECBCA5B456CEE0DFA1A
:109E300043ED01FAA7D198ED02DADFED704ADFEDCC
:109E400070CA9FED706AEDEE24CAF4EEC6CAF1EE58
:109E500010FA00F1C184B6EE003AF4EE43CAF6EE11
:109E6000003AF1EE10FAB4EEE3DAD8BFB0EE6C3A95
:109E7000F1EE10FA00F1BA843DEE634AF1EE00EA29
:109E800064EE046A9FED609A66EEAE7A67EE890A28
:109E9000B2EE00FA2DEE0F0AF7EE00EAD8ED03DA83
:109EA000DFED5AFAB4EEEE0AF6EE001AF1EE10FA11
:109EB000F4EEE1DADCBFF0EE40EA60EE2FFAF1EE0C
:109EC00010FA40F1B9843DEEA11A9FED512ADFED61
:109ED0004D2A61EE025AF4EEE25AF1EE10FA00F168
:109EE000A784B7EE008AF4EE485AF1EE10FAD8BF14
:109EF000B0EE658A8DED038AF3EE058AF2EE049AE0
:109F0000EDEEE89AF5EEC09AF1EE10FA00F1B884A1
:109F1000B7EE00FAF4EE4F9AF1EE10FAD8BFB0EEB9
:109F200069FAB7EE00AA7AEE6DAAB2EE00BA6AEE4E
:109F30008BDA9FED38CAF4EECCDAF1EE10FA00F1CC
:109F40006F84F4EECADAF1EE10FA40F3F584F6EE1F
:109F500000CAF0EE4ADACDED01CAD8ED013A9FED24
:109F60002E4A70EEA36AB2EE029A76EEC90AF4EEB9
:109F7000C40AF1EE10FA00F16984DFED287AF4EEFC
:109F8000E70AF1EE10FA40F395840023FF2002EB7C
:109F9000800B01EB830C9BED008ADCED008ADFED8A
:109FA000209AD4F8AC8028EE28AAF5EE00AA6AEE32
:109FB000294AB4EE6AEAF1EE10FAF4EEEA4AA8BFD2
:109FC000B0EE6AEAF1EE10FA80F21A8480F2C084F0
:109FD00034EEA4DAB4EECD3AF1EE10FA26D4B7EEB0
:109FE00000BA3BEE4DDAB4EECD3AF1EE10FAD8BF3E
:109FF000B0EE43DA1AE000BF000000006666A63F3C
:10A000009A9919BE0AD7A33B000040429A99993EFB
:10A01000CDCC8C3F0AD7A33C000000C30000FE4219
:10A02000519696399A99993F0000000094ED1D1AB7
:10A0300094ED1E6AD4ED1F6AD4ED201AD4F884A0E2
:10A0400094ED1A0AB7EE003A3EEE41CA74EEC6CA63
:10A050007DEE663A33EE614A8CEE2BCACCEEABCA8B
:10A0600083EEABDA84EE2BEA002F00F04581354613
:10A07000C346B0EE404AF7EE007A71EE8E1AB0EEAB
:10A08000007AB0EE670AB6EE009AA1EEC70A71EE4A
:10A09000C90A94ED185A1FED1C9A31EE0C1AF5EE10
:10A0A000C00A76EE8D6A71EE052AF1EE10FAB4EE72
:10A0B000C90A54BF70EEA00A5FED250AC4ED182A44
:10A0C000F1EE10FA37EEE62AF4EEE72A48BFB0EEDA
:10A0D000490AF1EE10FA36EE2C6AC7EE828A87EE54
:10A0E000A68AC0F29C8294F8701072EEE75AD4ED02
:10A0F000199AC4ED185A85EE819AF0EE69AA37EEE6
:10A10000C9AAE6EE0AAAF4EEE7AAF1EE10FAA6BF93
:10A110007AEEE7AA0120002029B9F4EE6A6AF1EE8E
:10A1200010FA98BF0120F4EEEA6AF1EE10FA40F35B
:10A1300051821FED433A68EE2A4A73EE6A3AF6EE10
:10A14000007AE3EEA0AA0122BEEE007A34EEEA5ACB
:10A1500029EE272AE0EE05AA6AEE072A29EE02BABE
:10A160002AEE22AA5FED504AF1EE6A5AA5EE8B4A1A
:10A17000E5EE8A4A76EE299AC4ED199AB7EE003ACE
:10A18000F6EE003AB4EE087AB7EE08BAFEEE00AA90
:10A190004FF0010E10B9002A40F0058294F870309B
:10A1A000D4ED197AD3BBF4EEE76AF1EE10FA7CDC59
:10A1B00094ED1B5A84F870E035EE662A77EEE62AB5
:10A1C00076EE025A38EE28AAC2EEA59A66EE0A2A60
:10A1D00033EE692A29EEA35A62EE233A25EE053AB8
:10A1E00077EE455A23EEA3AA37EE637AE3EE0B5AD5
:10A1F000AAEE0B7A62EE2AAA69EE859A22EE2ABAB4
:10A20000A9EEA04AEBEE204AE3EE435AAAEE4A7AC0
:10A2100062EEC02AE2EEA54AA2EE874AB7EE002A15
:10A22000F4EEC27AF1EE10FAF6EE003AB4EE085A05
:10A23000F7EE085ABEEE003A37D477EEC27A32EE25
:10A24000407A87EE86AA002184F87010F1EE47AAC2
:10A2500032EE4A7A2AEE232A67EE233A62EE029A17
:10A2600075EE422A35EE635A63EEA33AE9EEA52A6B
:10A27000A3EEA55A27EE033A38EE28BA67EE035A42
:10A280002AEE02AAEAEEA54AAAEE8A4AE9EEE92AED
:10A29000A3EEE35A26EE0BBAC4ED197A60EE0B7A00
:10A2A000E7EEA24AA7EE854A68E7002A40F07B81E4
:10A2B000F4EEE76AF1EE10FA40F3838128EE278A84
:10A2C0005FEDA7AA7AEEE78AB0EE007AE8EEA07A10
:10A2D000013D691CFFEE000A38EE672AE4EE070A2A
:10A2E000E0EE027AC4ED1B6A37EEA44AEBEC010AF9
:10A2F0007FF4C1AEB0EE440A84ED1D1A9DED021A42
:10A3000084ED1A0AF5EE004AB4EEE41AF1EE10FA02
:10A31000C4F884A0C4ED201AC4ED1F6A84ED1E6A3F
:10A3200080F2558280F2188331EE01CADDED031A06
:10A33000F4EECC1AF1EE10FA0AD4B7EE006A36EE5B
:10A340004CCAF4EECC1AF1EE10FAD8BFB0EE61CAE6
:10A35000D4ED265AD4ED277AD4ED286ADDED02CA71
:10A36000D4ED231A3CEEE5DA3CEE67EA3FEE66FAFE
:10A370008DEE2BBA8EEE2B8ACFEE2B8A002F00F0BB
:10A380006281CE466EE0F4EEC57AF1EE10FA00F28C
:10A390008480D4ED24AA5FEDDDCA1FEDDD6A3AEEBC
:10A3A000E71A75EE670A75EE814AB6EE00DA80EEBE
:10A3B000A4EA012284F89420B4EE08FA73EE4E2A3F
:10A3C0002EEE0D3A62EE8D9A3FEE437A29EEA9CA3F
:10A3D0003FEE694A23EE031AB7EE08AABEEE009AD2
:10A3E0007CEEE7AAACEE0A4AA1EE0A7A62EE89CACE
:10A3F00063EEAA4A6EEE030A32EE00DA22EEACEA0F
:10A40000F0EE61AAE4EEA0AAACEE4C4AA1EE417ACD
:10A4100065EE8D1AA4EE8E6A21EEE6FAEFEE04AA3E
:10A42000AFEE076AF4EEC57AF1EE10FA40F38680DB
:10A4300022EE052AB0EE000AFFEE002AEAEE802A9C
:10A44000013E721C9FEDF13AC4ED247AC2EE839A6C
:10A4500026EE827AEEEC019AA3EE857A77EE061A62
:10A4600000F0F18077EE887AD4ED229A94F8943057
:10A4700075EE8B5AB7EE003A76EEA86A73EE672A4D
:10A4800035EEA95A83EE220A84ED225A73EE663A1B
:10A4900083EE272A002B3FF476AFB7EE00AAB4EE86
:10A4A000CA5AF1EE10FAC0F2C98035EE4A5AB6EE39
:10A4B000007A85EE25CA002084F89400B4EE084A9C
:10A4C0003AEE4C9A6CEE07CA29EE071A74EE6C4A03
:10A4D00061EE010A34EE41DA2CEEACEAB7EE08FA8E
:10A4E000FEEE009A69EE292A9FEDC83A9FEDC96AEF
:10A4F00084ED225AA0EE8FDAEEEE0F4A2CEE2C7A83
:10A5000023EE63AA29EE224A32EE00CAF0EE61AAD7
:10A51000EAEE07AAA0EEE0DAEEEE4E4A65EE8C1AFD
:10A52000AAEE046A26EEA19AF4EEC57AF1EE10FACC
:10A53000E9EE0DAAA9EE246A3FF77AAF35EE675A25
:10A54000B7EE002AA0EE452A9FEDB05A72E737EE2B
:10A55000E29AB7EE00FAF0EE4F0AE0EE490AFFF792
:10A5600070BB62EE097A4FF0000EC4ED0F7A84F8EA
:10A5700048E0FFF75CBB66EE097A4FF0000EF4EEA0
:10A58000E76AF1EE10FAC4ED057A84F820E03FF7AF
:10A59000B9A937EEE69AF7EE00AAB0EE6A8AA8EEFD
:10A5A000C98AFFF7B3B966EE097A4FF0000CF4EEF2
:10A5B000E76AF1EE10FAC4ED197A84F870C03FF73B
:10A5C0007DAE37EEE69AF7EE00AAB0EE6A8AA8EE04
:10A5D000C98A77E63AEEE6BAB7EE003AF0EE434AB9
:10A5E000E8EECB4AA9E576EE62EAF7EE006AF0EE15
:10A5F000664AE0EE6E4AFFF760BA3AEEE6BAF7EE68
:10A60000005AB0EE652AA8EECB2AFFF78BB80026D9
:10A61000F0EE495A304694ED0F4AFFF76BBA00202E
:10A62000F0EE494A0246D4ED199AA3E50026F0EE71
:10A63000494A3046D4ED059AFFF791B8F0EE61AA89
:10A640009FED746AEEE6F4EEEDEAF1EE10FA58BF13
:10A65000F0EE6EDAF7EE00EACEEEADDA94ED296AAE
:10A66000D4ED2A4A9DED018AC4ED277AB0EE46BAB0
:10A670009DEEAFBAF0EE64FADDEE88FACBEE2B7AFF
:10A68000C4ED231AC4ED286AC4ED265ACFEEABBA46
:10A69000002F00F0898009EB87064F46C9EB060AB8
:10A6A000AAF10401C1F38105F8EC016AD9ED005A61
:10A6B00036EE276A74EEAB4A66EE863AE5EEA43AC9
:10A6C000E7EC013AB7426FD07DB3012D1DD0022DCA
:10A6D0000DD0B8EC01CA97ED004A36EE276A74EE49
:10A6E000AB4A2CEE061AA4EE241AA7EC011AB8EC19
:10A6F00001AA97ED009A36EE276A74EEAB4A6AEE2D
:10A7000006AAE9EE24AAE7EC01AAF8EC01CAD7ED03
:10A71000000A36EE276A74EEAB4A2CEE86DAA0EE1B
:10A72000A4DAA7EC01DAB7423ED0C146B9EC01FA8F
:10A7300097ED002A36EE27EA34EEAB5A2FEE0E0ADA
:10A74000BB46A2EE050A103708F110087EEE272A54
:10A75000ABEC010A18ED033A57ED039ADBED011A51
:10A7600075EE2BEA23EE227A72EEA7DAA9EEAE7A24
:10A770003EEEABBA8BED007AD9ED01FA17ED018A06
:10A780006FEEAD8A3DEEA76AE1EE8B8A7BEE2B4A37
:10A7900047ED028A58ED016A66EE865AB742E8EE46
:10A7A000245A47ED015AC0D1C4ED2A4A84ED296AE2
:10A7B00005B0BDEC108BBDE8F08FF0EE405AF6EE20
:10A7C00000CAFEF722BFF0EE49FAFEF7F9BECDED62
:10A7D000024AB6EE00CABBE5F6EE003AB4EEE3DAA2
:10A7E000F1EE10FAB0EE463A7FF546ABDFED090A1E
:10A7F000FFF74EBBF0EE64EAB6EE006AFFF7D8B89A
:10A80000F0EE6A4AB6EE00DA10E400BF9A99993F7A
:10A810000AD7233C000000000000004300008043F2
:10A820001FED056AF0EE4CDA8DED016AFFF795BB7E
:10A83000CDED032AFFF760BB3DEEE17AB0EE005AA2
:10A84000B7EE001AA7EE451AFFF73FBB00231846E4
:10A85000FFF79DBB00231846FEF7F6BD4FF0000A38
:10A86000D346FEF71BBE4FF0000AD346FEF76ABE82
:10A8700000231846FEF73EBE1FED1AFAFEF785BE0E
:10A880001FED1CFAFFF74DBB5FED1DBA1FED1DCA92
:10A890007AEEABCABDEEECDAF8EECDDA1DEE10BA08
:10A8A0007CEEEDEA2EEE8CFAFDEECFFA1FEE90AACA
:10A8B000FEF7F4BD1FED280A5FED281A30EE807A0E
:10A8C000BDEEC75AB8EEC51A15EE100A37EE412A8A
:10A8D00062EE212AFDEEE25A15EE903AFFF757BBE1
:10A8E0001FED33FA5FED33FA7DEE0F7ABDEEE71A16
:10A8F000B8EEC16A11EE10BA37EEC68A28EE2F7A8A
:10A90000FDEEC71A11EE90AAFEF71CBE1FED3E4ADF
:10A910005FED3E4A72EE848ABDEEE85AF8EEC55A03
:10A9200015EE100A38EEE59A69EE249ABDEEE9AA12
:10A930001AEE103AFEF7DEBDB6EE00DA6DEE8D4A85
:10A94000CDED014AFFF709BBB6EE006AFFF730B85C
:10A95000B6EE00DAFFF76ABBB6EE00CAF8E4F6EE30
:10A9600000CAFEF752BE00BF704700BF30B40023DC
:10A970004FF07C520C4C44624FF07E5501218561B2
:10A9800045630464436102618262C2624264C361DE
:10A99000036383638364C364036580F8201080F8D5
:10A9A0003C1030BC704700BF6F12833A704700BF45
:10A9B0002DE9F00FD1ED016A9FEDB17A2DED068BF7
:10A9C000F2EE027A36EEE70A82B0B4EEC70AF1EE92
:10A9D00010FA109E00F1B683DFEDAA0AB4EEE00A89
:10A9E000F1EE10FA40F3F2800024FF25DFF8B0C248
:10A9F000A54F9FEDA65AD1ED035ADFEDA58A9FED35
:10AA0000A59A0CEB850807EB840998ED008A99ED6F
:10AA1000006AF6EE000A68EE069AF0EE60AA29EEE9
:10AA200085AAE5EEA8AAB4EEC9AAF1EE10FAF0EEF6
:10AA30006A6A00F18483B5EE009AB4EEC9AAF1EE19
:10AA400010FA05DCB0EECA7A77EE070AB0EE4A9A41
:10AA5000F4EEE06AF1EE10FA0AD4F7EE007A77EE3F
:10AA6000E00AF4EEE06AF1EE10FAD8BFF0EE660A02
:10AA7000D0ED099AD0ED0A6AD0ED054A01EE106AD0
:10AA800039EE690AF8EE411A30EEE62AC0EE212AC4
:10AA9000741E82EE219A002E00F0BA80254692465E
:10AAA00069E077EE668A37EE840AC8EEA90A80F874
:10AAB00020C060EE698A35EEE01A20EE853A61EE3C
:10AAC000055A63EE033A38EE435A25EEA52A38EECE
:10AAD000658AA3EEAA5AA2EE2A8AA3EEE35AA2EE50
:10AAE000428AA8EE856AE8EE884AF7EE005AB4EE8C
:10AAF000E57AF1EE10FAB6EE000AF4EE080AB7EEC7
:10AB0000081A78DB37EE657A37EE844A87EE292A11
:10AB10004FF0010880F8208080ED047A35EEC25AAB
:10AB200022EE008A65EE003A70EEC8AA63EEA38AB0
:10AB300030EEE30A68EE080AA8EE810AE0EE81AA88
:10AB4000A8EEE80AE0EEE0AA29EE841AE1EE004A57
:10AB5000A1EE2A6AB0EE643A67EE874AF0EE007A18
:10AB6000FFEE005AE3EE275A013D6F1C74EE864A51
:10AB7000EAEC015A4CD090ED043A90F820B09FEDE9
:10AB8000496A79EEA29A76EE896A39EE837AF7EE0F
:10AB9000005AF4EEC76AF1EE10FA75EEE63AD4BF49
:10ABA0004FF0000C4FF0010CE345B6EE005AB4EE46
:10ABB000088AF7EE08AA80ED047A85EEA34AC5EE6E
:10ABC000A67A7FF46EAF9FED376A8EE79FED321A5B
:10ABD000DFED321A30EE012AFDEEC22AB8EEE23A7B
:10ABE00012EE905A72EE433A23EEA14AFDEEC44AA9
:10ABF00014EE904AFAE690F82070B0EE643A002F16
:10AC0000AAD137EE667AF0EE654AE4EE474AA5E748
:10AC1000DFED202AC0ED054AB4EEE2AAF1EE10FA0B
:10AC2000C0ED0A6AC0ED099A00F17D82F5EE002AB6
:10AC3000B4EEE2AAF1EE10FA00F38D82B0EECA9AF9
:10AC400039EE096AF6EE009AB4EEE96AF1EE10FA0E
:10AC5000C8BFF0EE4A2A40F38B8290ED109A90ED37
:10AC6000117AD0ED0C4A32EEC92A36EE474AC2EECE
:10AC700021AA84EE218A002E00F0C180994686E048
:10AC8000000000C30000FE4228E9030851969639EF
:10AC90006666E63EBD37863500000043000080430F
:10ACA00024E5030800000000000000BDABAA2ABD97
:10ACB000ABAAEA3E1F85EB3E8FC2F53C77EEC75A42
:10ACC00039EEA24A85EE896A80F83CA064EE495AC2
:10ACD00031EE462A26EE053A62EE053A63EE038A25
:10ACE00030EE435A23EEA31A30EE630AA8EEA05AC0
:10ACF000A1EE200AA8EEE85AA1EE410AE5EE856A27
:10AD0000E5EE804AB7EE002AF4EEC27AF1EE10FAD0
:10AD1000B6EE006AF4EE083AB7EE081A62DB77EE98
:10AD2000C27A79EEA22A87EE890A012780F83C7060
:10AD3000C0ED0B7A32EE404A60EE068A24EE065AE7
:10AD400073EEE80A65EE055A33EEC56A68EEA83A76
:10AD5000A5EE816AE3EE810AA5EEE56AE3EEE30A79
:10AD600029EE221AE1EE064AE1EE206AB0EE643ADC
:10AD700069EEA74AF0EE009ABFEE002AA3EE292A58
:10AD8000013C651C74EEA64AA9EC012A37D0D0ED2F
:10AD90000B3A90F83C705FED3D6A39EE2A9A37EE37
:10ADA000087A79EE237AB7EE001AB4EEE77AF1EE7C
:10ADB00010FA71EE478AD4BF4FF0000A4FF0010A33
:10ADC0005745B6EE005AB4EE080AF7EE080AC0ED91
:10ADD0000B7AC1EE282AC1EE079A7FF46FAF5FEDC0
:10ADE0004F6A8FE790F83C50B0EE643A002DBFD127
:10ADF00077EEC77AF0EE424AE2EEE74ABAE780ED34
:10AE0000117A80ED109AD1ED03AA1FED598A91EDC8
:10AE1000049AC0ED0C4AB6EE007A7AEEC76AB1EE3B
:10AE2000043AB0EEE60AF0EE087AE0EE037AF5EEC8
:10AE30000E2AA7EE8A8AF7EE008A88EE224A39EEB9
:10AE4000475A78EEC40AF0EEC55AF5EEC00AF1EEA4
:10AE500010FA35EEA56A00F17B81F4EEE80AF1EE16
:10AE600010FA40F37B81B0EE681A66EE019AB1EEFB
:10AE7000042AF0EE084AE9EE824A5FED74AA1FED5B
:10AE8000748A91ED029A24EEA77AB7EE000AE7EEF3
:10AE90000AAA8AEE88AA70EE4A6AF5EEC06AF1EE56
:10AEA00010FA00F15281F4EEC06AF1EE10FA40F3AC
:10AEB0005A81F0EE002A72EEC97A5FED820A5FEDE8
:10AEC000828A90ED143AD0ED133A90ED124A69EE71
:10AED000275A69EE209AB6EE002AA5EE012A32EE34
:10AEE000E56AE9EE808AB0EE435A96EE255A38EECE
:10AEF000E31A72EE444AC5EE21AA81EE219A84EE4D
:10AF0000A18A002E00F00381DFF8A0B2DFF8A0C212
:10AF10009B4D9C4C019002EB860A92ED00AA9FED9E
:10AF20009A7ADFED9A6A9FED9A0ADFED9A7ADFED61
:10AF30009A8AD3ED001AEAEE076A34EE084AFDEE6B
:10AF4000E69A64EE000A19EE900AFDEEE02AC1B21C
:10AF500012EE909A4FEA41085CF82970CDED009A04
:10AF600008F1020809F1010637F908005CF82660CB
:10AF700005EE900A36F9080037F9118036F91110FC
:10AF800002EE100A05EE108A01EE101AB8EEC26A3F
:10AF9000B8EEE5AAB8EEC10AF8EEC54A66EE272A71
:10AFA0006AEE275AE0EE672AE4EEE75AB8EEE97A4D
:10AFB00073EE893A76EEC79A06EE909A22EEA91AB7
:10AFC00025EEA9AAA0EE271AA4EEA7AAB8EEE62AB3
:10AFD000B5EE006A70EEC27A71EE4A0A33EE2A3A92
:10AFE000A0EEA7AAF6EE007AB0EE675AAAEE235AB0
:10AFF000B0EE670A65EE289AA1EE860ABDEEE97A00
:10B00000FDEEC01A17EE109A09F180477E1EB100BE
:10B01000081D01F1080604EB060904EB0008D9ED50
:10B02000004A98ED005A6718D7ED002A75EE646A59
:10B0300034EEE21AB0EE662AA1EE272A01F10C09DD
:10B040002E44284404EB0908D6ED004AD0ED005AFE
:10B05000D8ED000A514E294491ED00AA36EE826ADD
:10B0600070EEC50A75EEE46A74EECA2AA0EEA76A0D
:10B07000A944F0EE660AE2EEA70A99ED00AAF8EEFE
:10B08000E11AB8EEC77A30EE610A39EEC77A76EE89
:10B09000A06A7AEE659A32EE062AE9EEA76A60EEB9
:10B0A000288A97EE062ABDEEE8AA30EEA66A1AEEC6
:10B0B000101A67EE024A8F0097EE266A0BEB070024
:10B0C0003744E1EE274A90ED002A97ED001AF8EE9A
:10B0D000CA0A71EE429A78EEE01A67EE066AA7EEA7
:10B0E000245AB0EE420AA1EEA90AE2EEA76AF1EEF6
:10B0F000457A37EEC05AE7EE265AA5EE030AE2EC8F
:10B10000015A5245A3EC010A7FF407AF019880ED84
:10B11000143AC0ED133A80ED124A02B0BDEC068B32
:10B12000BDE8F00F70479FED1E6AB6EE003AB4EE30
:10B13000C36AF1EE10FA58BFB0EE436A8DE5DFED59
:10B14000190A85E40024254650E49FED170AB0E66D
:10B150009FED151A89E6B6EE006AE6E760EEA03AC2
:10B1600020EEA31A81E626EEA63A26EE830AA0E692
:10B17000F7EE006A36EEC66AF0EE4A2AD5E700BF5F
:10B1800058B2020848AA02080000FE42000000432C
:10B190005DFE7F400000003800000044F4C4020857
:10B1A000DEFF7F3FBD37063600000000F0C4020816
:10B1B000100000208A68002310B4FF2A0F4C84631B
:10B1C000036103624362836243618361C361C3625B
:10B1D00003634363436403640AD90B68A2F5807276
:10B1E00003F580740C608A605DF8044BC36370479C
:10B1F0000023C3635DF8044B704700BF5196963A35
:10B20000704700BF4FF0000C2DE9F00F6546AE010E
:10B2100067462C02002255E0C03B0F2BA8BF0F232E
:10B2200001F1400803EB4313D0F83C9008EBC30353
:10B230000132032D49F8043007F1650704F10404D5
:10B2400006EB020367D0BF2B53DCDFF858B103EBEA
:10B250004313D0F83C800BEBC303032D02F1010B29
:10B2600048F8043004F1040A06EB0B0307F1650902
:10B2700054D0BF2B36DCDFF82C8103EB431308EBF3
:10B28000C303D0F83C8002F10209032D48F80A30CC
:10B2900006EB090304F1080807F1CA0A42D0BF2BE4
:10B2A00019DCDFF8009103EB43130332D0F83CA024
:10B2B00009EBC303402A04F10C0407F22F174AF8E4
:10B2C00008301DD0032D06EB020321D0BF2BA3DCD9
:10B2D000DFF8D080A6E7C03B0F2BA8BF0F2301F1FA
:10B2E0004009E0E7C03B0F2BA8BF0F2301F1400846
:10B2F000C3E7C03B0F2BA8BF0F2301F1400BA6E70C
:10B300000135042D0CF5CA5C81D1BDE8F00F704702
:10B3100061B18B5CDAE7A9B38B5C94E719B311F8E0
:10B320000B30A6E781B111F80930B8E71C4BDFF804
:10B33000748083FB07A94FEAE77ACAEB691B0BEB22
:10B340004B03A7EB83136DE7DFF854B0DFF854909D
:10B350008BFB0A3B4FEAEA73C3EB6B1B0BEB4B0314
:10B36000AAEB83139FE7DFF838B0DFF838808BFB58
:10B37000093B4FEAE973C3EB6B1B0BEB4B03A9EBE8
:10B3800083137AE7064BDFF81CB083FB07A84FEA6C
:10B39000E77ACAEB681909EB4903A7EB831356E771
:10B3A000ABAAAA2A10E402082DE9F00FD1ED016A38
:10B3B0009FEDF77A2DED108BF2EE027A36EEE70A6A
:10B3C00096B0B4EEC70AF1EE10FA2E9C089205462C
:10B3D000099300F10A84DFEDEF0AB4EEE00AF1EE22
:10B3E00010FA40F3E1830023FF2295ED078AD1EDA7
:10B3F000048A9FEDE95AD5ED055A95ED066A91ED5F
:10B40000029AD1ED039A9FEDE5AAE548E549DFED03
:10B41000E6AA9FEDE67A9FEDE6BAF0EE48FAD8EE9E
:10B4200085FA00EB820601EB8307B0EE65CAB0EE49
:10B4300046DAAFEE8A8A99EE05CA99EE85DAB0EE61
:10B4400008FA78EE4F7A96ED00EAD7ED00EA85ED3E
:10B45000078AECEE2A5AADEE2A6A6EEE2E6AF4EEF8
:10B46000C77AF1EE10FACDED137A26EE8B0AC5ED10
:10B47000055A85ED066A00F1BE83B7EE001AF4EEB8
:10B48000C17AF1EE10FAC8BFB0EE417A40F3B18351
:10B4900070EE001ADFEDC72A21EE812ACDED152AC4
:10B4A000B4EEE22AF1EE10FA8DED142A00F1948345
:10B4B0009FEDC13AB4EEC32AF1EE10FAD8BFB0EE58
:10B4C000423A8DED073ABDEEE54AF6EE003AF8EE67
:10B4D000C48AFDEEC64A35EEE89AF3EE005A79EEDC
:10B4E000639ABDEEC85A29EEA5AAFEEE00FAF8EE60
:10B4F000E4AAB8EEC5BAB4EEEFAAF1EE10FA36EE51
:10B500006A6A38EE4B8A00F16D83B4EEE3AAF1EE7D
:10B5100010FA00F37A837AEE23BAB6EE00CA76EE1A
:10B520004CCAB3EE00DA2CEE8DEAFEEE00EA7BEEBA
:10B53000C9DAB4EEEEEAF1EE10FAADEE879A00F158
:10B540004E83B4EECCEAF1EE10FA00F35B833EEEEC
:10B550000CFAF6EE007A78EE676AF3EE000A66EE11
:10B56000A01AFEEE002A3FEE461AF4EEE21AF1EEC1
:10B5700010FAA1EE076A00F12C83F4EEE71AF1EE5F
:10B5800010FA00F3458331EEA72A32EE483A38EE3E
:10B59000894AA3EE078A631E06933AEE867A7BEE0B
:10B5A000083AD5ED0D8AD5ED0B4AD5ED0C9A95EDFF
:10B5B0000E9ACDED058A05EE904A33EEE85AB8EEC4
:10B5C00065AA74EE64AA37EE69BA30EE490AC5EE90
:10B5D0000AFA8AEE8A6A8BEE0A8AC0EE0ABACDEDC2
:10B5E000034ACDED049ACDED10FA8DED0E6A8DED86
:10B5F0000F8ACDED11BA002C00F0C282DDED058A74
:10B60000DDED103ADDED031ADDED0E2A95ED08DAD9
:10B6100095ED0AEA9DED042A9DED0F3ADDED07AAAE
:10B62000D5ED09DA9DED11CADFED64EAD5ED047AB6
:10B630009FED63FADFED63CA78EEA34A31EEA24ACA
:10B64000CDED054ADDED055A8DED034A32EE037A64
:10B6500074EE4D9A35EECEAAA9EEAADAAAEE2AEA3F
:10B6600037EE6D5A39EE0C9AE5EE2ADA29EE2E8A7B
:10B67000F7EE000ABDEECDBABDEECE0A7FEE49EA86
:10B6800039EE27FAB4EEE08ABDEEED6A69EE2C6A77
:10B69000F8EECBBAF8EEC0CAF1EE10FAB4EEE0FA6A
:10B6A000C8BFB0EE608AF1EE10FA10EE104AA8BFE3
:10B6B0003FEE60FA80EEA61A601C032CCCBFC4F1EA
:10B6C000070CA4460328C8BFC4F106004FEA8C1C2F
:10B6D0008701E86B7DEE6B6A85ED08DA85ED0AEA95
:10B6E0003EEE6CDA16EE109A9FED34EAC5ED09DAFB
:10B6F0001BEE10BA6FEE0E7A4FEAC90909F1080A7B
:10B70000FDEEE70A0BEB0A020CEB020110EE903A99
:10B7100050F821608DED047A0BF101083A44C244DF
:10B72000CB44C1444FEA430808F1020150F82240DB
:10B73000CDF8049036F9132002940BEB0C0901EEBE
:10B74000902A50F8294036F901908DED0CDA08F175
:10B75000040202EE909A36F902908DED0B8AB8EE53
:10B76000C6CA04EE109ADDF8049085ED04FA3DEEA9
:10B77000CC0ABB4461EE2EDAE144D44450F82BB03D
:10B78000CDED0ADACDF83490CDF800C01CE000BF52
:10B79000000000C30000FE422EFFDF40CDCC4C3D38
:10B7A00024E5030828E90308CDCC4C3E0000000046
:10B7B000519696390AD7233CCDCCCC3D00000043AE
:10B7C0003333733F00000048DDF804C050F829907F
:10B7D000BC44BA44009FCDF804C050F827C0019F74
:10B7E00050F82AA050F82700675E02EE107AA75E94
:10B7F00003EE107A34F9137004EE907A39F901707F
:10B8000009EE907A39F9027005EE107A39F9137061
:10B8100005EE907A3CF901700AEE907A3CF90270DC
:10B820000BEE107A3CF913700BEE907A029F7F5E5C
:10B830000CEE107A3AF901700FEE907A3BF9017034
:10B84000415EB8EEE28A02EE907A029FB8EEC47AC8
:10B8500008F10608B8EEC3AAF8EEE13A03EE101AB2
:10B86000B95E029F36F90860B8EEC5FAF8EECC1A58
:10B87000B8EEE01A38EE47CAF8EEE90AF8EEE5EA63
:10B88000F8EEC28AB8EEE46AB8EEEF2A04EE901A37
:10B8900077EE63FA37F913103AF90270B6EE007AD0
:10B8A00030EECFEA7FEE6EEAB0EE4CFAB8EECBDACD
:10B8B000AFEE87FA0BEE101AF8EEEBDA7AEE46BA34
:10B8C00006EE106AF8EEE45AB8EEC66AF8EECB4A15
:10B8D0003CEE0FCA35EEE4BA71EEE54A76EE485A10
:10B8E0003AF913103AF908A0A5EE87CA77EEC17AA3
:10B8F00005EE107AB8EEEA1A3BF90270825E0AEEA3
:10B90000901A3FEE0CFA3BF9131030F913303BF963
:10B9100008B030F9080078EECACA7DEE6DDA31EE73
:10B920004D4A97EE8CFA0DEE107A0AEE101AF8EEE8
:10B93000E22AB8EECDDAB8EECAAA72EECD5A3DEEE2
:10B940004AAA27EE8FDA09EE903AAFEE87DA34F999
:10B9500008303CF90810029CB0EE6CCAABEE87CA06
:10B9600034F908400FEE903AA7EE8D8A4FF08447E5
:10B97000B8EEEFDA7CEE8CCA7DEE68FA03EE902A20
:10B98000EFEE87CA39F90820DDF818903CEE2CCA92
:10B99000B0EE4EFA97EEACCA09F1FF38CDF8188038
:10B9A000AEEE87FA089E099B67EE8CFAB8EEC33AB2
:10B9B000EBEE87FAB8F1FF3FF8EEE33AE7EEAF8A35
:10B9C0000FEE902AF8EEE99AF8EEEFFA73EEE99AA4
:10B9D00033EE636A7FEEE0FA7EEE0F3AB0EE44EAB1
:10B9E000EFEE873AADEE87EA3FEE23FA34EE0E4AE9
:10B9F00097EEA3FA03EE901AF8EEE3FA27EE8FFA29
:10BA00007FEEC13AAEEE87FAA3EE874AB8EEC55A8A
:10BA10007EEE04EAF8EEEAAAD7EE84EA75EE6AAAA8
:10BA200032EE455AE7EE8F0A27EEAEFAB0EE64DA50
:10BA3000F0EE45CAABEE07DAEAEE87CAADEE87FA5A
:10BA40000EEE104A0DEE90AAB8EECE4AF8EEED3AA0
:10BA500074EE61FA73EEC2EA74EE8D4A35EE2C5A3A
:10BA6000EFEE874AAEEE875A3DEE24DA7CEE85CAC9
:10BA7000B0EE65CAF0EE46BAAAEE07CAE9EE87BA9A
:10BA800097EEA4DAD7EE85CA04EE90BA05EE100A56
:10BA9000B8EEE4EAF8EEC5FA75EE8C5A36EE2B6A8B
:10BAA0003EEE624A7FEEC3DAE4EE075AADEE876AF5
:10BAB0003CEE25CA7BEE86BA97EEA5CAD7EE86BACB
:10BAC00067EE8D5A67EEAC3A27EE8C6A27EEABDA5A
:10BAD000EBEE075AEAEE873AAAEE076AA9EE87DA92
:10BAE000A7EE8F1AE7EEA51AA7EEA32AE7EE862A9D
:10BAF000A7EE8D3A70EEE80A71EE487A32EE611ADE
:10BB000033EE622AE0EEA68AE1EE261AE2EE262A5B
:10BB1000A7EEA68A95ED103A9DED0BAADDED0A9AE7
:10BB200078EE686A31EEE28AE6EE808AE8EE002A74
:10BB3000DDED0C1A32EEE80AD5ED112AE0EE218A8D
:10BB4000F0EE43AA38EEE27A0FEE107A37EE43BAFF
:10BB5000C5ED118AEAEE0BAA69EEAA0AC5ED10AA94
:10BB600060EE8FEAE6EC010AFDEEEE8A0896F0EE52
:10BB7000684AFAEEED4AE3EC014A09937FF43EADE0
:10BB800085ED0E9A9DED04EA9DED059ADDED03CA63
:10BB900085ED0D9A85ED0CEAC5ED0BCA16B0BDEC2E
:10BBA000108BBDE8F00F70479FED1B1ADFED1B1ADD
:10BBB00070EE012ABDEEE22AB8EEC23A12EE102A69
:10BBC00072EEC33A23EEA14AFDEEC44A14EE903A57
:10BBD0000BE49FED132AD8E4CDED072A73E49FED23
:10BBE00010FAB6E4DFED0EBA97E400231A46FFF729
:10BBF000FCBBB0EE677AF0EE080AB1EE001AA7EED1
:10BC0000601A45E4B7EE00FAA3E4F7EE00BA84E464
:10BC1000B7EE002AB9E400BF0000004300008043F3
:10BC200000000000704700BFF8B5274A274BC0F856
:10BC3000982000250026012704464362C36343651C
:10BC4000C366C0F88850C0F88C50056145618561B5
:10BC500005628562C5620563856305644564856424
:10BC600005658565C56505668566C0F890600677DB
:10BC700080F8346080F84C6080F8646080F89470DC
:10BC80009C30F2F7EDF8DFF84CC0114884F8BC6046
:10BC90000C234FF03F414FF08042C4F8C460C4F819
:10BCA000C860C4F8CC70C4F8E060C4F8E850C4F8C8
:10BCB000EC50C4F8D030C4F8D4C0C4F8D800C4F8EC
:10BCC000DC10C4F8E420F8BD6F12833A0AD7233C95
:10BCD000000040419A99993D9C30F2F703BC00BFA7
:10BCE0002DE9F04FD1ED016A9FED9B7A2DED028B8E
:10BCF000F2EE027A36EEE70A8FB0B4EEC70AF1EE42
:10BD000010FA0D4604461B999046994600F1BD83F2
:10BD1000DFED920AB4EEE00AF1EE10FA40F306818C
:10BD20000023FF228E4E2868D5ED038A9FED8D5AA1
:10BD3000DFED8D5A06EB82078C4A97ED008A02EB05
:10BD4000830A9AED006A80F0020B68EE066ACBF374
:10BD5000400326EE858A0B7068EEA58A002B00F062
:10BD6000B383C60700F11C86D4F8C800D4F8C460B9
:10BD7000012101FA00F203EE902AF8EEE31AB00076
:10BD8000D4F8B430034493ED006AF6EE000A68EE8E
:10BD9000064AF4EEE08AF1EE10FA24EEA11A40F120
:10BDA00077839FED735ADFED737AE8EE857A1A9800
:10BDB00094ED083A94ED094A94ED065AB5EE002A3E
:10BDC00061EE275AB4EEC21AF1EE10FAF4EE425ABE
:10BDD000A8BFB0EE421A03EE900AF1EE10FAA8BF27
:10BDE000F0EE425A31EE437AF8EE633A35EEC40A89
:10BDF000421E87EE232A80EE231A002800F0EC80F2
:10BE00009446C24694ED046A33EE023AF7EE000A15
:10BE100073EE064A34EE014AF4EEE04AF1EE10FA0F
:10BE2000C4ED044AC0F22D8274EEE08A94ED050A56
:10BE3000217FC4ED048AC8EE832AF0EE405A70EEEA
:10BE4000E26AE4EE265AF4EEE05AF1EE10FAA6BFEA
:10BE500075EEE05A0125002539B9F6EE007AF4EEC8
:10BE6000675AF1EE10FAA8BF0125B6EE007ABEEED1
:10BE7000006A62EE870A66EE864AF4EEC75ADFED84
:10BE8000425AF1EE10FA60EEE28AF7EE007A66EEC0
:10BE9000A46A48BFF0EE657AA8EEA75A0121E7EE42
:10BEA000E65A34EE000A84ED050AF6EE000AB7EE13
:10BEB000006AFEEE004A012015B9002940F0CC814D
:10BEC000237FD4ED057A9BB9F4EEE07AF1EE10FA17
:10BED00062D437EEE07A2077C7EE048A36EE680A3D
:10BEE00068EEA06A60EE240AA8EEA65AE0EE205A98
:10BEF000B7EE007AF4EEC77AF1EE10FAB6EE006A09
:10BF0000FEEE008A48D477EEC77A0027C7EE844A4F
:10BF10002777C4ED057A37EE640A64EE860A60EE90
:10BF2000286AA4EEE05AE0EE665ABEE79FED181AC2
:10BF3000DFED181A30EE012ABDEEC23AF8EEC32A40
:10BF400013EE102A72EE623A23EEA14AFDEEC44AC5
:10BF500014EE903AE6E600BF000000C30000FE4287
:10BF600024E503085196963952B87E3F28E9030824
:10BF700048E17A3F5C8F023F0000803CFFFF6F4149
:10BF8000000000428988083E000000000000704266
:10BF90000000004300008043002940F05D81B0EEC6
:10BFA000006AFFEE008AE5EE068A0CF1FF3CB6EE71
:10BFB000007AF4EEC77A1FED0C5AEAEC018AF1EE32
:10BFC00010FAF7EE002A58BFB0EE625A1CF10105D4
:10BFD00035EE255A7FF416AF84ED065A84ED094AF2
:10BFE00084ED083AB6EE001A28EE018AB5EE002A72
:10BFF00068EE211A94ED260A1A9E94ED236AF4EE57
:10C00000421AF1EE10FAD8BFB0EE612A32EE403A91
:10C01000C3EE233A002E00F03F81D4F89000CB46C7
:10C0200030EE230A1FED2C4A5FED2B4AD4ED220A95
:10C0300070EE445A70EE207A75EEA56AC4ED227A4D
:10C0400066EEA48AF5EEC08AF1EE10FA00F10B81DB
:10C05000B7EE007AF4EEC78AF1EE10FA40F30881E9
:10C060001FED3A1A1FED388A94F89430002B00F037
:10C07000E080B6EE002AF4EEC27AF1EE10FAC0F2D9
:10C08000D880F1EE001A20EE213A5FED410A63EE0E
:10C09000015AF4EE605AF1EE10FA25D077EEC24A5A
:10C0A000B7EE004AC4EE806AF4EE088A34EE667A8F
:10C0B00066EE822A27EE025A22EEA23A25EE052AE1
:10C0C00038EEE24A78EEC54AF7EE081AE2EE214A67
:10C0D000A3EE214AE2EE424AA3EE434AF1EE655A4C
:10C0E000A5EEA46AE5EE840A002184F894105FEDC1
:10C0F0005C6A67EEA68ABDEEE87A17EE107A874290
:10C100006FD01F2F40F3A680F7EE002A77EEE27A79
:10C11000203FC4ED227A01200F2F1FED655A00F356
:10C120009280002FB7EE004A08BFB0EE454A64EE99
:10C13000084AF5EE404AF1EE10FA1FD002EE107AEE
:10C140001FED713AF8EEC21A60EE035AD7EE831A69
:10C15000F7EE006AC1EEA58ABEEE007A36EEE85A26
:10C16000F6EE002A25EE074A28EEA22A65EE041A0A
:10C1700028EE823AE4EEA10AA4EE836A88B3F1EED7
:10C18000004A60EE245A65EE816AF5EE406AF1EEEF
:10C1900010FA23D0C7EE808AB7EE007A37EE685ADD
:10C1A000F6EE002A65EE221A68EEA24AB4EE084ABC
:10C1B00021EEA12A64EEA48A34EE613A74EE645A48
:10C1C000B7EE087AA2EE073AE8EE875AA2EE423AB4
:10C1D000E8EEE85AA6EE836AE6EEA50A012584F8A1
:10C1E00094500F2F28DC02EE907AB8EEE25AF6EE69
:10C1F000001AF4EEE17AF1EE10FAE5EE080A02F127
:10C20000FF3258BFB0EE008A5FEDA24A4CBF37EE56
:10C21000A78AA7EEC88A501CFFEE007AE6EE247AC1
:10C22000B0EE606AA8EE016AEBEC017A32D03846D3
:10C23000F6E65FEDAB0A5AE7C7F11F0606EE906A15
:10C24000B8EEE65AD3E7102FBFEE004A08BFB0EEB3
:10C25000454A6CE700205FE764EE227A0025C4EDD2
:10C26000057A25779BE61FEDB81AB7EE008AFBE644
:10C2700078EEA82A1FEDBD5A37EE688A82EE851A3D
:10C28000F2E65FEDBF2A94ED050A0025F0EE625A52
:10C29000294606E6C4F89070D4ED393A84ED236A55
:10C2A000B0EE001AF4EE413AF1EE10FA84ED260AEF
:10C2B00000F0E6801FEDCB0A1FEDCB8A5FEDCB0AC5
:10C2C000794B7A4F9FED7A4AB0EEE32AA2EE008ACC
:10C2D000B3EE043AFDEEC85A63EE838AB8EEE57A0F
:10C2E00015EE90AA78EE476A03EB8A0C66EEA02A58
:10C2F0009CED005AFDEEE24AF7EE001A14EE901A99
:10C3000007EB810BDBED007A25EE276AF5EEC08A9C
:10C3100064EE463AB0EE611AF1EE10FAA3EE821A1C
:10C3200000F13B83F4EE618AF1EE10FACCBFB0EE7F
:10C33000610AB0EE680A1A98002800F0A18094ED16
:10C340003B8ADFED5C0A94ED3A4A30EE482A21EE52
:10C35000043AA2EE208A454608EB800684ED3A3A7C
:10C3600084ED3B8AD8ED005A63EE258AB7EE005A79
:10C37000E5EC018A94ED3A7AD4ED3B2AD9ED006AD6
:10C3800077EE451AF0EE454AE2EEA14AC8EB060800
:10C39000A8F10402B54226EEA46AC2F38003A9EC18
:10C3A000016A6DD0E3B1D4ED3B3A94ED3A8A30EEB8
:10C3B000634A21EE082AE4EE203A84ED3A2AC4EDDD
:10C3C0003B3AD5ED000A22EE203AA5EC013AD4ED35
:10C3D0003A5AD4ED3B8A99ED007A75EEC52A47E0CA
:10C3E000D4ED3B1A9FED336AD4ED3A4A70EE616AA0
:10C3F00061EE247AE6EE861AAA46CC46C4ED3A7A75
:10C40000C4ED3B1AD5ED003A27EEA38AB7EE005AE9
:10C41000AAEC018A94ED3A4A94ED3B2AD9ED000A40
:10C4200034EE453AF0EE455AE2EE035A20EEA57A94
:10C43000ACEC017AD4ED3B2AD4ED3A1A70EE624AA4
:10C4400061EE217AE4EE862AC4ED3A7AC4ED3B2A05
:10C4500095ED016A67EE866A5546E5EC016AD4ED12
:10C460003A3AD4ED3B8A99ED017A73EEC52AE1465A
:10C47000A8EEA25AB54227EE055AA9EC015AAFD14F
:10C480000FB0BDEC028BBDE8F08F00231A4649E4E3
:10C4900078EEE08AF3EE002A68EEA26AF7EE007A00
:10C4A000E8EEA67A83E400BF24E5030828E9030840
:10C4B0003EC32E380AD7233C5C8F823F48E17A3F47
:10C4C0005C8F023F0000000095ED040A5FED060A54
:10C4D00094ED291AD4ED2A7A1FED067A94ED2B3AC1
:10C4E000D4ED281A20EE202AF8EEC32AE2EE017AD3
:10C4F00004F19C00FFEE003A37EE874AF7EE004A5F
:10C50000B4EEE24AF1EE10FAC8BFF0EE634AA1EED3
:10C51000A44AB6EE005A74EE055ABDEEE56A16EE70
:10C52000106A002EC0F24483D4F89C108E4200DBC7
:10C530004E1E09AF95ED020AC4F8AC6004A93A4654
:10C540000197F1F7C7FC1A9DDDED0A6A9DED0C0A13
:10C5500008EB850BF1EE660AB1EE401AD845CDED39
:10C560000A0A8DED0C1A46D0C64600204EF8040B80
:10C57000C8EB0B0CACF10402F345C2F382033AD0D2
:10C5800013B3012B1AD0022B15D0032B10D0042B80
:10C590000BD0052B06D0062B18BF4EF8040B00213C
:10C5A0004EF8041B00264EF8046B00274EF8047B5F
:10C5B00000254EF8045B00204EF8040B4FF0000AF3
:10C5C0004EF804ABF34516D072464FF0000C42F81B
:10C5D00004CB0EF1200E4EF81CCCC2F804C04EF86D
:10C5E00014CC4EF810CC4EF80CCC4EF808CC4EF8CB
:10C5F00004CCF345E8D1DDED1A7A039417EE903AB6
:10C6000009AE591EF8EE673A0DF1100E04F1180547
:10C6100004F114000291B246F6EE001ABEEC017A63
:10C62000F4EEE18AF1EE10FA27EE082A40F1AA8131
:10C630001FED5E5A5FED5E4AE8EE854A1A9E90ED68
:10C64000033A90ED044A95ED005AB5EE006A62EEA9
:10C65000245AB4EEC62AF1EE10FAF4EE465AA8BFF8
:10C66000B0EE462AF1EE10FAB8BFB0EE656A72EE8F
:10C67000436A36EE440A86EEA32AC0EE231A002E41
:10C6800000F06081029FCC4655ED020A33EE023A7B
:10C69000F7EE007A33EE201A34EE214AB4EEE71AB0
:10C6A000F1EE10FA05ED021AC0F2638131EE677AFD
:10C6B00015ED016A05ED027AC7EE032A047AF0EE61
:10C6C000465A77EEE26AE4EE265AF4EEE75AF1EEC5
:10C6D00010FAA6BF75EEE75A012600263CB9F6EE21
:10C6E000004AF4EE645AF1EE10FAA8BF0126B6EE45
:10C6F000000AFEEE000A22EE801A66EEA04AF4EE70
:10C70000C05A5FED905AF1EE10FA21EE627AF7EE20
:10C71000007A66EEA46A48BFF0EE657AA7EE275A63
:10C720000121E7EEE65A34EE066A05ED016AB6EE3F
:10C73000000AF7EE000ABEEE001A012216B900291F
:10C7400040F01081037A55ED017A9BB9F4EEC07A7E
:10C75000F1EE10FA2CD477EEC04A027284EE847A9D
:10C7600030EEC76A67EE006A26EE010AA7EE265A87
:10C77000E6EE005AB7EE007AF4EEC77AF1EE10FA60
:10C78000F6EE000ABEEE001A12D477EEC77A002445
:10C79000C7EE844A45ED017A37EE640A24EEA06ABA
:10C7A00060EE016AA4EEC65A0472E0EE665ABEE775
:10C7B000002940F0D78055ED010AB0EE001AFFEED7
:10C7C000002AE5EE012A013FB6EE007AF4EEC70A30
:10C7D0001FEDC45AECEC012AF1EE10FAF7EE007AE4
:10C7E00058BFB0EE675A7C1C35EE255A7FF44CAF2B
:10C7F00085ED005A494680ED033A80ED044AD8EDB4
:10C80000001AB1EC012A9AED003AE2EE031A43460F
:10C81000C8EB0B06A6F1040CE3EC011A5B45CCF364
:10C82000820400F08F80002C46D0012C3AD0022CDC
:10C8300030D0032C26D0042C1CD0052C12D0062C72
:10C8400008D098ED014AD9ED015AA5EE834A04318A
:10C85000A3EC014AD3ED004AB1EC010AE0EE034A31
:10C86000E3EC014A93ED006AF1EC016AA6EE836AFB
:10C87000A3EC016AD3ED000AB1EC011AE1EE030A60
:10C88000E3EC010AD3ED002AB1EC017AE7EE032ACA
:10C89000E3EC012AD3ED007AB1EC015AE5EE037A1C
:10C8A000E3EC017AD3ED001AB1EC012AE2EE031AAF
:10C8B000E3EC011A5B4545D00A46B2EC014AD3EDE0
:10C8C000005AE4EE035A1F4620332031E7EC015AA8
:10C8D00011ED076A13ED070AD7ED014AA6EE030A28
:10C8E00087ED000AD2ED010A13ED051A53ED042A73
:10C8F00053ED037A53ED026A13ED017AE0EE834AB9
:10C9000043ED064A11ED055AA5EE031A03ED051A8B
:10C9100051ED041AE1EE832A43ED042A11ED032AB6
:10C92000E2EE037A43ED037A11ED024AE4EE036A84
:10C9300043ED026A51ED015AA5EE837A5B4503EDA2
:10C94000017AB9D1019B9E4505F118050AF1040A47
:10C9500000F118007FF460AE029A039CF7EE001A13
:10C96000FFF740BB64EE220A002245ED010A027285
:10C9700023E7DFEDB72A15ED016A0026F0EE625AD3
:10C980003146D0E638EEE13AF3EE002A23EE224AB1
:10C99000F7EE004AE3EE044A50E69FEDAD0ACAE422
:10C9A00095ED043A9FEDAB0A94ED296AD4ED2A4A3D
:10C9B000DFEDA70AD4ED2B7A94ED281A63EE002A56
:10C9C000F8EEE76AE2EE864ABFEE005A74EEA01A6D
:10C9D000B7EE007AF4EEE61AF1EE10FAC8BFB0EE48
:10C9E000457AE1EE071AB6EE002A31EE824AFDEEF4
:10C9F000C45A15EE901A00292CDBD4F89C70B94269
:10CA000000DB791ED4F8B460D4F8B000C4F8AC10E0
:10CA1000B346002202EB810E00EB8E0A9AED000A6B
:10CA2000F0EE003AB4EEE30AF1EE10FA0ADDB6EEEB
:10CA3000003A20EE030AB0EE006AB4EEC60AF1EE48
:10CA400010FAF4DC0132042AABEC010A04D0D4F869
:10CA5000AC10DFE70021D5E706F110073946304674
:10CA6000F1F79EFB30463946F1F7ECFAD5ED024A74
:10CA7000D4ED360A94ED371ADFED752AD4ED387A05
:10CA8000D4ED356AA4EEA01AB8EEE75A71EE221A78
:10CA9000BFEE002AF4EEC51AF1EE10FAB7EE007AF6
:10CAA000C8BFB0EE427AE6EE871AB6EE004A71EEE3
:10CAB000845AFDEEE53A13EE903A002BC0F2B680B0
:10CAC000D4F8D0506448D4F8AC10D4F8B820AB42B5
:10CAD000A8BF05F1FF3380FB0307A7EBE37C0CEB5A
:10CAE0004C05C5EB030B4FF0010EC4F8E0300EFA15
:10CAF0000BF3C4F8C03052F821205FFA8CF5724570
:10CB000084F8BC5056D0032D5ED0002D47D10126AD
:10CB1000C4F8CC60D4F8C410D4F8C8703144C4F858
:10CB2000C4108A4216DD002914DBBB4220DD002F31
:10CB30001EDB4FF0010E0EFA07F700EE107AD4F864
:10CB4000C430F8EEC01A98004FF07E52C4F8E820C6
:10CB5000FFF716B9D4F8CC603744002ED4BF02F1E9
:10CB6000FF360026BB42C4F8C870C4F8C460DEDCDF
:10CB7000D4F8CC100029D4BF03F1FF370027022DD1
:10CB8000C4F8C870D5D14E42002EC4F8CC6048DD40
:10CB90000121C4F8C4100027C4F8C870C1E7012DF2
:10CBA0000ABF4FF0FF36D4F8CC60C4F8CC60B1E7D0
:10CBB0001E46BEE47345A6D10020C4F8C800C4F8E0
:10CBC000C400F7EE001ABFE7244DD4F8C8702968F6
:10CBD00004E0D4F8C4108E4220D10146204E2148F2
:10CBE00006FB01FA50440109B1FBF3FC4FEA105B6C
:10CBF00003FB1C11BBFBF2F6B94202FB16B6E8D0F0
:10CC00002860012303FA01F203EE102AC4F8C810C9
:10CC1000C4F8C460B000F8EEC31A95E7286039463E
:10CC2000EFE7911EC4F8C4105F1EB5E7002501238D
:10CC3000D4F8AC70D4F8B800C4F8E050C4F8C030F0
:10CC400050F8272084F8BC509A427FF460AFB3E7D5
:10CC5000000000005C8F823F56555555640000204F
:10CC60000D6619005FF36E3C704700BF70B48E68AC
:10CC7000134D056500234FF07C520024B6F5C07FAC
:10CC80008363C3630364C3648365C36503614361F2
:10CC9000836143620363436342644265C261C2626B
:10CCA00080F8484080F82040856206D30C68A6F5DD
:10CCB000C07604F5C0738E600B60046670BC70476C
:10CCC0000AD7233C704700BF2DE9F00FD1ED016A70
:10CCD0009FEDC37A2DED108BF2EE027A36EEE70A65
:10CCE00084B0B4EEC70AF1EE10FADDF87080039359
:10CCF000924600F1B484DFEDBB0AB4EEE00AF1EE37
:10CD000010FA40F30B820024FF269FEDBD8AD1ED7F
:10CD1000044AB54BB54DB64A9FEDBA6ADFEDB55A38
:10CD200064EE888A03EB8407BDEEE89A02EB86097D
:10CD300019EE104A4FEA840B0BEB050C9CED00AA90
:10CD4000DCED01AAD7ED00BA99ED00BAF8EEC99A68
:10CD50007AEECACA38EEE9CA2BEE2BDAACEE2CAA70
:10CD60006DEE25DA3AEE08EAF6EE00EABDEECEFA0E
:10CD70006DEEAEFAF8EECF6A1FEE107A7EEE667AAE
:10CD800002EB870227EE860A92ED007ACDED00FADB
:10CD9000FDEEC00A9DED002A10EE904A03EB8403DD
:10CDA00093ED001A67EE011AF5EE00FA22EE215A11
:10CDB000B4EEEF5AF1EE10FA40F14D849FED8E3A49
:10CDC000F7EE002AE5EE432AF0EE45FAD1ED023AFD
:10CDD00091ED034ADFED894A9DED009ADDED00AA51
:10CDE000D0F86090B2EE008A23EE886AB6EE00BA00
:10CDF000B0EE4BAAF5EE005A63EE868AA4EE24AAA2
:10CE000009EBC80B4FEA4802B4EEE59AF1EE10FACE
:10CE100068EEA29AF4EEE5FAA8BFF0EE65AAF1EE8C
:10CE200010FACDED029A8DED01AA80F2118480F204
:10CE30001A843FEEAFBAB4EECBAAF1EE10FA00F1CD
:10CE40001284F7EE00BA3BEECBBAB0EE6FCAB4EE86
:10CE5000CBAAF1EE10FA40F30D849FED6BDADDED15
:10CE600002EAD0ED090A90ED0A6AD0ED0B6A90ED66
:10CE70000C1A90ED0DAAD0ED064A0DEE902A3DEE6B
:10CE800041EAB8EE6DFA7AEEE0CA3CEE460A7BEE75
:10CE9000667A7EEECA1ACCEE8FCA561E80EE0FDA84
:10CEA000C7EE8FDA8EEE0FEAC1EE8FEA002A00F0AD
:10CEB00091813746CC46B0EE644AF7EE002A31EE57
:10CEC0000E1AB0EE002AB0EE620AA1EE420AB6EEE9
:10CED000007A71EE471A90ED045ADFED4B9A70EE2E
:10CEE000AC0AF5EEC01A76EEAD6A30EE859AF1EE38
:10CEF00010FAB4EEE90A54BF71EEA11ADFED421A3E
:10CF000080ED049AF1EE10FA32EEE63AB4EEE29ACF
:10CF100048BFB0EE690AF1EE10FA36EE0D6AC2EEC5
:10CF2000838A82EEA68AC0F27A8390F8201039EEC6
:10CF3000629AD0ED053A80ED049AC9EE209AF0EE9F
:10CF4000635A72EEE9AAE6EE2A5AF4EEE25AF1EEDC
:10CF500010FAA6BF75EEE25A0125002529B9F4EEB4
:10CF6000656AF1EE10FA98BF0125F4EEE56AF1EE7C
:10CF700010FA40F34B83DFED24BA68EE254A3BEE0E
:10CF8000E5CAF6EE007AECEE215A0121BEEE007AF7
:10CF900034EEE52A69EEA72AE0EE025A2AEE875A15
:10CFA00029EEA23A6AEE85AADFED174AF1EE655A3C
:10CFB000A5EE834AE5EEAA4A76EE233AC0ED053A9D
:10CFC000B7EE00CAB6EE003AB4EE087AF7EE08AA59
:10CFD000FEEE00BA0124CDB9002940F00F8315E020
:10CFE000000000C30000FE4228E90308389602084A
:10CFF00024E50308519696393333734048E1FA3EED
:10D0000000000043000080430000000090F8203042
:10D01000D0ED057ADBBBF4EEE76AF1EE10FA00F32F
:10D02000928090ED07BA80F820403BEE662A77EEBA
:10D03000E62A36EE025A78EE285AC2EE852A26EE05
:10D0400025BA3CEE62CA22EE835A6CEE033A77EEC2
:10D05000455A25EE053A37EE637A63EEA33AE3EEDE
:10D060002A5AA3EEAA7A6CEE2BBA22EE852A6CEE2F
:10D070002BAAA2EE214AEAEEA14AE3EE435AA3EE1E
:10D08000E37A6BEE402AE2EEA54AA2EE874AB7EEBB
:10D09000007AF4EEC77AF1EE10FAF6EE003AB4EE4A
:10D0A000085AF7EE085ABEEE003A4CD477EEC77A2B
:10D0B00077EE40BA87EE86BA002480F8204038EE3A
:10D0C00028CA37EE4B7A2BEE232A67EE233A62EE1C
:10D0D00002AA75EE422A35EE635A63EEA33AEAEEEF
:10D0E000A52AA3EEA55A27EE033A2BEE02BA67EE65
:10D0F000035AF1EE6BBAEBEEA54AABEE8B4AEAEEC1
:10D10000EA2AA3EEE35A26EE0CCAC0ED057A60EED9
:10D110000C7AE7EEA24AA7EE854A51E71FED481ABE
:10D120005FED481A30EE012ABDEEC25AF8EEC52A6C
:10D1300015EE106A32EE623A63EE213ABDEEE34A32
:10D1400014EE104AE1E5002940F05882F4EEE76A57
:10D15000F1EE10FA40F3498228EE278A5FED56BAC5
:10D16000F7EE008A38EEC92A29EE097AB0EE493A7C
:10D17000F1EE00AA62EE2A2AB6EE005A97EE073ABE
:10D18000013F791C36EEC5BA62EE895A7BEEE73A6A
:10D19000B0EE00CAF0EECB9AE3EEA17A63EE29BAC4
:10D1A0007CEE651AABEE8C9A65EEA18A38EE678A42
:10D1B00028EE844A3AEE2EAAE0EE087AA4EE0A9A05
:10D1C000C0ED076A37EEA44AACEC019A7FF475AE65
:10D1D000F0EE444A9DED009AC0ED090AB5EE000A52
:10D1E000B4EEC09AF1EE10FAF0EE490AF4EEC0FA8D
:10D1F000A8BFF0EE400AF1EE10FAC0ED064A80ED4D
:10D200000DAA80ED0C1AC0ED0B6A80ED0A6A80F25F
:10D210001A8280F233827FEEAF6A9DED011AB4EE7E
:10D22000E61AF1EE10FA09D4B7EE006A76EE666AF5
:10D23000B4EEE61AF1EE10FA40F31982D0ED139A2B
:10D24000D0ED141AD0ED152A90ED169A5FED92CA22
:10D2500090ED17AADDED027AD0ED105A30EEE9DA42
:10D260007FEEE1DA36EEE2EA7CEEC9EA37EECA2A70
:10D27000CDEE0FAA8DEE8FBACEEE0FBA8EEE8FCA1C
:10D2800082EE0FFA002A00F0F4805A4690F8481017
:10D29000F7EE003A39EE0C9AB0EE003AB0EE635A6F
:10D2A000A9EE435AB6EE007A39EE471AD0ED0E8A4F
:10D2B0005FEDAB0AD0ED0F4A79EEAA9AB5EEC01A2F
:10D2C00079EEA88AF1EE10FAB4EEE05A72EEAB2ACB
:10D2D00071EE8B1A54BF31EE011A1FEDB51AF1EE43
:10D2E00010FAF4EEE38A58BFF0EE450AF1EE10FAB8
:10D2F00033EEE28AA8BF78EEE38A31EEA46A83EEC9
:10D30000888A83EEA20AC0ED0E8A1FEDC15A80ED15
:10D310000F6A002946D1F4EEC62AF1EE10FA00F3A6
:10D320008E80D0ED116A76EEE2FA76EE62CA31EEC8
:10D33000AFDAF7EE00DA8CEE8DEA012580F848507E
:10D34000F6EE00EA7DEECE3A2EEE2E3A23EEAE2A2F
:10D35000F4EE087A63EE034A22EE024A77EEC3FA4D
:10D3600037EEC27AF7EE086AFEEE00CA23EEACDAB8
:10D37000A4EE267AE4EEA6FA6EEE03DA63EE8DEA08
:10D3800030EE08EAEDEE815AA4EE447AE4EEE4FAD7
:10D3900061EE8E3AAEEE815A23EEE03AE3EE075AA2
:10D3A000A3EE2F5AF7EE007AB4EEE76AF1EE10FA28
:10D3B00000F13C8136EE676AB6EE007A86EE212AED
:10D3C000002480F84840B4EE084A77EEC2FA62EED4
:10D3D000074A6FEE876A74EE64DA26EEA6EA74EE08
:10D3E00066EA64EEA43AF7EE08CABEEE00DA2FEE63
:10D3F0008D3AEEEE2CEAE3EEACDA37EEE07A22EE8E
:10D40000242A2FEE834A70EE087AF1EE47FAEFEE07
:10D41000825AEEEE4EEAE3EEE3DA61EEA74AAFEEB1
:10D42000845A60EEA46AF4EEC62AF1EE10FA80ED9A
:10D430000F6AE6EEAE5AA6EEAD5A7FF772AF20EE57
:10D4400006EADFED907A37EEC68A3AEE0FAAA8EE2A
:10D45000016A013E731CEAEE258A7EEE465AC0ED53
:10D46000112AA0EEA56AE2EC018A76EE055A7FF455
:10D470000DAFC0ED105A80ED17AA80ED169AC0EDE1
:10D48000152AC0ED141AC0ED139AB8F1000F00F080
:10D49000A6807D4B03990AEB88071D1DD9ED00EA94
:10D4A000DFED7A3AF5EE00CA3EEEACDAB6EE003ABF
:10D4B000BDEECD7A09F10809B8EEC72A0BF1080BC9
:10D4C0003DEE424A64EE23FAFDEEEF4A14EE900A76
:10D4D0004FEA800C03EB0C04AC4494ED000ADCED45
:10D4E000000AF8EEE46A70EEC01A3FEEE61AA1EE0A
:10D4F000210A60EE032ACAED002A19ED015A35EE21
:10D500002C6AFDEEC68AB8EEE89A76EE499A69EE84
:10D51000A3AABDEEEABA1BEE102A4FEA820803EB7B
:10D520000806A84496ED00CA98ED00FAF8EECBBACA
:10D530003FEE4CEA7AEEEBDAADEE8ECAECEE032A61
:10D54000EAEC012A5BED027A37EEAC8ABA45BDEE11
:10D55000C8AAF8EECA5A78EE65EA2EEEA3DABDEE56
:10D56000CD7A17EE100A4FEA800C03EB0C04AC44A2
:10D5700094ED004ADCED00FAB8EEC72A7FEEC46AEB
:10D580007DEE424AA4EEA64A24EE030A81ED000A8B
:10D590005BED010A70EEACCABDEEEC1AF8EEC11AF2
:10D5A0007CEEE12A62EEA33ABDEEE35A15EE102AB4
:10D5B0004FEA820803EB0806A844D6ED008A98EDEE
:10D5C000009AB8EEC56A79EE68AA73EEC69AE9EEDB
:10D5D000AA8AA8EE830AA1EC010A7FF45FAF04B027
:10D5E000BDEC108BBDE8F00F704777EEE69AF7EED2
:10D5F00000BAB0EE6B8AA8EEE98AB1E566EE297A48
:10D600000023C0ED057A80F820309FE535EEE6BABC
:10D61000F7EE00BAF0EE6B4AE8EECB4AAFE4002535
:10D62000F0EE694A2946D0ED053AC5E4F4EEC62A83
:10D63000F1EE10FA3FF703AF76EE62DAB0EE67EA8A
:10D64000A8EE6DEAFFE6F0EE40FAF6EE006AF5E5C8
:10D65000B0EE65CA01E4DFED0E2AFFF7B7BB002488
:10D660002646FFF752BBB0EE6FCAFFF7F6BBF0EEEF
:10D67000416AE3E5B0EE4ABAFFF7EFBBF6EE006AA7
:10D68000DCE500BF00000000F0C402080000004418
:10D69000D0CC4C3D704700BF2DE9F0034FF000089F
:10D6A0000D46C446D0F8246C664433462C46002709
:10D6B000EA5D02F07F02632AA8BF63221A7094F821
:10D6C000049009F07F02632AA8BF63221A7194F8BC
:10D6D000019009F07F02632AA8BF63225A7094F870
:10D6E000059009F07F02632AA8BF63225A7194F85B
:10D6F000029009F07F02632AA8BF63229A7094F80F
:10D70000069009F07F02632AA8BF63229A7194F8F9
:10D71000039009F07F02632AA8BF6322DA70E279DE
:10D7200002F07F09B9F1630FA8BF4FF06309EA194E
:10D7300083F8079092F8089009F07F09B9F1630F18
:10D74000A8BF4FF0630983F8089092F8099009F098
:10D750007F09B9F1630FA8BF4FF0630983F80990FF
:10D7600092F80A9009F07F09B9F1630FA8BF4FF052
:10D77000630983F80A9092F80B9009F0030983F883
:10D780000B9092F80B90C9F3810983F80C9092F8F2
:10D790000C9009F0070983F80D9092F80D9009F0AC
:10D7A000030983F80E9092F80D90C9F3820983F86B
:10D7B0000F9092F80E9009F07F09B9F1630FA8BF9E
:10D7C0004FF0630983F8109092F80F9009F0010967
:10D7D00083F8119092F80F90C9F3440983F81290DE
:10D7E00092F8109009F07F09B9F1630FA8BF4FF0CC
:10D7F000630983F81390127BC2F3C3020F2A07F167
:10D80000110714BFD2B20E22662F1A7504F111044B
:10D8100003F115037FF44CAF95F8662002F07F0703
:10D82000632FA8BF632786F87E7095F86A4004F0DE
:10D830007F09B9F1630FA8BF4FF0630986F88290A2
:10D8400095F8673003F07F02632AA8BF632286F849
:10D850007F2095F86B7007F07F04632CA8BF6324CA
:10D8600086F8834095F8689009F07F03632BA8BF82
:10D87000632386F8803095F86C2002F07F07632FD1
:10D88000A8BF632786F8847095F8694004F07F0983
:10D89000B9F1630FA8BF4FF0630986F8819095F83E
:10D8A0006D3003F07F0201EB0807632AA8BF6322F3
:10D8B00086F8852097F86E4004F01F0386F88630BE
:10D8C00097F86F9009F0070286F8872097F86F4065
:10D8D000C4F3C00386F8883097F8709009F07F028F
:10D8E000632AA8BF632286F8892097F8714004F064
:10D8F0007F03632BA8BF632386F88A3097F8729062
:10D9000009F07F02632AA8BF632286F88B2097F86C
:10D91000734004F07F03632BA8BF632386F88C3029
:10D9200097F8749009F0010286F88D2097F87440FA
:10D93000C4F34203052BA8BF052386F88E3097F861
:10D9400074904FEA291286F88F2097F8757007F0C7
:10D950007F04302CA8BF302486F8904095F87630AC
:10D9600003F07F0286F8912095F8777007F07F0426
:10D9700086F8924095F8789009F07F0386F8933006
:10D9800095F8792002F07F0786F8947095F87A4030
:10D9900004F07F0986F8959095F87B3003F07F02BC
:10D9A00086F8962095F87C7007F07F0486F89740FB
:10D9B00095F87D9009F07F0386F8983095F87E20E1
:10D9C00002F07F0786F8997095F87F400CF19C0C67
:10D9D00004F07F093F23BCF59C5F08F1800886F8BE
:10D9E0009A9005F1800586F89B307FF45BAE0021AC
:10D9F000C0F8281CC0F86C1EBDE8F003704700BFDB
:10DA0000F7EE007AC7EE806A2DE9F0030023814A21
:10DA1000814FDFF810C2416300244FF07C51032591
:10DA20009FED7E6A9FED7E7ADFF8FC918464C6EEFE
:10DA3000000A4FF07A564FF0010804658465856747
:10DA4000C0F8A850C0F89C60C364C0F88030C0F82B
:10DA5000A0304365C0F8B030C0F8D03026EE871A49
:10DA600080ED0E0AC0ED100AC0ED0F6AC0ED1F7AFE
:10DA7000C0ED257AC0ED2B7AC0ED317A80ED291A00
:10DA800080ED351AC0F88420C0F88820C0F88C20BA
:10DA9000C0F89020C0F8B420C0F8B820C0F8BC206E
:10DAA000C0F8C020C0F89810C0F8C810C0F8CC600A
:10DAB000C0F8D850C0F8FC600466C0F80851C0F83F
:10DAC0002C618466C0F83851C36580ED411A80ED41
:10DAD0004D1A80ED591AC0ED377AC0F8E030C0F821
:10DAE000E420C0ED3D7AC0F8E820C0F8F810C0F896
:10DAF000EC20C0F8F020C0F800314366C0ED437A56
:10DB0000C0F81031C0F81421C0ED497AC0F81821CE
:10DB1000C0F82811C0F81C21C0F82021C0F830310D
:10DB2000C366C0ED4F7AC0F84031C0F84421C0F858
:10DB30005C610467C0F86851C0F88C61C0F8985106
:10DB4000C0F8BC61C0ED557A80ED651A80ED711AA0
:10DB5000C0F84821C0F85811C0F84C21C0F8502135
:10DB6000C0F860314367C0ED5B7AC0F87031C0F82F
:10DB70007421C0ED617AC0F87821C0F88811C0F82E
:10DB80007C21C0F88021C0F89031C0ED677AC0F8E0
:10DB9000A031C0F8A421C0ED6D7AC0F8A821C0F86A
:10DBA000B811C0F8AC21C0F8B021C0F8C031C0F83D
:10DBB0001C32C0F8204280F8444080F82C4080F8A5
:10DBC0002D40046380F8284280F829420460C0F8A0
:10DBD000C89180F82482876047610761C0F81832D5
:10DBE000C0ED086A4360C3608361C36143628362BE
:10DBF000C0F83012C0F83412C0F83812C0F83C3205
:10DC0000C0F84032C0F8CCC1C0F82CC2BDE8F00367
:10DC1000704700BF6F12833ACDCCCC3D00005C4210
:10DC200000442C4700004042000020412DE9F04F05
:10DC300089B0AD4B0490049E436100274FF08445AA
:10DC4000AA4AB56120204FF03F443061F461376249
:10DC50001368DFF8A0B2069106F12401019305973D
:10DC60000791CDF800B04FF0000808F101050098C9
:10DC7000009A052D404412F808E000F3DC81009F73
:10DC8000009E2F44735D17F801AC02971AF0040F41
:10DC9000C3F301120AF0030140F0CB81914240F03E
:10DCA000C881C8F10609A9F1020212F00307014672
:10DCB0004FF0010329D00146022311F801BF4C782F
:10DCC0005FEA4B760BF0030CC4F3011256D46245A5
:10DCD00054D1012F19D09F420AD0013103234A7831
:10DCE00004EA03066407C2F3011247D4B24245D1E5
:10DCF00011F8017F4C7807F0030B7F0703F1010354
:10DD0000C4F301123AD45A4538D101334B450C467D
:10DD10009C4608EB030700F0E28014F8017F667868
:10DD200017F0040F07F0030BC6F3011206F0030708
:10DD300024D15A4522D1A47816F0040F03F101032F
:10DD4000C4F3011204F0030B18D1BA4216D10E79B4
:10DD500014F0040F01F10401C6F301120CF10203E7
:10DD600006F003070AD15A4508D14A7876070CF124
:10DD70000303C2F3011201D4BA42C6D00EF0030469
:10DD8000A24200F05281009E1E44464408EB030765
:10DD900016F801AC0EF0300ED3460224CDF80C80FC
:10DDA000CBF38006BEF1000F00F08F80BEF1300F84
:10DDB00000F0A2806FF00101019A002A00F081803A
:10DDC000DFF8288103E058F8102F002A79D0934219
:10DDD000F9D1D8F804208A42F5D198F808C0B445A2
:10DDE000F1D1D8F80C20002A6BD00598DDF80CA0F2
:10DDF000079E00EB40050AEB450107984FEA011921
:10DE000048444FEA2E150BF0030446F80920B846A3
:10DE100085604360C460B8F1050F7FF726AF059FAA
:10DE2000009B7A1C991D202A059200917FF41BAF5C
:10DE3000049807999FED2E0A00F62840FFF7E0FDB1
:10DE4000049D07999FED2A0A05F66C60FFF7D8FD3F
:10DE5000069CA768B7F5C07FC0F0FB802668A7F5D1
:10DE6000C07706F5C072A760226041F2B003049D3E
:10DE7000BF2FEE5040F2E780069E3368A7F1C00244
:10DE800041F2B40103F1C004B2F59C5F3460B260AA
:10DE90006B50C0F0E0803568A7F5A25705F59C509F
:10DEA000B76030602F46049A41F2B80641F2BC03D5
:10DEB00001240021C2F8247C9451D15009B0BDE85E
:10DEC000F08F013C04D1A846A5E74FF0FF3173E77E
:10DED000029B039E13F801BC0123F71860E7009929
:10DEE000394411F801AC55E70AD7A33BC4AA03088B
:10DEF00057003B4754AB03080178012211F0400F53
:10DF000003F1FF380CBF6FF0020100219A4208F0C4
:10DF10000709BFF651AFB9F1000F45D0B9F1010FB4
:10DF200038D0B9F1020F2ED0B9F1030F24D0B9F1D6
:10DF3000040F1AD0B9F1050F10D0B9F1060F06D0B1
:10DF400090F801C01CF0400F18BF0121022210F808
:10DF500002A01AF0400F18BF1146013210F80280DB
:10DF600018F0400F18BF1146013210F8029019F056
:10DF7000400F18BF1146013210F802C01CF0400FCC
:10DF800018BF1146013210F802A01AF0400F18BF56
:10DF90001146013210F8028018F0400F18BF1146E8
:10DFA00001329A42BFF608AF02F1010C10F802905C
:10DFB00010F80CA002F1020819F0400F18BF11462A
:10DFC00002F103091AF0400F08BF8C4610F8081040
:10DFD00010F809A011F0400F02F1040118BFC44667
:10DFE0001AF0400F02F1050808BFE14610F801C021
:10DFF00010F808A01CF0400F02F1060C18BF89466B
:10E00000D11D1AF0400F10F80CA008BFC84610F838
:10E0100001901AF0400F08BFC446083219F0400FB3
:10E0200008BF61469A42BFDBC6E6012308EB03073F
:10E03000B0E60123A2E62A440292029C012314F8CE
:10E0400001AC2F46A6E641F2B401049800274750E0
:10E0500029E7002609E7002725E700BF2DE9F04F53
:10E060008B4699B090F8F011089382461646002925
:10E0700040F028839BED044A9FED821A9FED822A8F
:10E08000DFED827AD0ED012A9BF80050DDED080A21
:10E09000069534EE416AF6EE006A36EEC43AB0EE0A
:10E0A000C60AF2EE004AF0EE423AE0EE643AA3EE1F
:10E0B000242AB7EE085A22EE850A63EEA71A62EE0A
:10E0C000275AFDEEE13ABDEEE52A24EE003AF8EEDD
:10E0D000602A002D00F08482B4EEC30AF1EE10FA3B
:10E0E00040F11185DAED5F6A33EE405AF7EE001A1F
:10E0F00065EE260AF4EEE10AF1EE10FAC1F2AA8109
:10E10000DAED634A9BF80120079214464FF0010CA8
:10E110009BED014ADBED050ADFED5D6ADAED031ADE
:10E12000B2EE027A74EE477A74EEA04AB2EE086A52
:10E13000E4EE867AB5EE005AF4EEE67AF1EE10FAE5
:10E1400021EE851AB7EE007A0CDDDFED515ADFEDD6
:10E15000510A77EEE57A27EE207AF4EEE57AF1EED1
:10E1600010FAF2DCDFED4C1AF4EEE17AF1EE10FA7F
:10E170000ED5DFED474ADFED486A9FED486A77EE3E
:10E18000A47A27EE067AF4EEE67AF1EE10FAF0D4ED
:10E190009FED435ADFED430A434F444B77EE851A18
:10E1A000FDEEE14AF8EEE45A14EE900A31EEE56A2B
:10E1B00007EB800866EE207AD8ED006ABDEEE75ADC
:10E1C00015EE105A03EB8509D9ED000A66EEA01A88
:10E1D00027EE217A61EE071A002C00F079879AF871
:10E1E0001010002940F0748701248AF810409BED3C
:10E1F000021A2F4ADFED2F5ADAF8EC11F3EE007A0B
:10E2000021EE276AFDEEC64A14EE907A4FEA870E99
:10E210000EEB0200D0ED006A90ED015A8AED664ADD
:10E22000F8EEE40A35EE661A36EE607AE7EE016A39
:10E2300076EEE56A66EEA75ACAED655A7CB191F8AA
:10E24000885065B10024CAF81440CAF81C40CAF8C6
:10E250002440CAF82C40CAF83440CAF83C400AF1BD
:10E260006808DBED060ACDF824B055460AF14C07E4
:10E270000AF148020AF16C0E54460023C3460B967D
:10E280000AE100BF9A99993E0000FE420000004B4F
:10E290000000F042000080440000F0C20000803A1C
:10E2A000000000430000804324E5030828E9030838
:10E2B00094AC03080C026B3FB4EEC30AF1EE10FA03
:10E2C00004F1440C40F1D08494ED176A73EE405A87
:10E2D000B7EE007A65EE866AF4EEC76AF1EE10FAE0
:10E2E000C0F28F87DEED005A90F8088001EE108AA8
:10E2F000B8EE416AB2EE0E5A34EE467A77EE454AEF
:10E30000F5EEC04AF1EE10FACCBF90F80CC090F8D0
:10E310000BC00CF1FF39B9F1010FF0EEE46A40F2E5
:10E320009384BCF1010FF5EEC04AD8BFF1EE666AE6
:10E33000F1EE10FAD4BF467A90F80AC09AED656AF9
:10E34000D8BF04EE906A91F88660C8BF04EE90CA08
:10E3500006EB460690F80FC003EB4608C14EF8EEF8
:10E36000647A01EE10CA16F80860DFEDBF4A26EEA7
:10E37000A77AB8EE415A16F0030F67EE247A65EEDD
:10E38000066A00F04F84DDF824909FEDB86AD9ED5D
:10E39000034AB6EE007A34EEC75A25EE061A76EE38
:10E3A000A77AD5ED6D4ADFF8F0C29FEDB16A71EE44
:10E3B000276AB4EE001AF4EE646AF1EE10FAD8BFE0
:10E3C000F0EE664AE4EE815ABFEE007AC5ED735A6C
:10E3D000807B0CEB800898ED005AA0EE857A67EE02
:10E3E000067AF5EEC07AF1EE10FABDEEE76A00F1BA
:10E3F0002384F8EEC64A9FED9F1ADFED9F6A37EE41
:10E40000E47AB7EE005AE7EE016AF0EE454AE7EE2D
:10E41000264A16EE10CA14EE900A00EBCC5806EE0F
:10E42000108A35EE461AFAEE0C7AE5EE817AF5EEB0
:10E43000C07AF1EE10FAFDEEE75A00F1F783F8EE3C
:10E44000E56A9FED8C7A9FED8C5ADDF814C077EE6B
:10E45000E67AF7EE006AA7EE875A0DF14809E14423
:10E4600015EE900AE7EE856A0133062B05F10405E7
:10E4700016EE906A06EBC05604F1300407F130073F
:10E4800002F130020EF1300E0BF1300BC9F80060D2
:10E4900000F0C184DDF818C0D5ED677AF5EEC07ADA
:10E4A000F1EE10FA48BFDAED026A03EB43064CBF07
:10E4B000F1EE666AF0EE616AC6EBC60027EEA66A68
:10E4C0009E000DF130090844B14489ED006A0596BB
:10E4D00090F80D80BCF1000F7FF4EEAEDFED674ADF
:10E4E0009FED6F7ADFED665ADFED667A079EF9EEF3
:10E4F0000C6AE4EE246A04F1440C04EE108AB8EECF
:10E50000C45AD4F8448025EE261AE1EE075A25EEC7
:10E51000A76AFDEEC64A22EEA47A002E00F00D8412
:10E52000B8F1030F00F0E0850CEB8801D1ED034A50
:10E53000D2ED006A67EE247AB7EE004AE2EE276A6F
:10E54000F4EEC46AF1EE10FAC2ED006AC0F222865F
:10E55000B8F1010F40F31286D4F84480DAF8EC11D8
:10E56000F7EE006AC2ED006ADFF82491C7F8009068
:10E57000DFF8209108F1030606EA0909B9F1000F56
:10E58000C0F237860CEB8909D9ED075A0CEB880CE1
:10E590009CED074AF4EEC45AF1EE10FA19D5B0EE2C
:10E5A000041A9FED396ADFED394A31EE665AF4EE0E
:10E5B000C65A25EE247AF1EE10FAB4EEC64AD8BF58
:10E5C000F0EE465A66EE876AF1EE10FAD8BFB0EE6A
:10E5D000464A74EE657A9AED664AE7EEA65A83E6F5
:10E5E0009BF801200792DAF86401002A00F0D38238
:10E5F0000328844600F09A860AEB8004D4ED5C0A76
:10E600009AED5A4A22EEA01AB7EE007AA2EE014A1B
:10E61000B4EEC74AF1EE10FA8AED5A4AC0F25786B4
:10E62000012840F3AD86079CDDF818C00746B7EE19
:10E63000004A8AED5A4A1648CAF86C011549FB1C73
:10E6400003EA0102002AC0F2FB860AEB8208D8ED39
:10E65000604A0AEB870999ED607A77EE647AE4EE16
:10E66000274A55E554AB0308C24CDB3C000000428E
:10E67000CDCCCC403BDFAF3E6210283F3BAAAA3E48
:10E680000000FE420000004B6666D640B0AA2A3F5A
:10E690000000C8C203000080D8AC03080000484254
:10E6A0000000003D0AD7A33C7AC7A940CDCC4C3E20
:10E6B0000AD7233C4CA6AA3E000040431F5465499C
:10E6C0000000803DD0F8EC015FED0C5A90F88220FC
:10E6D0001FED0D7A5FED0D7A069006EE102AB8EE6A
:10E6E000C60AF7EE006A70EE650A20EE871A71EE30
:10E6F000271AB0EEE12A72EE662AF5EEC02AF1EE94
:10E7000010FA05D422EEA23A5FED193AE3EE236A3D
:10E71000069B5FED1E4A5FED1E5A5FED1E7A21EEED
:10E72000264AB7EE000A8AED604A93F8834005EE68
:10E73000104AB8EEC56A36EE647A67EE256A76EE60
:10E74000A70AB0EEE01A71EE401AF5EEC01AF1EE2B
:10E7500010FA05D421EEA12A5FED2D2AA2EE220A9D
:10E76000069D5FED323A5FED324A1FED325A26EEDA
:10E77000803AB7EE000A8AED613A95F8847004EEAB
:10E78000107AF8EEC45A75EEE37A27EEA47A37EEE3
:10E79000056AF0EEC66A76EEC00AF5EEC00AF1EE42
:10E7A00010FA05D420EEA01A5FED411AA1EE210A5D
:10E7B00006995FED462A5FED463A1FED464A27EE81
:10E7C000002AB7EE005A8AED622A91F8858003EE9E
:10E7D000108AF8EEC34A74EEE25A25EEA30A70EEF0
:10E7E000047AB0EEE77A37EE456AB5EEC06AF1EE2C
:10E7F00010FA05D466EE060A5FED556AA0EEA65A39
:10E80000DDF818905FED561A5FED562A1FED563A67
:10E810005FED564A9AED647A20EE051AB7EE005A7B
:10E820008AED631A99F87E609AED600A02EE106A2A
:10E83000F8EEC23AF0EE450A63EEA15AB4EE401A81
:10E8400065EEA57A25EE834A25EEA76AF1EE10FA69
:10E85000E5EE862AE4EE220AC0EEA41A40F04A81D0
:10E860005FED6E6A26EE873ADDF818C08AED5C3AF5
:10E870009CF87F005FED723A1FED726A1FED724ADD
:10E88000DAED615A5FED734A05EE100AF8EEC57ACB
:10E89000F7EE000A67EEA31AF0EE602A61EEA16AB5
:10E8A00021EE841A21EEA62AB4EE650AA1EE826A50
:10E8B000F1EE10FAE1EE062A82EEA43A00F092841C
:10E8C00070EE653AB0EEE35A80EE856A23EE060AF2
:10E8D00020EE074A069A8AED5D4A92F880305FED95
:10E8E0008C0A5FED8C1A5FED8C6A9AED621A5FED0F
:10E8F0008D4A07EE903AB8EEE72AF7EE002A22EEAC
:10E90000203AB0EE626A23EE030A23EE265A63EE43
:10E91000003AF4EE415AE3EE231AF1EE10FAA5EEB6
:10E92000216A86EE244A00F0598475EEC10AF0EEA1
:10E93000E07AC2EEA71A64EE215A65EE876A069C59
:10E94000CAED5E6A94F881B01FEDA72A1FEDA73AC1
:10E950001FEDA70A9AED635A5FEDA84A02EE90BA3E
:10E96000F8EEE23AB7EE006A63EE825AF0EE461A2B
:10E9700065EEA50A25EE804A65EEA07AB4EE451A4A
:10E98000A5EEA73AF1EE10FAE4EE031A81EEA42AFE
:10E9900040F0168422EE071A8AED5F1A0698CDF829
:10E9A0001CA0D04655464FF0000C90F81090B9F1DD
:10E9B000130F00F36B83B9F10E0FDDBFC9F124070C
:10E9C00007FB09F94FEAE90909F11B090179132944
:10E9D00005F1440700F1040A5FFA89F640F34D831C
:10E9E0001C3121F001023244A2F18503002BCABF81
:10E9F00001EE103A1FEDCE1ABAEEEE1A85ED181A96
:10EA00004479132C40F34E831C3424F0010131442B
:10EA1000A1F18502002ACABF01EE102A1FEDD81A03
:10EA2000BAEEEE1A85ED191A8379132B40F3318370
:10EA30001C3323F001043444A4F185010029CABF2A
:10EA400001EE101A1FEDE21ABAEEEE1A85ED1A1A4F
:10EA5000C279132A00F32F830E2ADDBFC2F1240BE3
:10EA60000BFB02F2D2101B3222F0010B5E44853EFA
:10EA7000002ECCBF01EE106A9FEDEB1A95ED1C7ACB
:10EA8000C8BFBAEEEE1A002185ED1B1A0B4605F140
:10EA90006004C25CB4EC010A02EB820603F1030BD2
:10EAA00002EBC6020BF0030BC2F3811607EB8B0BD4
:10EAB000121204360232DBED074A964005EE106A68
:10EAC000F4EE404AF1EE10FA01F10101BAEEC45A37
:10EAD00040F0F081DFEDD56A25EE261A002B00F01C
:10EAE0002D8561EE072A042944ED052A00F00D82E8
:10EAF0000133CEE731EE401AB0EEC12AC5EE022A4C
:10EB000061EEA26AAEE6DAED5C1AB7EE004A84EE78
:10EB1000215AB4EEC53AF1EE10FA00F1EC84DAEDC8
:10EB20005D1AC4EE216A73EE455AF4EEE56AF1EE21
:10EB300010FA00F3EB84DAED5E1A84EE216A75EECA
:10EB4000E65AB4EEE56AF1EE10FA00F3DD8475EEF4
:10EB5000C60A30EEC01AB5EEC01AF1EE10FA40F255
:10EB6000C684DAED5F4A61EE247AF4EEC47AF1EEFF
:10EB700010FA3FF7C5AA022403210AEB840C0AEB22
:10EB80008100DCED604A90ED607A37EE644AE4EE95
:10EB9000274AFFF7B7BA032800F039849AED5B5A89
:10EBA000DFEDA37ADAED5A4AB4EE675AF1EE10FAC5
:10EBB0000BD1A04F00F1030E0EEA0703002BC0F2A9
:10EBC0008F840AEB830999ED605A0AEB800595ED75
:10EBD000606ADAED5F6A9FED984A76EE451A032285
:10EBE000A4EEA15A0024CAF8642122EEA61A8AEDE6
:10EBF0005B5AA446A3EE814A0327F7EE005AB4EE0F
:10EC0000E54AF1EE10FA8AED5A4ABFF610ADDAED98
:10EC10005B4ADFED870AF4EE604AF1EE10FA7FF40A
:10EC200018AD0BE59FED841AFFF7B9BB15EE906A9E
:10EC3000701E05EE900A02E416EE106A06F1FF3926
:10EC400006EE109AFFF7D5BBDFED7C7A66EEA76A79
:10EC5000B7EE001AF4EEC16AF1EE10FA40F39F82AB
:10EC6000DFED776AFFF75DBB94ED146AB7EE001A2B
:10EC7000C1EE066AB4EEE63AF1EE10FA00F1D28384
:10EC800094ED156AC1EE065A33EE665AF4EEC55A93
:10EC9000F1EE10FA00F3D18394ED166AC1EE064A44
:10ECA00035EE655AF4EEC54AF1EE10FA00F3CF8363
:10ECB00035EE647A77EE406AF5EEC06AF1EE10FA4E
:10ECC00040F2A183D4ED177A66EEA77AF4EEC17A0A
:10ECD000F1EE10FA3FF706AB4FF002084FF00309D0
:10ECE0000CEB88080CEB890CD8ED075A9CED071A41
:10ECF000F4EEC15AF1EE10FA19D5B0EE046A9FEDA8
:10ED0000527A9FED505A76EE674AF4EEC75A64EE97
:10ED1000856AF1EE10FAB4EEC71AD8BFF0EE475A82
:10ED200067EEA67AF1EE10FAD8BFB0EE471A31EED0
:10ED3000651AE1EE275AFFF7D7BAB8F1030F00F0D2
:10ED4000388297ED001A9FED3A4AD2ED005AB4EEA0
:10ED5000441AF1EE10FA0BD1364908F1030909EA19
:10ED600001010029C0F2DC820CEB810999ED071A40
:10ED70000CEB880898ED076AB4EEC61AF1EE10FAAB
:10ED800019D5F0EE046A9FED305ADFED2E4A76EE8B
:10ED9000E57AB4EEC51A27EEA44AF1EE10FAB4EE05
:10EDA000C56AD8BFB0EE451A65EE845AF1EE10FA86
:10EDB000D8BFB0EE456A36EE416A9FED1F5ADAF8C9
:10EDC000EC11A6EE251A4FF00309F0EE456A87ED27
:10EDD000001AC4F8449082ED005A9CED061A67EEC2
:10EDE000017AE3EEA76A4FF00308B7EE007AF4EE7B
:10EDF000C76AF1EE10FAC2ED006ABFF6B1ABD7ED0B
:10EE0000005ADFED0B7AF4EE675AF1EE10FA7FF458
:10EE1000BDABFFF7ADBB0B9BDDF820800AF5F277A9
:10EE20000024994616E000BF0000803D9A99193FE2
:10EE30000000C8C20300008000000000C87D2B3C19
:10EE40000000C042B0AA2A3F6666D6406666E64029
:10EE5000DAF8EC1191F886C0DAF8006091F88710C2
:10EE600000910CEB4C0504EB45024FEA021E06EB49
:10EE70000E0B0AEBC400DBF8083059F8231001919F
:10EE8000DBF80C50CDF80C8059F8252002920DF1DA
:10EE9000480CA2000CA91430114456F80E606244CC
:10EEA0003B46B047DBF804000444052CD0DD19B024
:10EEB000BDE8F08FF4EEC04AF1EE10FA40F1B680F2
:10EEC0001FED1F4AF4EEC44AF1EE10FAB4EEC40A84
:10EED000D8BFF0EE444AF1EE10FAD8BFB0EE440AC3
:10EEE000F4EE404AF1EE10FA00F0A98070EE647A78
:10EEF0005FED2A1A81EEA72A042925EE021A61EE97
:10EF0000072A44ED052A7FF4F3ADC9F17F0706EE29
:10EF1000107AB8EEC63A88ED6D3A437C002B40F08B
:10EF20009180069B63441A7DDE7C9C7C03EE902AD4
:10EF3000002E40F0C280B7EE005AE74901EB840B87
:10EF4000DBED007AF7EE001AB8EE632AB1EE0C1A88
:10EF500072EE412ADFEDE16A9FEDE16AE2EEA67A08
:10EF6000B7EE007AF4EEC67AF1EE10FA0CDD9FED02
:10EF7000DC3A9FEDDC0A77EEC37A27EE007AF4EEF6
:10EF8000C37AF1EE10FAF2DCDFEDD74AF4EEE47A60
:10EF9000F1EE10FA0ED5DFEDD23ADFEDD30ADFED58
:10EFA000D35A77EEA37A27EE257AF4EEE07AF1EEE3
:10EFB00010FAF0D49FEDCE4A9FEDCE2ACE4FCF4B24
:10EFC00077EE847A0CF1150CBDEEE71ABCF17E0FDA
:10EFD000F8EEC12A11EE10BA37EEE26A07EB8B0A9F
:10EFE00026EE023ADAED006ABDEEC30A00F1150022
:10EFF00010EE109A03EB8907D7ED004A26EEA41A0B
:10F0000005F1300567EE013A08F1040825EE235AB0
:10F0100061EE851AC8ED661A7FF4C7ACDDF81C8076
:10F02000002088F8F00119B0BDE8F08F74EEC03A06
:10F03000F7EE005AC5EEA30A25EE201A51E5B7EE09
:10F04000001A4EE5069E9FEDAE7A66444FF0640AC4
:10F0500096F81290F47C327D09F003011AFB014707
:10F0600000EE107AF8EEC04A03EE902AB7EE005A8E
:10F0700064EE877AFFEE001A66E70E29DBBFC1F166
:10F08000240B0BFB01F11B31C910AAE409F11C0987
:10F090009CE40E2BDBBFC3F1240B0BFB03F31B33F0
:10F0A000DB10C6E40E2CDBBFC4F1240B0BFB04F415
:10F0B0001B34E410A9E41C32D6E405EE906A9FEDFF
:10F0C000914AF8EE650AB7EE005AA0EE845A34E78A
:10F0D0008AF81040BCF1000F40F08880DAF8EC119B
:10F0E0009AED664AFFF7BBB897ED006ADFED8B6AD1
:10F0F0009EED001AD2ED005AB4EE666AF1EE10FAF7
:10F1000008BF9BED006AB4EEC16AF1EE10FA19D5A2
:10F11000F0EE047A9FED7F5ADFED7F4A37EEE54A45
:10F12000B4EEC56A64EE246AF1EE10FAB4EEC51AC4
:10F13000D8BFB0EE456A65EEA65AF1EE10FAD8BF18
:10F14000B0EE451A31EE461ADFED716AA1EE256A7E
:10F150000021B7EE005A87ED006A6164C2ED006AD3
:10F160009CED036A27EE067AE2EE076AF4EEC56AC2
:10F17000F1EE10FAC2ED006A0CDB8846DFED646A3E
:10F18000DAF8EC11C2ED006A08F10108C4F8448015
:10F19000FFF7EAB9D4F84480DAF8EC112FE626EE4E
:10F1A000A65A9FED596A26EE857A67EE066AFFF742
:10F1B000B8B8DCED065AD2ED006A67EE257A10E6A3
:10F1C00071EE456AF0EEE62A86EE223A22EE031A46
:10F1D00021EE077A8AED5F7AFFF7E0BBDFED4B5A4D
:10F1E000FFF7ABBB9FED490AFFF772BB0024FEF7A8
:10F1F000FEBF09F1FF3969F0030909F10109FFF7C1
:10F20000C1B994ED145AC7EE054AB4EEE40AF1EE22
:10F2100010FA00F1868194ED155AC7EE057A70EE6A
:10F22000645AF4EEE57AF1EE10FA00F3718194ED90
:10F23000165A87EE051A75EEE75AB4EEE51AF1EEA6
:10F2400010FA00F3788175EEC14A74EEC07AF5EEDB
:10F25000C07AF1EE10FA40F2698126EE276AB4EE28
:10F26000C76AF1EE10FA40F39A80DEED007AF0EE14
:10F27000675ADFED2A4AF4EE645AF1EE10FA08BF3D
:10F28000DBED005AF4EEE75AF1EE10FA19D5B0EEC4
:10F29000041A9FED206A9FED205A31EE667AF4EE53
:10F2A000C65A67EE054AF1EE10FAF4EEC67AD8BFF8
:10F2B000F0EE465A66EEA46AF1EE10FAD8BFF0EE10
:10F2C000467A77EEE57AE7EEA65AFFF70DB80746DD
:10F2D000079C4FF0000C9AE414AC03088FC2753CF5
:10F2E0000000F042000080440000F0C20000803ABC
:10F2F000000000430000804324E5030828E90308D8
:10F300008B1ACC3E0AD7233C0000C042CDCC4C3EE9
:10F31000000000006666D640B0AA2A3F0000C8C2BE
:10F32000013961F0030909F101011DE5DAED5B4ADC
:10F330001FED064ADAED5C6A9AED635ADAED5A7A05
:10F34000F4EE444AF1EE10FA08BFDAED624A1FED1E
:10F35000104A62EEA61A35EE646AA2EE214A002037
:10F36000CAF86401E7EE864AF7EE005AB4EEE54AC1
:10F37000F1EE10FACAED5B4A8AED5A4AA7DB8446E1
:10F380001FED1D1A079C8AED5A1A0CF10107B0EE09
:10F39000414ACAF864714FF0000CFFF74CB9B0EE67
:10F3A000465A4FF002094FF003080CEB89090CEBA9
:10F3B000880CD9ED075A9CED077AF4EEC75AF1EEA6
:10F3C00010FA19D5B0EE041A5FED2E7A5FED2E4AD1
:10F3D00031EE456AF4EEE75A26EE241AF1EE10FA01
:10F3E000B4EEE77AD8BFF0EE675A25EE015AF1EE97
:10F3F00010FAD8BFB0EE677A37EE657ADEED007AA4
:10F40000E7EE055A35E7DBED005AFEF76DBF9AEDE2
:10F410005F7ADDF81CC09AED5A4A22EE871A6446DC
:10F42000FFF7E8BBB0EE435A4FF0000909F10308BB
:10F4300066EE057A08F0030852E44FF00109F5E79B
:10F44000551E65F0030E0EF10102FFF7FEB84FF0F6
:10F450000209EBE7DAED5C5A81EEA56AB4EEC60A62
:10F46000F1EE10FA00F19680DAED5D5A81EEA51A00
:10F4700070EE467AB4EEE71AF1EE10FA00F38880E7
:10F48000DAED5E5AC1EEA54A77EEC17AF4EEE74AAC
:10F49000F1EE10FA75DC37EEE47A37EE404AB5EE5D
:10F4A000C04AF1EE10FA67D966EE846AF4EEE16ABA
:10F4B000F1EE10FA4FDDDAED631AB0EE615A5FED4E
:10F4C000695AF4EE651AF1EE10FA08BFDAED621A25
:10F4D00075EE617AF0EE614AE0EEA74AFEF712BEE1
:10F4E000591E61F0030808F10103FFF76ABBDAED6A
:10F4F000624AFEF707BEF0EE435ACF1C65EEA17AD2
:10F5000007F00304FFF739BB0221F6E70121F4E716
:10F510004FF0010808F1030925EE255A09F0030907
:10F5200043E7F0EE405A4FF00008F3E7DEED007AD3
:10F53000DBED005A9DE64FF00208EBE79AF8006019
:10F540001EB9F3EE045A21EE251A61EE070A44EDC6
:10F55000050AFFF7CDBA022303210AEB830E0AEB5B
:10F560008101DEED601A91ED606A9AED635A36EE24
:10F57000611AE1EE261AA2E7DAED621A9AED635AF1
:10F580009DE70221CD1C67EEA56A05F00303E4E7C1
:10F590000121F7E7F0EE407AF4E700BFD1ED045A1D
:10F5A000DFEDCC7A90ED067AD0ED070A9FEDCA6ABE
:10F5B000D0ED084AD0ED056A25EEA70AB8EEE41AA8
:10F5C000E0EE070A2DE9F04F70EE861ABFEE002A32
:10F5D000F4EEC11AF1EE10FAF7EE002AC8BFF0EE11
:10F5E000422AE6EEA21A93B00446B6EE003A71EE55
:10F5F000833A0A93BDEEE34A099214EE103A002BC7
:10F60000C0F299870269934200DB531E08682362A7
:10F6100010F0020540F0FB80C60741F2B80857D44D
:10F6200054F808704FF4117606FB074909F6284391
:10F6300093ED034A93ED013AB6EE005AB4EEC54A93
:10F64000F1EE10FA4CBF002501259DED1C5AD3EDBB
:10F65000025AD1F804B0D1F814C0D1F80CA0C3F804
:10F6600038A2B8EE450AF7EE007AA0EE253AC3F8C4
:10F670002CB2C3F830C2B4EEE73AF1EE10FAC0F2A1
:10F680005487964EDFF8788232680596944E9FED47
:10F69000956A08FB02F94E4407EE106AF8EE470A35
:10F6A00073EE676A20EE861A8C4AC3ED016A166013
:10F6B00083ED071A93F82CB0BBF1050F00F2CB874E
:10F6C000DFE81BF05A0453045004400418042001DE
:10F6D00054F80820844F561C3740002FC0F24A8748
:10F6E0004FF4117202FB07FC0CF62846D4F8242CC8
:10F6F00054F806A04FF09C0909FB032241F2B80818
:10F70000524544F8087004EB060373D0A2514FF041
:10F71000010BC3F8202283F824B292F88960002EEE
:10F7200040F0BD80DFED715A93ED081A61EE254A75
:10F73000C3ED024A92F88A60002E00F01187C6F1EC
:10F74000630A0AF00F084FEA2A1908F1100B09F1B1
:10F75000010C0BFA0CFA4FF680760AEA0608B8F1AB
:10F76000800FB8BF4FF0800801EE908A03EE10AA18
:10F77000DFED5F2AB8EEE12AF8EEC33A22EE224A24
:10F7800023EEA25A83ED054A83ED045A61EE055A31
:10F7900061EE047AC3ED045AC3ED057A92F88E90B7
:10F7A00083F82C9092F88DB09FED526A524E1BF167
:10F7B000000C18BF4FF0010C83F82DC092F88CA0FC
:10F7C00000EE10AAB8EE407A67EE060AC3ED090A09
:10F7D00092F88B8092F88F2006EE908AB8EE661A27
:10F7E00006EB820961EE064AD9ED001A24EEA12A41
:10F7F00083ED0A2A93F82D60002E49D193ED013A4A
:10F80000DFED353AB0EE634AC3ED033A1DE791ED03
:10F81000030A9FED3A4AD4F8586C04F54369D9EDD0
:10F82000005A20EE046A04F62C4826EE257AFDEEF6
:10F83000C70AF8EEE06A10EE902A37EE661AB24276
:10F8400088ED001A17D0254D2D4E2868244ADFED8B
:10F85000251A06FB00FC624407EE902AB8EE673AD0
:10F8600010EE907A63EE214A04F6444BC4F8587CBB
:10F870002A60CBED004A94F8545C052D00F2DB863B
:10F88000DFE815F0CB06800694038506A006C606C1
:10F89000DFED112AB0EE623AC3ED012AB0E706EBC4
:10F8A000860C0CEB4C1A4FEAAA169F2E40F3DF860B
:10F8B000A6F1A0094FEA291B0BF10B0C0CFB06F675
:10F8C00007EE106ADFED0A6AF8EEC70A60EEA65A84
:10F8D0002AE700BF5C8F823F000000006400002028
:10F8E0005FF36E3C0000802F010000807120843D9A
:10F8F000302FC03B0AD7233CE8AC03085700BB4776
:10F900000D66190093ED076A03EB8505D5ED045AE2
:10F91000059E83ED066AA0EE254A32680492B7EE92
:10F92000005AB4EEC54AF1EE10FA04F6284504F187
:10F930000406A8BFB0EE454A00F0040004F62C4BC4
:10F9400004F5656A07952A46069083ED034A0296F8
:10F9500004F50A7904F6686804F6646CCDF80CB016
:10F960000025CDF820A00B97089F91ED024AC4EB2B
:10F9700009003844A0F50A7A0027A0F5077B8BED33
:10F98000004A8AF80070069F002F00F0C9840B9F80
:10F99000B5EB070BDBF1000757EB0B0AA0F22720B2
:10F9A00080F800A017681868874200F04685DDF8E7
:10F9B00008A0DDF81CB0C4EB0A030BF104000344FB
:10F9C00093ED004A13ED017AA0EE047AF7EE000AF7
:10F9D000B4EEE07AF1EE10FAC0F20685049FDFF88B
:10F9E00020A3DFF820B3DFEDC36A0AFB07FAD34494
:10F9F00007EE90BAB8EE671A77EE604A61EE261A03
:10FA000043ED014ACDF810B0C3ED051AC4EB060B67
:10FA1000584490F82470052F00F22186DFE817F093
:10FA20005202440237021B02EA010600D0ED051A19
:10FA3000B6EE002AF7EE002A31EEC23A32EEE12AA3
:10FA4000D3ED014AC3ED041AF6EE002AF4EEE24AC1
:10FA5000F1EE10FA54BF4FF00C0A4FF0080A92442E
:10FA6000DAED023AE0EE234AB7EE004AF4EEC44A79
:10FA7000F1EE10FAF0EE640AC0F2BA84F0EE440A35
:10FA800083ED014AF6EE006A70EEE67A90ED081A10
:10FA9000DFED991A37EEA75AF4EEE60A25EE033A9F
:10FAA000F1EE10FA63EE014A48BFB0EE615ACCEDB8
:10FAB000004AD0ED072A22EE052A62EE223AC8ED6E
:10FAC000003A029B039F013503F51170022D07F5E3
:10FAD000117309F5117906F5117608F511780CF511
:10FAE000117C02F511720290039340F00A84059D87
:10FAF000049929601C9E41F2B40141F2B0054FEA1D
:10FB00008609615866594FEAA907B9F1000F04D078
:10FB10003046BA0008F057FD665906EB090101EBC3
:10FB200009051C98A9424FEAC00046D08B46002721
:10FB30004BF8047BC1EB050CACF1040A5D45CAF33C
:10FB400082023AD022B3012A1DD0022A17D0032AFA
:10FB500011D0042A0BD0052A06D0062A18BF4BF86C
:10FB6000047B00234BF8043B00274BF8047B4FF049
:10FB700000084BF8048B4FF0000C4BF804CB4FF00F
:10FB8000000A4BF804AB00224BF8042B5D4514D05F
:10FB90005F46002347F8043B0BF1200B4BF81C3C5D
:10FBA0007B604BF8143C4BF8103C4BF80C3C4BF88A
:10FBB000083C4BF8043C5D45EAD141F2BC0B4F4B8D
:10FBC00054F80B20571C3B40002BC0F26E844FF4BE
:10FBD000117A0AFB03FB0BF6284241F2BC0754F8EA
:10FBE0000280E3512244B8F1000F17D01C9B0E96FF
:10FBF00005EB000E02F50A7102F134005B000EAA5B
:10FC00000F95CDF840E0CDF844E0FEF727FA41F239
:10FC1000B001665806EB090101EB09051C980028A4
:10FC200000F063833346B3EC010AB5EE007A60EE70
:10FC3000071AF8EE086AC6EB0109F4EEE61AA9F114
:10FC40000402F1EE10FAC2F3810640F1A383FFEE45
:10FC5000003ADDF824C00A9FECEC013A8B42E7EC55
:10FC6000013A00F04283002E00F0B380012E29D02B
:10FC7000022E13D0B3EC014AF5EE000A64EE205ACE
:10FC8000B8EE081AF4EEC15AF1EE10FA40F18C8386
:10FC9000FFEE007AECEC017AE7EC017AF3EC014A32
:10FCA000B5EE005A24EE852AF8EE082AB4EEE22AD0
:10FCB000F1EE10FA40F18383BFEE000AACEC010ACA
:10FCC000A7EC010AB3EC017AF5EE001A27EE213A0F
:10FCD000F8EE086AB4EEE63AF1EE10FA40F17A83F3
:10FCE000BFEE004A8B42ACEC014AA7EC014A70D14E
:10FCF000FBE200BF0000802F000000000100008038
:10FD00000D6619005FF36E3C00000044B0EE080A77
:10FD1000B4EEC01AF1EE10FA00F32883B3EE0B7ABA
:10FD2000B0EE473AF2EE021AA1EE013A61EE217A04
:10FD300061EE036AA1EE277AC6EE874AE346B8462B
:10FD4000EBEC014AE8EC014A9AED005AB5EE002AC4
:10FD500065EE022AF8EE083AF4EEE32AF1EE10FA24
:10FD600040F1B982BFEE007A8BED007A88ED007A1F
:10FD7000DAED011AB5EE003A61EE837AF8EE086A20
:10FD8000F4EEE67AF1EE10FA40F19B82FFEE000A03
:10FD9000CBED010AC8ED010ADAED025AB5EE001A00
:10FDA00025EE810AB8EE086AB4EEC60AF1EE10FA42
:10FDB0000AF10C0340F17B82BFEE005A8B428BEDBF
:10FDC000025A0BF10C0C08F10C0788ED025A00F0F6
:10FDD0008C829A46FAEC010AF5EE005A20EEA51A3A
:10FDE000B8EE086AB4EEC61AF1EE10FA8ED5FFEE40
:10FDF000004AA3E7039F5FED3C3A97ED003ADFF836
:10FE0000A0A1F6EE005A33EE254AB7EE005ABDEE39
:10FE1000C46AB8EEC67A74EE470A60EEA36AFDEED5
:10FE2000E67A17EE907A4FEA870BDA44DAED004A69
:10FE3000DAED011AB8EEE71A71EEE42A36EEC12ABD
:10FE4000F0EE651AE2EE224AE4EEA51A31EEE53A4A
:10FE500035EE612AF4E5DDF80CB0DFED4F1A9BEDCD
:10FE6000003AF6EE003AB4EEE33AF1EE10FAB7EEED
:10FE7000004ABEEE003A54BFB0EE612AB0EE442A0A
:10FE800058BFB0EE633A58BFF0EE441AD8E5DDF83B
:10FE90000CA0DAED001AF6EE005AB7EE005A31EE79
:10FEA000E53A35EE612ACBE5039F97ED006AB7EEA0
:10FEB000007A77EE461AF6EE000A37EE612A31EE46
:10FEC000E03ABDE5DDF80CB0DBED006AF6EE007A55
:10FED000F4EEE76AF1EE10FA4CBF77EEE60A76EE42
:10FEE000E70AB7EE001A70EEA01A31EEE73A31EEEB
:10FEF000612AA5E5D3ED014ADFED281A284EB6EEBA
:10FF0000006A34EE862AFDEEC22AB8EEE23A72EEBC
:10FF1000433A63EEA15ABDEEE55A15EE102A4FEAB8
:10FF2000820C0CEB060A9AED007ADAED010AF8EE83
:10FF3000C57A30EEC71A75EEE76AA6EE817AA7EEAB
:10FF4000066AE1E4D3ED014A9FED136AF6EE001A6A
:10FF5000F4EEE14AF1EE10FAB7EE002A58BFB0EE27
:10FF6000426AD1E493ED016ACEE4D3ED012AB7EE03
:10FF7000006A36EE626AC7E493ED013AF6EE003AA3
:10FF8000B4EEE33AF1EE10FA4CBF33EEC33A33EE7F
:10FF9000633A33EE036AB7E4000000000000004457
:10FFA000F0C40208302FC03B0AD7233CB0EE415AC0
:10FFB00004F63842D2ED003A04F5446726EE234AAF
:10FFC0000697F6EE000A069DB4EEE04A04F63446C3
:10FFD000F1EE10FA85ED005A86ED004A40F3BD823D
:10FFE000C0EEA35A04F63C4090ED001A36EE656A66
:10FFF000B7EE007AE6EE010AF4EEC70AF1EE10FA67
:020000040802F0
:10000000C6ED000AA8BF86ED007A9C2707FB03F324
:10001000029204F5087204F6284C079304F1040BCD
:10002000059204F5656304F5456204F64C4A0490B4
:10003000CDF834C004F6686804F6646C04F50A77F9
:10004000CDF80CB004F509792546002008930C92F0
:10005000CDF82CA0D4F8243CDDF81CB0D5F8282C21
:100060005B44934200F09C80DDF814A0C5F8283C66
:100070000122CAF8283C89F8282C93F88920002A04
:1000800000F0508202EB820B0BEB4B1A4FEAAA12E4
:100090009F2A40F3D382A2F1A00A4FEA2A1B0BF158
:1000A0000B0A0AFB02F204EE902A1FED422AB8EE78
:1000B000E45A65EE026ADDF80CB0DDF834A0C4EB5A
:1000C0000B020AF1040B5A44D2ED062A62EEA63A5C
:1000D000C2ED003A93F88AA0BAF1000F00F02E8228
:1000E000CAF1630A0AF00F0B4FEA2A1A0AF1010A51
:1000F0000BF1100B0BFA0AFB4FF6807A0BEA0A0A97
:10010000BAF1800FB8BF4FF0800A04EE10AA01EEDA
:1001100010BA5FED5C5ADDF808B0DDF810A0F8EE1B
:10012000C40AB8EEC16A20EEA57A66EE256ACBED68
:10013000006A8AED007A22EEA63A62EE877A82EDB4
:10014000023AC2ED037A93F88EB082F824B093F8A5
:100150008DB05FED6B4ADFF864A41BF1000B18BF94
:100160004FF0010B82F825B093F88CB005EE10BA71
:10017000B8EE452A62EE242AC2ED072A93F88BB026
:1001800093F88F3003EE90BAB8EE634A0AEB830A15
:1001900064EE240ADAED005A20EEA51A82ED081A60
:1001A000089ADDF818B096ED007A9BED006AD1ED63
:1001B000016AD1F808B0D1ED051A3B1B1344A3F531
:1001C0000A7280F0010A0AF0010A82F800A0B6EE75
:1001D000003AA3F22722B4EEC37A4FF0000A82F865
:1001E00000A0F1EE10FAA3F50972C2ED006A76EEF6
:1001F000437AA3F5077258BF37EE433AA3F5087A5E
:10020000CAED001A58BF33EE033AC2F800B048BF37
:100210009FEDE63A0C9ADDF80CB092ED005A049A84
:1002200067EE834AA3F5067324EE852A83ED000A60
:100230008CED002AD6ED003A0B9BB6EE004AF4EEA8
:10024000C43AF1EE10FA58BF33EEC44AF7EE002A72
:1002500072EEC60A54BF34EE044A9FEDD44A93EDC1
:10026000001A60EE845A0BF5117A02F51173DDF86D
:1002700008B0059ACDF80CA025EE816A01300BF587
:10028000117A0493022802F5117388ED006A05F5CE
:1002900011750CF5117C07F51177CDF808A00593C1
:1002A00009F5117908F511787FF4D4AE22E4B0EEA7
:1002B000087AB4EEC70AF1EE10FA35DDB7EE005A4F
:1002C0007CE5F0EE084AF4EEE47AF1EE10FA50DD47
:1002D000F7EE000A5CE5B0EE084AF4EEC42AF1EE4F
:1002E00010FA32DDB7EE007A3EE541F2B4006D1A45
:1002F0002058AC1002D0A20008F065F913B0BDE898
:10030000F08F04F5855B0BF1180ADAF800000B900A
:100310004FF4117707FB004303F62843FFF724BB94
:10032000DDF818A0FFF73ABBF3EE0B1AF0EE617A96
:10033000B2EE023AE0EE007A60EE034A60EE276A1F
:10034000E0EE241A86EEA15A38E5F3EE0B0AB0EE81
:10035000601AF2EE025AA2EEA21A22EEA56A22EE6C
:10036000810AE2EE860A80EE207AFDE4F7EE004A8A
:10037000E4E4B3EE0B5AF0EE452AB2EE022AE7EEC1
:10038000A72A67EE823A27EEA24AA7EEA35AC4EE46
:10039000050AFDE4B0EE083AF4EEC31AF1EE10FAE5
:1003A0003ADDF7EE003A54E4B0EE086AF4EEC65ACD
:1003B000F1EE10FA40F3A480F7EE007A6AE4F0EE72
:1003C000083AB4EEE32AF1EE10FA40F38780B7EE74
:1003D000000A73E4F0EE087AB4EEE73AF1EE10FAB0
:1003E0006BDDB7EE004A7DE403ED017AFFF70EBB4B
:1003F000F4EEE24AF1EE10FAC3ED014A7FF542ABAA
:100400009FED6A5A90ED086A63EE055A25EE867AEA
:100410008CED007AFFF74DBBF3EE0B7AB0EE675A26
:10042000F2EE024AA1EEA15A21EEA42A61EE852A3B
:10043000E1EE827AC2EEA73A0BE4D3ED030A93ED24
:10044000067AD3ED0A4AF6EE007AF4EEE70AF1EE08
:1004500010FA56BF70EEE70ADFED540A70EEA00AFC
:1004600077EE676AB6EE003A26EEA01AB7EE002ADB
:1004700061EE241A72EE473ACCED001AD3ED032A4E
:10048000D3ED095AF4EEC32AF1EE10FA56BF32EE5C
:10049000C33A9FED463A33EE033A23EE836A26EEE3
:1004A000255A88ED005AFFF70CBB03F1FF3868F0BE
:1004B000010C0CF10103FFF78ABBF3EE0B4AB0EE1F
:1004C000642AB2EE025AA3EE032A63EE052A63EE13
:1004D000023AE3EE224A83EEA44A03E4B3EE0B4A67
:1004E000F0EE445AF2EE020AE2EE025A22EE201A2E
:1004F00022EE256AA2EE014A86EE040AFFF7DEBB71
:10050000B3EE0B0AF0EE401AB2EE027AE5EEA51A4F
:1005100025EE873A65EEA16AA5EE830AC6EE807ADB
:10052000FFF7B8BBDFED226AC5E5224A83ED013A49
:100530000592FFF7BFB80023FFF768B8DFED1E1A7A
:10054000DDF810B0DDF808A0CBED001AB0EE617A4E
:10055000F0EE616ACAED001AEDE504F63C4054E5A0
:100560009FED155AB0EE454A83ED055A83ED045AC6
:10057000FFF70CB907F1FF3A6AF0010B0BF1010725
:10058000FFF7AEB8B7EE002A32EE415A10E5B6EEEC
:10059000005AB4EEC51A9FED055AF1EE10FAF7EEC7
:1005A000004A58BFB0EE645A02E500BF00000000E8
:1005B0007120843D640000200050C347E8AC03086C
:1005C00000000044B6EE005A31EE052A5FED042A21
:1005D0002E4EFDEEC23AB8EEE34A72EE445A25EED4
:1005E000A27AFDEEC70A10EE900A4FEA800909EBE5
:1005F000060898ED001AD8ED011AF8EEE06A31EE1F
:10060000C13A77EE667AA7EE831AA1EE055ACFE4D7
:1006100004F6444A9AED005ACAE4F6EE002AB4EE13
:10062000E21AF1EE10FA4CBF32EEC15A31EE625AC4
:1006300035EE055ABCE49FED165AB9E402EB820B85
:1006400002EB4B0201EE902ADFED127AB8EEE13AAE
:1006500063EE276A2FE59FED0E6AFFF755B9DFEDD0
:100660000C1AB7EE002ABEEE003AFFF7E9B906EB26
:10067000860806EB480607EE906A9FED060AB8EE7C
:10068000E76A66EE005AFFF74FB800BFF0C40208F1
:1006900000000000302FC03B704700BFF8B50025B8
:1006A000334B856600260F460446C5668567C567D9
:1006B000C0F88050C0F88450C0F88850C0F88C5002
:1006C000C0F89850C0F89C50C0F8A050C0F8A45092
:1006D000C0F8A850C0F8AC50C0F8B850C0F8BC5032
:1006E000C0F8C050C0F8C450C0F8C850C0F8CC50D2
:1006F000C0F8D850C0F8DC50C0F8E050C0F8E45062
:100700000667C0F89060C0F8B060C0F8D06043677A
:10071000C0F89430C0F8B430C0F8D4301030EDF7E1
:100720009FFBB968134A1448C4F80851B1F5805FBB
:10073000C4F80C51C4F8F450C4F8F050C4F8045193
:10074000C4F80051C4F8E820C4F8F820C4F8EC005C
:10075000C4F8FC0006D33E68A1F5805506F5805329
:10076000BD603B600027666327666766F8BD00BF13
:100770006F12833AFDAD803D0AD7233C38B505465C
:100780001030EDF7AFFE6B6B03F580541946002275
:1007900041F8042B203343F81C2C4A6043F8142CF6
:1007A00043F8102C43F80C2C43F8082C43F8042C85
:1007B0009C42EBD10020286338BD00BFDFED2A7AD0
:1007C0002A4B20EE270A10B4BDEEC07A17EE100AAD
:1007D000421C00EB400402EB420C03EBCC0003EBA9
:1007E000C403F8EEC70AD0ED001AD3ED004A90ED2D
:1007F000012A93ED015AD0ED022AD3ED025A93ED6E
:10080000036AD3ED046A93ED051A90ED033AD0ED37
:10081000043A90ED054A5DF8044B70EE607A32EED2
:10082000457A31EEE40A72EEE50A73EE461A33EECB
:10083000E62A74EE412AE0EE274AA7EE275AE0EEB8
:10084000A75AA1EEA76AE2EE276AA2EEA71AC1EDA7
:10085000004A81ED015AC1ED025A81ED036AC1EDF2
:10086000046A81ED051A7047E7FB1F41F0B00308E9
:10087000D1ED043ADFEDE27A90ED066A90ED071AC9
:100880009FEDE04AD0ED081AD0ED054AD1ED035AAC
:1008900091ED025AD0ED436A90ED420A9FEDDA7A6B
:1008A00063EEA70A2DE9F04FA0EE861A98468B4614
:1008B000B8EEE12A71EE042A2DED068BF4EEC22A81
:1008C000F1EE10FABFEE003AB7EE008AC8BFB0EE04
:1008D000438AE4EE882A95B00446F6EE009A32EE9A
:1008E000A9AA75EE668A35EEC09AFDEECAAAE8EEB0
:1008F000876A1746A9EE070A1AEE903A002BC0ED58
:10090000436A80ED420AC0F2AE850269934200DB81
:10091000531EB5EE400A9FEDBB8A2362F1EE10FA3A
:1009200048BFB0EE480A0CA92046FFF747FF2498BD
:100930008DED128A810007EB010C674544D03E46DD
:10094000C7EB0C05A6EC018AA5F10409B445C9F36F
:10095000820239D022B3012A1CD0022A16D0032ADF
:1009600010D0042A0BD0052A06D0062A18BFA6EC00
:10097000018A002346F8043B002046F8040B0025BA
:1009800046F8045B4FF0000A46F804AB4FF0000E47
:1009900046F804EB4FF0000946F8049BB44513D029
:1009A0003346002243F8042B203646F81C2C5A60AC
:1009B00046F8142C46F8102C46F80C2C46F8082C57
:1009C00046F8042CB445EBD14144884545D0454612
:1009D000002645F8046BC8EB0100A0F1040AA94207
:1009E000CAF3820239D022B3012A1CD0022A16D0BF
:1009F000032A10D0042A0BD0052A06D0062A18BFD5
:100A000045F8046B002345F8043B002645F8046BC9
:100A1000002045F8040B4FF0000E45F804EB4FF0B2
:100A2000000945F8049B4FF0000A45F804ABA942C1
:100A300013D02B46002243F8042B203545F81C2CFC
:100A40005A6045F8142C45F8102C45F80C2C45F844
:100A5000082C45F8042CA942EBD19BED010ADFEDEF
:100A60006B3AF2EE027A30EE674AB4EEE34AF1EE08
:100A700010FA00F1F184DFED665AB4EEE54AF1EECA
:100A800010FA40F334830025FF266249624A9FED45
:100A9000632ADFED632A01EB860002EB850EDEEDB3
:100AA000008A90ED003A23EE289A04F1700A69EE6C
:100AB000029A04F1840669EEA28A4FF00009256AC1
:100AC000636A9FED58AA09EB850103EB8100D0ED25
:100AD00000AA28EEAA8AB1EE000AA8EE4A0AB5EEEC
:100AE000C00AF1EE10FA00F1AF84F7EE003AB4EE6E
:100AF000E30AF1EE10FAB5EE00AA40F3A984F2EE93
:100B0000007A68EE27AAF6EE005A19F0010FF4EE0B
:100B1000E5AA0CBF3D464546F1EE10FA40F3A0842D
:100B20000023B6EE005A6AEE85AA0233F4EEC5AA97
:100B3000F1EE10FAF5DC072B40F20C8309F1010904
:100B4000B9F1040F0AF1200A06F12006B7D1DBED56
:100B5000029A9FED359A9FED350ADFED350A2D4D4E
:100B60002D489FED348A9FED345A9FED336AA9EEEC
:100B7000890A4FF07E56C4F8EC6068EE888ABDEEB4
:100B8000C07AB7EE002AF8EEC75A17EE103A70EEA8
:100B9000654A05EB830E64EEA07ADEED006A249DC3
:100BA00084ED3F2ABDEEE73A13EE102A00EB8201F6
:100BB000D1ED003A26EEA3AAF7EE083A28EE8A1AFB
:100BC000B4EEC51AF1EE10FA61EE231A4CBF9FED98
:100BD0001B4A9FED1B4AF4EEC61A48BF21EE044A99
:100BE000F1EE10FA4CBFDFED153ADFED153A84ED6A
:100BF0003A4A48BF61EEA33AC4ED3E3A2AE000BF4C
:100C00005C8F823F00000000CDCCCC3D000000C3D3
:100C10000000FE4224E5030828E9030851969639AE
:100C2000EE7C7F3F000000420000F04200000043E5
:100C300000008043CDCC0C40C1CA213EDB0FC9402F
:100C40006E247E3FC3F5A83EC3F5283F6666263F67
:100C50003333B33E002D00F00984C7EB0C0041078D
:100C6000F0EE42AAB946C24600F18180D7ED000AF3
:100C700094ED3D8AD4ED3C8A94ED417AD4ED405A0E
:100C80005FED106A5FED104AE8EE048AB946C2468D
:100C9000E8EE420AC4ED3C8A30EEE85AE7EE235A09
:100CA000A5EE048A25EEA6AA84ED3D8A98ED001AE9
:100CB000C4ED405AA7EE421A28EEA63A71EE651A24
:100CC000A8EEA4AAA1EEA37AA5EEA43A84ED417AF7
:100CD000A9EC01AAAAEC013AD4ED3BAA94ED3A4A58
:100CE00094ED3F2AD4ED3E3A41E0D9ED019A94EDDE
:100CF0003D0AD4ED3A0AD4ED3C8AD4ED3B6A94ED3A
:100D000041AA94ED3E4AD4ED3FAAD4ED401AE0EE5C
:100D1000208A9946E0EE669AC4ED3C8A39EEE85A9C
:100D2000EAEE041AA5EE200A21EE861A84ED3D0AA9
:100D3000DAED014AC4ED401AEAEE6A4AF24628EEBC
:100D4000866A34EEE12AA8EE881AA2EE04AAA1EE81
:100D5000886A84ED41AAA9EC011AAAEC016AD4EDD3
:100D60003BAA94ED3A4A94ED3F2AD4ED3E3AD9EDB0
:100D7000002AD4ED3D9A94ED3C9A94ED410AD4EDCD
:100D8000400A1FED506A1FED508AA9EE849A4B4627
:100D9000D646E9EEEA2A84ED3C9A72EEC98AE0EE84
:100DA000230AE8EE849A20EE867AC4ED3D9A9AED05
:100DB000004AC4ED400AA0EE424A69EE065A74EEBB
:100DC000606AA9EE087AA6EEA30AE0EE885A84EDDE
:100DD000410AA3EC017A6345EEEC015A85D1DBEDC3
:100DE000024A1FED665A5FED667A626ED4F860C003
:100DF000DFF840B3249B0392B6EE00AA34EECA1A81
:100E0000E4EE857A02F5102505F19C02B0EEC13AB8
:100E100073EE03AA0BFB03C5206B616BBE4EC4EDE2
:100E2000177A043708F1040EC4ED16AA029505E0FE
:100E3000D4ED16AAD4ED177ADDF800C0013848BF0A
:100E400000F58060C306206317D1D4ED0F1AD4EDEE
:100E5000132A94ED0E2AD4ED129AD4ED103A94EDA3
:100E6000149AC4ED0E1A91EEA32AD2EE899A84ED5B
:100E70000F2AC4ED122AC4ED139A0CF58338D50D50
:100E800008F1D90306EB8509B3EE000AD9ED000A93
:100E90009FEDA28ADFF8A0B2DFF8A0A2DFF8A0924F
:100EA00057ED018ADFEDA85A9FED9D6ADFED9D6A3F
:100EB000009327EE805ADD0D06EB850898ED004A79
:100EC000DFF8808267EE887A25EE207A9344A4EEDC
:100ED000277A4FEADB55E24406EB850BDBED004A4F
:100EE0004FEADA5506EB850A9144E0449AED001A80
:100EF00038EEA5AA37EE063A65EE242A4FEAD9590C
:100F00004FEAD858C0F3090C06EB890B06EB8805AD
:100F100001EB8C09DBED001A95ED002A89ED00AAA2
:100F2000E1EE272A00F50075C5F30905FDEEC33A89
:100F30005EED019A13EE909AEAEE259A814409F14A
:100F4000010832EE860A25EE219ABDEEC04AA2EED5
:100F5000279A01EB850AC8F3090BCAED009A01EB49
:100F60008B0898ED008A17ED01AAD4ED161AC9F383
:100F7000090514EE108A01EB850CDCED008A39EED0
:100F8000066A8044F8EEE30A08F1010573EE603A60
:100F9000BDEEC67A38EE685AC5F3090501EB850C3B
:100FA0009CED002AE3EE858AC8F3090B01EB8B0A5E
:100FB00017EE10CA9AED001A8444F8EEC44A0CF5F4
:100FC00000750CF2012A30EE649A72EE412A68EE46
:100FD000A67AC5F30905CAF3090A01EB850B01EBF3
:100FE0008A0A9BED000ADAED000AA9EE221A09F539
:100FF000007509F20129E9EEA57AC5F30905C9F3DF
:10100000090BF8EEC79A70EEC08A36EE698AE1EEF7
:10101000267A01EB850A01EB8B09A8EE280A08F570
:10102000007508F20128B6EE004AB7EE006AAAEE93
:10103000C46AC5F30905C8F30908E0EE267A01EB96
:10104000850B01EB880566EE0AAA9846E1EEA7AA91
:10105000029B02F5102247ED01AA9AED00AAD9EDF4
:10106000001A9BED005A95ED007A5EED014A94ED71
:10107000161A31EECA2A0CF10105A3EE82AACCF3AE
:10108000090CC5F3090577EE453A6AEE262A01EB0D
:101090008C0A01EB8509E7EEA52A984502F19C022E
:1010A000DAED007AD9ED005AA9EE235A07F10407C8
:1010B0000EF1040E35EEE79AE5EE262AE8EE097AFF
:1010C00026EE243AE7EEA62AA1EE223A0EED023AE7
:1010D0007FF4AEAE1448249E039F0299216600FB64
:1010E0000672626615B0BDEC068BBDE8F08F9FED11
:1010F0000F5A9FED0F7A74EE050ABDEEE06AB8EE66
:10110000C61A16EE106A70EEC14A64EE876AFDEEEA
:10111000E61A11EE905AB8E4F0C402080000204329
:1011200000004043C3F5A83E9C00090000000043B6
:1011300000008043D906010047E17A5420E87B543F
:101140008FC2F5A868C9F6A8000000006666263FB1
:101150003333B33E9A00C2F11C010DF1140E0EEBB5
:101160008300704548D0CEEB00031FED094A0DF116
:10117000180E1A1F7045C2F382038DED054A3BD04D
:101180001BB3012B1CD0022B17D0032B12D0042B26
:101190000DD0052B08D0062B1CBF8EED004A0DF19B
:1011A0001C0E00224EF8042B00234EF8043B0022B4
:1011B0004EF8042B00234EF8043B00224EF8042B7B
:1011C00000234EF8043B704516D01FED217A72467D
:1011D000A2EC017A0EF1200E0EED077A82ED017A73
:1011E0000EED057A0EED047A0EED037A0EED027A1D
:1011F0000EED017A7045E8D18B1039B19A000CA937
:10120000CDF804C007F0D6F9DDF804C09DED061A4C
:10121000DDED081A9DED073A9DED096A9DED0A2A5C
:101220009DED058ADDED0B0A16ED025A56ED014AD9
:1012300016ED034AD6ED006A249856ED045A1AEDCD
:10124000027A5AED012ADAF8002033EE419A36EE9E
:10125000610AF0EE009AA1EE298A411EA1EEA99A38
:10126000A2EE290A70EEC23AB0EE451AB0EE643A28
:10127000F0EE441AB0EE666A99EE0A1A90EE0A3A57
:10128000D8EE0A1A93EE8A6A07EE900A7AEEE5AA79
:10129000B8EE67AAC1EE0A9A83EE0A9A81EE8A0A2C
:1012A000C6EE0A0A8AEE8A8A002800F0B98075EE36
:1012B000885A34EE004A37EE257A35EE295ABDEECB
:1012C000C72A74EE894A12EE103A934276EEA06A6B
:1012D00078D0082B00F08B8003F0040203F00600A6
:1012E00003F0070E06EE102A01EE900A0AEE10EA4D
:1012F0009A07F8EEC63AF8EEE11AB8EECA2A00F0FC
:1013000089801FED6F3A03F001001A4608B933EEE9
:10131000643A33EE666A5FED747AB4EE676AF1EEB2
:1013200010FA1BD00AEE102AF8EECAAAB7EE001A7D
:1013300037EE6A3ABEEE00AA83EE253AF6EE00AA30
:1013400031EE431A63EE2AAA21EE0AAA23EE2A3AC4
:1013500021EE0A1AE6EE032AE6EE017A0139B1EE31
:10136000006A77EE46AA77EE633A24EE2AAAB4EE34
:10137000001AB0EE003AEAEE017A481C33EEC36A76
:1013800077EE611A65EE06AAF7EE003AB5EE00AA0E
:10139000EAEE8A7A31EEE31AB5EC016A64EE811A5C
:1013A000F6EE00AAA2EE836A37EE422AE1EEAA7AAE
:1013B00072EE6A2A05ED016AE6EEA27A32D0F0EE0C
:1013C000672A74E702F0040E02F0060002F0070339
:1013D00003EE90EA01EE100A03EE103AF8EEE33A5B
:1013E000F8EEC11AB8EEC32A5FEDA97AB6E71FED91
:1013F000AA1AF2EE007A002271EE44AA37EE677A5A
:10140000B0EE412AF0EE411AF0EE413A10463AEEC3
:10141000C53A7BE75FEDB4AA03F001001A46F6E790
:10142000F0EE627A4AED017A0AED027ACAF80020FB
:10143000C6ED006A46ED014A06ED025A06ED034A82
:1014400046ED045AFFF77ABB1FEDC1AAFFF757BB61
:1014500020EE0AAAFFF753BB00252E46FFF715BB67
:101460001C21002379E60023FFF753BA9BED024AC3
:101470005FEDCAAA1FEDCA2AF6EE002A74EE629A40
:10148000A4EE2A2AB0EEE99A39EE090A84ED172A69
:1014900084ED160A26E600BF704700BF70B4002333
:1014A000194A1A4E1A4D06614FF07C51002480F8FB
:1014B000484080F87040466285618363C36303647B
:1014C000C3648365C3650366436683664367C0F888
:1014D0008030C0F884300362C36143630363C0F8A3
:1014E0009830C0F88830C0F88C3041644165C166DE
:1014F000C1670265826742618262C562C0F890304E
:10150000C0F8943070BC70470AD7233C22BA003D23
:10151000CAAA7F3F704700BF2DE9F007D1ED016AED
:101520009FEDF87AF2EE027A36EEE70A2DED0C8B9B
:10153000B4EEC70AF1EE10FA139F00F145859FED56
:10154000F21AB4EEC10AF1EE10FA40F3C884002496
:10155000FF2591ED038ADFF8C083DFF8C0C39FED5C
:10156000EB6AF5EE005AF6EE009A78EE658AB0EE78
:10157000009AB0EE69BAA8EE89BA08EB85060CEBC2
:10158000840996ED00AAD9ED00AAB4EEE9BA6AEE94
:101590002ABAF1EE10FAF0EE4BCA2BEE861A00F1E1
:1015A0000F85B7EE00CAB4EE4CBAF1EE10FAC8BF20
:1015B000F0EE4CCAB6EE08DAB4EECD8AB6EE007A9A
:1015C000F1EE10FA78EE47DA00F3F284F0EE006AFA
:1015D000ADEEA67AB6EE000AB4EEC07AF1EE10FADD
:1015E00000F1E284DFEDCA1AB4EE617AF1EE10FA8E
:1015F000C8BFB0EE617A9FEDD12AF0EEED2A32EE4F
:10160000C23AF5EE003AB5EEC03AF1EE10FA58BF24
:10161000F1EE040AB4EEE31A54BF63EE200ADFEDE4
:10162000C00AF1EE10FA80F2B98480F2DF8431EE64
:10163000015AB4EEC57AF1EE10FA09D4B7EE004AB9
:1016400034EE455AB4EEC57AF1EE10FA40F3C88490
:10165000B0EE418AD0ED13AADFEDB14A90ED140A45
:10166000D0ED152A90ED16AAD0F85CA0D0ED105A56
:1016700008EE907A34EEEA6AF8EE681A38EE409A8C
:1016800075EE629A7CEECACA86EE21BA7D1EC9EE5C
:1016900021BA89EEA1CACCEEA1CA002F00F0E880E1
:1016A0002E46914690F84840F7EE006A3AEE2CAA92
:1016B000F0EE00DAF0EE668AEAEE6D8AB6EE00DA57
:1016C0003AEE4D8A72EE8C2AD0ED0F7A9FED945A45
:1016D00030EE2B0AB5EEC08AF1EE10FA36EEE27A61
:1016E000F4EEC58A30EE276A54BF38EE088A9FEDC3
:1016F0008C8A80ED0F6AF1EE10FA7AEE8BAA48BF61
:10170000F0EE458AC6EE879A86EEA29A002C46D164
:10171000F4EEC62AF1EE10FA00F38E8090ED112A55
:1017200072EE623A36EE623A30EE234AF7EE004A43
:10173000C3EE04DA012480F84840B6EE00DA74EE15
:10174000ED3A6DEE8D6A23EE8D7AF4EE087A27EE8F
:10175000074A66EEA64A37EEC77A77EEE67AB7EE24
:10176000082ABEEE003AA4EE027AE4EE827A23EE74
:1017700083DA6DEEA6DA63EE8D3A79EE296AA4EE8D
:10178000447AE4EEE47AEDEE885A20EE264AA3EE9F
:10179000885A64EE684AE4EE875AA4EEA75AF7EE38
:1017A000007AB4EEE76AF1EE10FA00F1D88336EE73
:1017B000676AB6EE007A86EE002A002480F8484078
:1017C000B4EE08DA37EEC23A62EE074A63EE07DAA1
:1017D00024EEA44A6DEEAD3A3DEE647A7DEE6D6A7C
:1017E000B7EE08DAFEEE00DAE3EE8D6AA4EE0D7ACB
:1017F00063EE2DDA37EEE8DA22EE242A79EE297A42
:1018000023EE2D3AF1EE4D4AE3EEE36AA4EE447A7C
:10181000E4EE825A60EE273AA4EE835A28EEA34AF9
:10182000F4EEC62AF1EE10FA80ED0F6AE4EE265AC5
:10183000A4EE075A7FF772AF69EE066ADFED387AD9
:1018400077EEC69AF0EE00DAA9EE886A013E741CC3
:10185000BFEE00DA36EEC62AA5EEADDAA8EE826A51
:10186000C0ED112A76EE055AA9EC01DA7FF41AAF21
:101870009FED283AC0ED105A21EE036AF5EE004ABA
:10188000B4EEE46AF1EE10FAC0F85CA080ED16AA9E
:10189000C0ED152A80ED140AC0ED13AA80F27983F9
:1018A00080F2AA8336EE065AF6EE003AB4EEE35A18
:1018B000F1EE10FA0ADCB7EE004A34EE455AB4EE07
:1018C000E35AF1EE10FA58BFB0EE635AD0ED1DAAFC
:1018D0009FED138A90ED1E0AD0ED1F2A90ED20AAED
:1018E000D0F88490D0ED1A5AF7EE008A38EE6A9A52
:1018F00076EE40BA35EE62CA78EECACA89EE21BAEF
:101900002CE000BF000000C30000FE425196963953
:1019100048E17A3F8941003F24E5030828E90308AC
:1019200000000000CDCC4C3E0000F042000000431F
:1019300000008043CDCCCC3E21B02A409A99993EFC
:10194000000040423333333F9A99593F49265F4262
:101950008FBA2141DB0F4940CDCCCC3CCBEEA1BAB4
:101960008CEE21CACCEEA1CA002F00F0E8801E4602
:1019700090F87040F7EE007A3AEE2CAAF0EE006A8A
:10198000F0EE678AEAEE668AB6EE007A3AEE478AA9
:1019900072EE8C2AD0ED19DA1FED1F5A30EE2B0AA9
:1019A000B5EEC08AF1EE10FA77EEE29AF4EEC58A4F
:1019B00030EE2D6A54BF38EE088A1FED278A80ED7D
:1019C000196AF1EE10FA7AEE8BAA48BFF0EE458A5A
:1019D000C7EEA99A87EEA29A002C47D1F4EEC62A48
:1019E000F1EE10FA00F38F8090ED1BDA3DEE622AE3
:1019F00036EE623A70EE024AF7EE003AC3EE24DAAF
:101A00004FF0010A80F870A0B6EE004A73EEED3A8E
:101A10006DEE846A23EE847AF4EE087A27EE074AA4
:101A200066EEA64A37EEC77A77EEE67AB7EE082A70
:101A3000BEEE00DAA4EE027AE4EE827A23EE8D2A7C
:101A40002DEEA63A63EE823A79EE29DAA4EE447AD4
:101A5000E3EE085AE4EEE47A60EE2D6AA3EE885ACB
:101A600026EEE84AE4EE075AA4EE275AF7EE007A8B
:101A7000B4EEE76AF1EE10FA00F17E8236EE676AA4
:101A8000B6EE007A86EE002A002480F87040B4EEAC
:101A900008DA37EEC23A62EE074A63EE07DA24EE5E
:101AA000A44A6DEEAD3A3DEE647A7DEE6D6AB7EE16
:101AB00008DAFEEE00DAE3EE8D6AA4EE0D7A63EE4C
:101AC0002DDA37EEE8DA22EE242A79EE297A23EEAF
:101AD0002D3AF1EE4D4AE3EEE36AA4EE447AE4EEE9
:101AE000825A60EE273AA4EE835A28EEA34AF4EE17
:101AF000C62AF1EE10FA80ED196AE4EE265AA4EE39
:101B0000075A7FF771AF69EE066A5FED7B7A77EE71
:101B1000C69AF0EE00DAA9EE886A013D6C1CBFEEB1
:101B200000DA36EEC62AA5EEADDAA8EE826AC0ED7E
:101B30001B2A76EE055AA6EC01DA7FF419AF80ED88
:101B400020AAC0ED1F2A80ED1E0AC0ED1DAAC0F814
:101B5000849091ED023A5FED8D3A1FED8D0A5FEDB5
:101B60008D2A1FED8D4A91ED049A5FED8E4AC0EDEE
:101B70001A5A33EE635A39EE648AE5EE002AB7EE5C
:101B800000AABDEEE26AF1EE008AF8EEC6AA16EEF1
:101B9000101A32EEEABAF0EE4ACA2BEE04CAE8EEA8
:101BA00068CA08EB810ABDEECC7ADAED00BA17EE0E
:101BB000104A0CEB8406D6ED006AF5EEC0CA6BEE57
:101BC000A67AF1EE10FA27EE811A00F10682F4EE01
:101BD0004ACAF1EE10FACCBFF0EE4A9AF0EE6C9AD7
:101BE000F6EE00DA39EE6DDAB4EE002AF0EECD5AF8
:101BF00035EEC23AB5EEC03AF1EE10FA00F1E881E6
:101C00005FEDB33A1FEDB30A5FEDB2AA5FEDB42A00
:101C100023EE234A64EE044A24EEA45AE4EEC0AA5A
:101C200065EE228A1FEDB98A1FEDB96A39EE489A2E
:101C300039EE06AAB4EEEAAAF1EE10FA08D4F7EEED
:101C400000AAB4EEEAAAF1EE10FAD8BFF0EE4AAA62
:101C500090ED263A90ED228AD0ED232AD0ED245A39
:101C6000D0ED256A79EEE2BA70EEC30A31EE48BAD9
:101C700038EEE5CA7AEEE6CAC0EEA19ACBEE21DADA
:101C80008BEEA1DA8CEE210ACCEEA11A002F00F027
:101C9000428102EB870713E128EE081A1FEDD52ACF
:101CA0005FEDD53A5FEDD57AE1EE023AE1EE237AC7
:101CB00068EE278A68EEA84A75EE805A1FEDDA5A58
:101CC000C0ED048AB6EE004AB0EE446AA5EE856A1D
:101CD00035EE849AB7EE00AACAEE09AACAEE060A41
:101CE000B0EE4ABAF0EE4ABAAAEEA8BAE0EEA8BA46
:101CF0003BEE24CA7BEEA4CACAEE0C3A8AEE2C2A2A
:101D0000C0ED098AC0ED05AAC0ED0A0AC0ED063A89
:101D100080ED0B2A33EE293AB2EC017AB3EC011ACA
:101D2000A1EE037A76EEA16AF8EE087A27EE265A3B
:101D300072EE8D2AB4EEE75AF1EE10FA00F100814E
:101D4000F0EE084AB4EEE45AF1EE10FA00F3FB802C
:101D5000B3EE0B4AB0EE449AB2EE026AA5EE059AD3
:101D600025EE06AA25EE09BAA5EE0A4ACBEE04BA7C
:101D700090ED07CAD0ED08CAEAEECCBAF8EE08AA90
:101D8000ECEE68BA3BEEEC7A63EE874AF0EE6C3A22
:101D9000A4EEA8CAECEE283AB0EE4C1AF0EE637A44
:101DA000A4EEA81AECEE287A26EEA36AC0ED087A13
:101DB000B4EEEA6AF1EE10FA80ED071A00F1BD8088
:101DC000B0EE085AB4EEC56AF1EE10FA00F3C18025
:101DD000B3EE0B9AB0EE494AB2EE02AAA6EE064A5C
:101DE00026EE0ABA66EE04BAA6EE0B9A8BEE89CA04
:101DF000D0ED0CCAD0ED0DAAB0EE4C7AA0EEEC7A84
:101E0000B8EE081AF0EE470AECEEE80A70EEEA3A8D
:101E100062EE237AE7EEA8CAECEEA8AAB0EE6C2A2E
:101E2000B0EE6A5AA7EEA82AACEEA85AF4EEC1AA00
:101E3000F1EE10FA80ED0C2A80ED0D5A7AD4B0EE56
:101E4000089AF4EEC9AAF1EE10FA7FDCB3EE0BAA01
:101E5000B0EE4A4AB2EE02BAAAEEAA4A6AEE8BBACB
:101E60006AEE84CAAAEEABAACCEE8AAA3AEECC7A83
:101E700066EEA44AA7EE22CAF8EE080AF4EEE04A9B
:101E8000F1EE10FA02ED01CA3FD4B0EE08CAF4EE4A
:101E9000CC4AF1EE10FA5FDCB3EE0B1AF0EE417AA9
:101EA000F2EE023AE4EEA47A24EEA32A24EEA76A24
:101EB000A4EE821A86EE015ABA4203ED015A2AD0E4
:101EC00038EE2D8AB5EE007AB4EEC78AF1EE10FA3C
:101ED0007FF7E2AEDFED4A4ADFED4A8AECE6DFED5E
:101EE0004A1A9FED4A2A70EE212ABDEEE23AF8EE38
:101EF000C33A13EE105A32EEE34A64EE024ABDEEE4
:101F0000E45A15EE104AFFF724BBBFEE005ABA425E
:101F100003ED015AD4D180ED228ABDEC0C8BC0EDCB
:101F2000256AC0ED245AC0ED232A80ED263ABDE88B
:101F3000F0077047FFEE00AA98E7BFEE00CA57E728
:101F4000FFEE00BA14E7F0EE4ABA11E7F7EE00AA86
:101F50008CE7B7EE00CA4BE7B7EE005AACE7F4EEF9
:101F6000C62AF1EE10FA3FF767AC36EE627AF0EE71
:101F7000676AE9EEC76A63E4F4EEC62AF1EE10FA86
:101F80003FF7C1AD36EE627AF0EE676AE9EEC76AF6
:101F9000BDE5B0EE646AB6EE005A97E4B0EE638A2F
:101FA000B6EE005AFFF756BBB0EE407AFFF723BB00
:101FB000F0EE007AB0EE047AA8EE677AFFF70ABB7B
:101FC000F0EE69CAFFF7F6BA00242546FFF7C1BA5A
:101FD000DFED0FAADFED0F8A24E6DFED0E9AFFE5B5
:101FE000B0EE475AB0EE418AFFF734BBB0EE418AFB
:101FF000B6EE005AFFF72EBBB6EE005A66E400BFFD
:1020000016E27E3FE3707F3F000000430000804304
:102010003333333F00000000C16270478A680023F9
:1020200010B4B2F5C07F4FF07E5404614361836108
:10203000C361036243620DD30B68A2F5C07203F55E
:10204000C0748A600C60194600238162C3625DF827
:10205000044B70470021F7E7704700BF2DE9F00FF0
:102060002DED068BD1ED016A9FEDED7A88B0F2EE91
:10207000027A36EEE70A0290169E806AB4EEC70A2C
:1020800000EBC604F1EE10FA059400F10487DFEDD1
:10209000E50AB4EEE00AF1EE10FA40F312824FF0D6
:1020A0000008FF25DFF8ACC3DF4F9FEDE05AD1ED0C
:1020B000027A0CEB850907EB880A99ED006A9AED24
:1020C000008A66EE088AB2EE009A68EE859AB7EE4C
:1020D00000AAA9EEC9AA7500F6EE00AAB5EEC0AA3C
:1020E00029EEAA7AF1EE10FAF5EE006A58BFF0EE8A
:1020F000005AB4EEE67A52BF75EECA5A9FEDD9AADD
:10210000F0EE005AF1EE10FA80F2BF869FEDC80A99
:10211000DFEDC80A9FEDC81ADFEDC81A67EE202A66
:1021200027EE802A62EE813A22EE0A3AB1EE004AA8
:10213000F7EE004AB0EE005AE3EE251AE7EE444A05
:10214000A2EEE35A21EEA48A62EE855A029C94ED37
:10215000057AD4ED047AD4ED066A94ED076A67EE49
:10216000078A0AEE905AE7EEA78AB6EE00AA35EE85
:10217000E69AB8EE6A0A78EE469AF4EECA8AF1EE6A
:1021800010FA89EE005AC9EE805A06D9F0EE000A1C
:10219000F4EEE08AF1EE10FA1DDB18EE90BA4FEA89
:1021A0005B07C7F1BE4808F55D1C0CF5CE59B6EECD
:1021B000001A09F11F0A02EE10AA68EE811AB7EEA2
:1021C000083A62EE212AA2EE623A62EE033A67EE24
:1021D000A37A27EE237A05F1FF3B002D00F0AD80B6
:1021E00076EE856A36EE256AE6EE877A059C054628
:1021F000A6EEE77A0BF003080BF1FF3727EE864ACD
:1022000067EE064AA5EC014AE4EC014ABBF1000F77
:1022100000F09380B8F1000F3BD0B8F1010F24D04B
:10222000B8F1020F10D076EE856A36EE256AE6EE3A
:10223000877A013FA6EEE77A27EE868A67EE068A5E
:10224000A5EC018AE4EC018A76EE856A36EE256A11
:10225000E6EE877A013FA6EEE77A27EE869A67EEEA
:10226000069AA5EC019AE4EC019A76EE856A36EEC0
:10227000256AE6EE877A013FB7F1FF3FA6EEE77ADF
:1022800027EE86AA67EE06AAA5EC01AAE4EC01AA4D
:1022900053D036EE850A76EE251AE0EE077AA94687
:1022A000A44670EE050AA0EE677A043F1035B0EE42
:1022B000672AA0EE872A1034B7F1FF3FF0EE472AD5
:1022C000E0EEC22A30EE851AF0EE423AE1EE223A12
:1022D000B0EE624AA1EE634A71EE056A67EEA18A2A
:1022E000F0EE637AE6EE847A31EEA53A27EE219A93
:1022F000B0EE447A73EE254AA6EEE77A34EEA56A8C
:1023000062EE039A22EE83AA63EEA4AA24EE240AC4
:10231000E9EC018A67EE860AACEC019A67EE061AD0
:10232000C9ED009A8CED00AA45ED02AA04ED020A5F
:1023300045ED010A44ED011AABD1029DDFED402AC3
:10234000C5ED066A85ED076A91ED046ADFED3D6A29
:10235000EC6A91ED032A9FED3C1ADFED3C5AD5ED76
:10236000094A95ED085AC5ED047A26EE263AF7EEAD
:10237000003AB4EE633A002CBFEE004A08BFF0EE1C
:10238000415AA2EE224A0794F1EE10FAD8BFF0EEBD
:10239000433AB0EE648A93EEA58A08EE906A74EE32
:1023A000457AB8EE689A85ED057AC8EE092A87EE77
:1023B000893A002E00F02881254C6FF0070102EBCE
:1023C00086070E1A0697251D039608301F4674EEE1
:1023D000A24A35EE035AFDEEE49ADFF87C90059EA2
:1023E000DDF80C809FED1F7A019219EE903AB8EE5D
:1023F000E9AAC3F1060BC3F1070AF0EEC5AAB7EECE
:10240000000A0BEB4B1109EB41210AEB4A1C464435
:1024100074EECA3A30EE6A4A0491B0EE476A33E08D
:10242000000000C30000FE4228E9030851969639D7
:102430006666663FDB0F49400AD7A33ECDCCCC3D54
:102440003333F33F6666863F2EFFDF402EFFFF40AB
:10245000F0C4020824E5030810E4020800008043E9
:102460000000003C000000003333B33E7B142E3EDE
:102470005839F43EE5D0223E0000004400007C4282
:10248000000000430000803A09EB4C2C0644A0F108
:102490000801F1EC010AF6EC017AF0EE451AE0EEE3
:1024A000841AF0EE616A082B00F2FA84DFE813F078
:1024B000F6012803A902CC033A01B700B700B70020
:1024C0001E001FED111A5FED1B1A30EE012AFDEE02
:1024D000C22AB8EEE23A12EE905A72EE433A23EE76
:1024E000A14AFDEEC44A14EE908ADBE5B7EE001A6D
:1024F00037EE812AF3EE0F5A22EE25AA31EE818AB9
:10250000FDEECA1A68EE25AA11EE90AA079A1FEDF1
:102510002C0A5FED2C6AFDEEEA8A02EB8A1918EEAE
:10252000908A09F1400B08F1010A1BF9082000EE1E
:10253000902A1BF90A2001EE102A19F90A2002EE4E
:10254000102A19F9082008EE102AF8EEE89AF8EE99
:10255000E00AF8EEC85AF8EEC18AB8EEC22A7AEE5E
:10256000E9AA38EEE01A32EE658AEAEE810AEAEE6E
:10257000885AF8EEE11A30EEE59A3AEE61AAEAEEF0
:10258000095A65EE805A36EEE58A8842E8EE235A0B
:1025900077EEA57A36EE256A37EE277A7FF479AFA3
:1025A000F5EE003AB7EE004AA7EE234A019A0699E3
:1025B0005FED4F9ABDEEC41AF6EE008AB8EEC10A7E
:1025C00026EE28AA34EE402AA2EC01AA62EE290ADD
:1025D0008A42BDEEE09A00F1080019EE103A4FEA87
:1025E000830604EB060C2E44DCED00AAD6ED006A4F
:1025F000F8EEC91A76EEEA5A30EEE18AE8EE25AA3C
:10260000E7EC01AA7FF4E3AE029CC4ED094A84ED35
:10261000085A08B0BDEC068BBDE8F00F7047B7EE66
:10262000000A71EE809A77EE800AF6EE008A29EEB3
:10263000A82A5FED6EAA5FED6E5A1FED6E9A20EE2E
:10264000A81A22EE2A8A61EE258ABDEEC80ABDEEDE
:10265000E82A10EE108A12EE109A08EB48120CEBE2
:10266000C2084FEA490A0AF1020B08F584790AF117
:10267000040239F90BA038F90BB00AEE90AA00EE6B
:1026800090BA38F902A039F9022012EE10BA09EE18
:10269000902A0AEE10AA38F91B20F8EEE00AB8EEEC
:1026A000EA1A05EE902AF8EEE9AA39F91B20B8EEED
:1026B000CAAA7AEEC19A3AEE60AA01EE902A7AEEA0
:1026C00060AAF8EEE55A39EEC1AAB8EEC22AF8EED1
:1026D000E11A78EEC29A31EE611A75EEAA8A30EEEE
:1026E000E52A71EE8A0AA9EEA82AA9EEA01AB8EE88
:1026F000C00A71EE42AA38EE408AA8EE2A2A62EE9B
:10270000095A03F1010BBBF1080F00F2CC83DFE89B
:102710001BF00F032301CE03D303D6025000500059
:1027200050006F03B6EE009AF7EE085A31EE89AA10
:1027300077EEA51AF5EE009A2AEE211A37EEE92A6D
:102740005FEDB78A5FEDB7AA1FEDB70A5FEDB70A75
:102750001FEDB78AB0EEC19AF0EEC25A39EE28AA40
:1027600075EEAA1AC0EE0A9A80EEA11AB1EE002AFE
:1027700071EE298A78EE82AABDEEEA0AF8EEC00A66
:102780003AEEE09A29EE088AFDEEC85A15EE908AD4
:102790004FEA880A04EB0A09AA44B8EEE5AADAED82
:1027A000001AD9ED005A78EE4A9A31EEE51AE9EEB0
:1027B000815ADDF810905FEDCF0A1FEDCF1AB7EE0A
:1027C000000A76EE809A77EE808AF6EE006A69EE6D
:1027D000A6AA28EEA6AA2AEEA08A2AEE019ABDEEA3
:1027E000C80ABDEEC92A10EE108A12EE10BA08EB24
:1027F000481209EBC2084FEA4B0A08F584790AF13E
:10280000020B0AF1040A39F90B205FEDE29A06EE99
:10281000902A38F90B2038F90AB000EE902A39F9DD
:102820000A200AEE90BA0AEE102A12EE102AF8EEEA
:10283000E00AB8EEE61A38F9128039F91220F8EEFB
:10284000CA6AF8EEEAAA36EEC1AA7AEEE0AA08EE63
:10285000908A01EE902A7AEEE06AB8EEC22A7AEE09
:1028600041AAF8EEE88AF8EEE11A39EE42AA31EE12
:10287000611A38EEA69A30EEE82A71EEAA0AAAEE9C
:10288000092AAAEE201AB8EEC00A71EE426A38EEA2
:10289000408AA8EE262A62EE296A74E69FEDE22AB3
:1028A0009FEDE29ADFEDE4AADFEDE28A9FEDE08A98
:1028B000F1EE001AF0EE615AE6EE825A76EE899A4F
:1028C000FDEEE50A27EEA90AB8EEE01AE0EE281AB6
:1028D00035EEC12ABDEEE19A22EE2AAAF8EEC99A97
:1028E000FDEECA8A71EEE91A18EE90AA4FEA8A0B39
:1028F00004EB0B09AB44F8EEE80A99ED000A9BEDF6
:10290000001A3AEE602A31EE409AF7EE005AA2EE33
:10291000090A61EEAAAA30EE00AAFDEEEA9AF0EEEC
:10292000CA8A78EEA55A19EE902A8AEE250A4FEA4D
:10293000820804EB080AA8449AED002AD8ED000AA0
:10294000B8EEE91A70EEC21A3AEEC19AA9EE212A3F
:1029500070EE42AA6AEE885A76EEA7AA9FEDB50AF3
:10296000DFEDB59A9FEDA92A9FEDAE8AB1EE009AF0
:10297000F0EE490AEAEE800A66EEA76AFDEEE01A7A
:10298000A6EEA62AB8EEE1AA30EECA1A61EE29AA8E
:10299000BDEEEA0A10EE10AA4FEA8A0204EB020B1F
:1029A0002A44DBED008AD2ED006AF8EEC00A36EE6A
:1029B000E8AA7AEEE01AE1EE8A8A88EE822AA2EE8E
:1029C000089AB0EE491ABDEEC18AB8EEC89A31EE47
:1029D000491A61EE299AFDEEE98A18EE902A4FEA2B
:1029E000820A04EB0A08AA44D8ED006A9AED000AAC
:1029F000F8EEE8AA70EE660A79EEEA9AE9EEA06AC5
:102A0000C1E561EEA75ADFED82AA9FED8B1A9FED1B
:102A1000822A9FED84AAF1EE009AB0EE690AA5EE33
:102A2000AA0AA5EEA52ABDEEC09AB0EE658AF8EE18
:102A3000C98A70EE681A61EE81AAFDEEEA5A15EEB7
:102A400090AA4FEA8A0204EB02092A44B8EEE50A8A
:102A500092ED009AD9ED000A7AEEC08A79EE601AFA
:102A6000E8EEA10A80EE822AE2EE0A9ABDEEE9AA19
:102A7000F8EECAAA79EEEA9A29EE810ABDEEC01AEA
:102A800011EE102A4FEA820B04EB0B08AB4498EDD1
:102A9000009ADBED005AF8EEC10A75EEC91A70EE25
:102AA000608AA8EEA19AF0EE495AF5EE00AA36EE39
:102AB000EAAA37EEAA9AF1EE041A2AEE092AF0EEF3
:102AC000006A22EE210ADFED530A9FED5B1AF0EE59
:102AD000C09A79EEA68AF1EE00AA88EE288AE8EE7E
:102AE00020AABDEEEAAAB8EECA9A7AEEC91A61EE39
:102AF000819AFDEEE98A18EE902A4FEA820A70E781
:102B000031EEA7AA9FED4B2ADFED4BAADFED3F9AEE
:102B10009FED448AF1EE005AB0EE650AAAEE020A71
:102B200061EEA76ABDEEC01A26EEA62AF8EEC10A2B
:102B300072EE298A30EE609A69EE2A1ABDEEE1AA99
:102B40001AEE102A4FEA820A04EB0A09AA44F8EEA8
:102B5000CA9A99ED000A9AED001A71EEE90A31EE6F
:102B6000409AA0EE890AC0EE288AE8EE885ABDEEA7
:102B7000E58AF8EEC81A75EEE15A65EEAAAABDEE2E
:102B8000EAAA1AEE10BA4FEA8B0804EB0802A8442E
:102B9000D2ED005A98ED000AF8EECA9A30EE651AA6
:102BA0007AEEE90AE0EE815A9FED190ADFED1A0A82
:102BB000DFED219ADFED1BAAB1EE001AF0EE418A9B
:102BC000E6EE808A32EE20AABDEEE89AF8EEC91A47
:102BD00078EEE16A26EEA92ABDEEC20A10EE10BA1E
:102BE0004FEA8B0804EB0809A84499ED008AD8ED58
:102BF000008AF8EEC00A78EEC81A32EE609AA9EEA2
:102C0000218A88EE0AAAAAEE2A1ADCE6CDCC4C3E2E
:102C10009CC4184046B6CB403333B33E7B142E3EA3
:102C20005839F43EE5D0223EAAF1A23F8716C93FAB
:102C300085EB113F6F12233F000000440000003C71
:102C4000C937B53F00000000F5EE008A31EEE82AF2
:102C500077EEA8AAB1EE040A62EE2A0AB0EE009A54
:102C600020EE808A21EEA7AAF0EEC85A75EE899A66
:102C70005FED188A5FED101A8AEE291AF1EE00AAAC
:102C8000E1EE28AABDEEEA2AB8EEC20A7AEEC00A40
:102C900020EEA19ABDEEC98A18EE102A4FEA820BE7
:102CA00004EB0B08AB44D8ED005ADBED009AB8EE0C
:102CB000C8AA79EEE51A79EE4A8AE8EEA15AF6EE4C
:102CC000009AF7EE088A76EEA9AA77EEA81AB5EE72
:102CD00000AA2AEEA19A37EECA2A5FED316A1FEDEB
:102CE000318A1FED310A5FED310A5FED2D9AB0EEAA
:102CF000C91AF0EEC28A71EE26AA78EE881A80EE22
:102D00002AAA80EEA19AB1EE002A79EE0A6A36EE7E
:102D1000828ABDEEC80AF8EEC00A38EE601A61EE8B
:102D2000299AFDEEE98A18EE909A4FEA890A58E648
:102D30001FED43AA1FED439A1FED411A5FED43AA11
:102D40001FED458AF1EE001AF0EE618AE6EE8A8AFE
:102D500076EE896ABDEEE80A67EEA69AF8EEC00A3A
:102D6000E9EEAA1A38EEE0AABDEEE19A6AEE01AAEF
:102D7000F8EEC99AFDEEEA8A71EEE91A18EE909A19
:102D80004FEA890A04EB0A0BAA44B8EEE80A9BED65
:102D9000002A9AED00AA7AEEC00A3AEE429AF7EEBD
:102DA000006AA0EE892A61EE81AA72EE029ABDEE57
:102DB000EA1AF0EEE98A78EEA66A11EE102A89EE98
:102DC000A60A4FEA820804EB0809A84499ED002AF4
:102DD000D8ED000AB8EEC1AA70EEC21A3AEECA9A4D
:102DE000A9EE212A70EE42AA6AEE886AFFF7CBBBF1
:102DF000B7EE008A37EE88AAF3EE0F9A2AEE292A58
:102E000076EE886AFDEEC21A26EEA91A079A1FED21
:102E1000750A11EE909AFDEEC18A02EB891918EE3F
:102E2000908A09F1400B08F1010A1BF9082000EE15
:102E3000902A1BF90A200AEE902A19F90A2008EEB6
:102E4000102A19F908200AEE102AF8EEE89AF8EE8E
:102E5000CA6AF8EEE00AF8EEEA8AF8EEC8AA31EE9D
:102E6000691A38EEE0AA3AEEE68AE1EE0A0AE1EEE5
:102E7000086AF8EEE11A30EEE69A32EE612AE2EEE6
:102E8000096A66EE806AFFF77EBB5FED935A1FED1D
:102E9000938AFFF75BB94FF000084546FFF702B988
:102EA0005FED985A2DE45FED996AFFF76CBB66EE13
:102EB000A76A26EEA62A77E626EEA78AF5E500BFE2
:102EC00003460022426043F8082B9FED030A1821B5
:102ED000184600F0FBBB00BF8FC2753C2DE9F00720
:102EE000B7EE007AF5EE007A60EE272A37EE616AD7
:102EF00077EE423A2DED028BB0EE613AF0EE406A89
:102F00009046B0EE600AA2EE863A099ADDF828C033
:102F10000B9FA3EEA22A002900F0C483F1EE000A61
:102F200020EE204ADFEDA14AB0EE005A75EE435A7A
:102F3000BEEE008AA5EE838A9D4EDFF8A492DFEDF7
:102F40009D8ADFED9D2ADFED9D3AE4EE888AFDEE55
:102F5000E87AB8EEE77A17EE905A38EEC76A09EBCE
:102F6000850466EE220AD4ED004ABDEEE05A15EE65
:102F700010AA06EB8A05D5ED005A24EEA58A24EEA8
:102F8000084AB4EEE34AF1EE10FA00F3FB8224EEB5
:102F9000047ADFED8B8ADFED8B2ADFED8B3AE7EEEB
:102FA000282AF0EE444AE7EE223A64EE237A27EE2E
:102FB000A76A002900F0F18261EEA10ADFED835AD1
:102FC0009FED837A60EEA58AA8EEA07A002F00F02C
:102FD000178103EB870AC3EB0A09A9F10401DFF8A3
:102FE0000482B0EE088AF1EE001AB7EE005AC1F37F
:102FF0008101D8F80060E7EE481A1D46C5EE070AC1
:10300000002900F09F80734D734C05FB06F6344495
:103010001D46264604EE104ADFED703AF8EE442ACB
:1030200062EEA34AB4EEE47AF1EE10FAD4BFDFED1B
:103030006F4A64EEA04A012964EEA15A65EEA68AA1
:10304000E5EC018A7ED002291BD06249624E9FEDD9
:10305000638A01FB04F94E4405EE106AF8EE453A26
:1030600023EE884AB4EEC47AF1EE10FAD4BF9FED95
:103070005F4A24EE204A64EE212A62EEA64AE5EC7D
:10308000014A5449544CDFED555A01FB06F63444CD
:1030900008EE904AB8EE688A264628EE255AB4EE25
:1030A000C57AF1EE10FAD4BF9FED505A25EE205AA2
:1030B00065EE213A23EEA64AA5EC014A42E065EE10
:1030C000208A4449444DDFED455A9FED445A01FBA7
:1030D00006F6354402EE905A3E4E3F49F8EE623A0B
:1030E00006FB05F9494463EEA54A28EEA18A05EEE0
:1030F000901A28EE264AB8EE658AB4EEE47A68EEB5
:10310000053AF1EE10FAB4EEE37A84ED004ACCBF52
:1031100024EEA04A9FED354AF1EE10FAD4BFDFED60
:10312000333A63EEA03A64EE218A23EEA14A68EEB8
:10313000A62A64EE264AC4ED012A04F10C050E46C7
:10314000C4ED024A234C2449DFED242A04FB06F98E
:10315000494404EE901AF8EE645A2C4665EEA28AB1
:10316000B4EEE87AF1EE10FACCBF68EEA08ADFED9B
:103170001F8A28EEA18A28EE265AA4EC015A54454B
:103180003CD0144D144EDFED153A05FB01F94E44C9
:1031900004EE106AF8EE444A24EEA35AB4EEC57A5F
:1031A000F1EE10FA8BDCDFED118A8AE700001042A5
:1031B00028E903080000004300008043EE7CFF3E46
:1031C00049265F428FBA2141DB0F4940B9FC7F3F5E
:1031D00017B751380D6619005FF36E3C0000802F61
:1031E00024E50308640000206EDBB63F0000000009
:1031F0000797A541389691401FFA7E3EC8F8001007
:103200005FED075AB7EE007AF0EE476AE7EEA56A7F
:10321000791E77EEA51A36EE266AD0ED000AD0EDBB
:10322000016AC7EE065A002F00F09D819A4601F010
:103230000306A7F10208D3ED003A5FED144AE0EE71
:10324000E13A33EEE64A64EE258AE7EEA80AE7EEB5
:10325000A06AF0EE602AE7EEA82A36EEA48AB0EE65
:10326000627AE7EEA06AAAEC018A002900F0D38016
:10327000002E60D0012E3FD0022E1DD09AED005AB4
:10328000A2EEE15A08F1FF38F0EE623A35EE666AD6
:10329000B0EE664A66EE250AE7EEA03AA7EEA34A2C
:1032A000B0EE637AF0EE446AA7EEA07AE7EEA36A86
:1032B00074EE244AEAEC014ADAED008A5FED352A21
:1032C000E7EE618A08F1FF38B0EE475A38EEE68A39
:1032D000F0EE660A28EE256AA7EE865AE7EE850A22
:1032E000B0EE457AF0EE606AA7EE867AE7EE856A80
:1032F00070EEA23AEAEC013ADAED004A1FED454AD7
:10330000E7EE614A08F1FF3818F10101B0EE478A93
:1033100074EEE68A68EEA52AA7EEA28AE7EE886A2E
:10332000B0EE487A36EE846AA7EEA27AE7EE886AB3
:10333000AAEC016A6FD0DAED000A1FED545AE7EEED
:10334000610A5546A8F10408F0EE668A70EEE63A86
:103350000AF1100A63EEA54A18F10106A7EEA47A55
:10336000E7EE878AF0EE476A38EE854AE7EEA46A10
:10337000A5EC014A1AED038AE7EE878AA6EEE18AF8
:10338000F0EE662A38EE686A95ED017A66EE250A57
:10339000E7EEA02AE7EEA28AF0EE626AE7EEA06A04
:1033A000B0EE684AA6EEE17AA7EEA24A78EE853A38
:1033B00077EE444AC5ED003A64EEA58A1AED018A1B
:1033C000E7EEA86AA7EEA64AF0EE662AE7EEA82A7C
:1033D000B0EE447AA7EEA67AA2EEE18A74EE050A70
:1033E00038EE474AB0EE626A64EE253AF0EE476A7C
:1033F000A7EEA36A4AED020AE7EE866AF0EE464AB5
:10340000E7EEA34A36EE855AB0EE647AE7EE866AB6
:103410000AED015A8FD180ED007AC0ED016A99461C
:10342000DCED001AF9EC017A71EEA75A64460CEB58
:10343000870ACCEB0A0CE4EC015AACF104015445C8
:10344000C1F3820600F08F80002E45D0012E39D0C6
:10345000022E2FD0032E25D0042E1BD0052E11D0E6
:10346000062E07D0D4ED006AF9EC018A36EEA88A60
:10347000A4EC018AD4ED002AB9EC016A32EE867A16
:10348000A4EC017AD4ED000AB9EC014A70EE843A5A
:10349000E4EC013AD4ED004AB9EC015A74EE851A15
:1034A000E4EC011AD4ED005AF9EC017A75EEA76A42
:1034B000E4EC016AD4ED008AB9EC018A78EE882A3E
:1034C000E4EC012A94ED006AB9EC017A76EE070A81
:1034D000E4EC010A544546D0C846B8EC014AD4EDA4
:1034E000003A73EE844A2546E5EC014AD9ED011A0B
:1034F00094ED015AD5ED018A75EE215A2034C5EDBF
:10350000005AD8ED017A14ED058A54ED042A14ED21
:10351000036A54ED026A14ED017A78EEA70A09F104
:10352000200944ED060A19ED054A78EE043A44ED07
:10353000053A59ED044A32EEA45A04ED045A59ED05
:10354000031A76EE218A44ED038A59ED025A76EE8B
:10355000A57A44ED027A19ED018A77EE082A5445DE
:1035600044ED012AB8D1BDEC028BF0EE410A1946B8
:1035700008303B46B0EE431AF0EE421ABDE8F007C1
:1035800000F0A2B9F0EE634A1FEDE76A5FEDE77A5B
:103590001FEDE77A00297FF40FAD03EB8705AB42FF
:1035A00046D01C464FF0000A44F804ABE91A04392F
:1035B000A542C1F382013BD029B301291ED00229C3
:1035C00018D0032913D004290DD0052908D00629C5
:1035D0001CBF002144F8041B4FF0000A44F804AB60
:1035E000002144F8041B4FF0000A44F804AB00210A
:1035F00044F8041B4FF0000A44F804AB002144F8DF
:10360000041BA54214D0A24600214AF8041B203412
:1036100044F81C1CCAF8041044F8141C44F8101C8C
:1036200044F80C1C44F8081C44F8041CA542EAD1D8
:10363000B8F1000F3BD09FED1F5A9FED1F8A9FED01
:103640001F4ADFED1F8ADFED1F5AF3EE081AA7EEBF
:10365000215AA6EE884AFDEEC53AF6EE002AF8EEAB
:10366000E30A13EE905A75EE606AB7EE007A66EEE2
:10367000A88AA2EE627A09EB8508BDEEE88A98ED89
:10368000005A18EE104A06EB8406D6ED001A24EE16
:10369000074A65EE212A64EE223AC3EEA44AC3ED3E
:1036A000004AAFE530EEA04ADFED074A3CE4DFED2B
:1036B000055AA7E5000000430AD7A33D8FC2F53D98
:1036C00000008043ABAA2A3F00007042F5EE007A6A
:1036D00030EE670A1829B4BF0B461823B5EEC00AAE
:1036E000F1EE10FA10B4036000F1E980F6EE000A82
:1036F000B4EEE00AF1EE10FAC6BF30EE600AB3EEA7
:10370000006ABBEE006AB0EE007AB7EE001AA0EED7
:10371000471A002926EE006AF5EE001A26EE012A65
:1037200062EE210A6EDD00EB81010A1A141FC4F358
:1037300081028446F6EE007A002A51D0D2EE270AA2
:103740008446012A11EE903AF0EE676A4CF8043F85
:10375000F0EE607AF0EE660A42D0022A0FD077EEE1
:10376000A62ABEEE005A22EEA13AA2EE275A13EE86
:10377000104A4CF8044FF0EE670AF0EE457AF6EE88
:10378000003A77EEA35AB0EE604AF5EE004A92EEA8
:10379000274A25EEA40AF0EE670A10EE102AF0EE92
:1037A000447A4CF8042F1BE0D2EE207A0CF1100C76
:1037B00070EE816AD2EE270A66EE872A37EE815ACA
:1037C00030EE813A12EE902AD2EE207A44F8042F9D
:1037D00065EE073A23EE074AC4ED013A8CED004A44
:1037E000B6EE001A37EE816AB5EE007A66EE071A79
:1037F000634611EE904A43F8044F8B42D2EE270AFB
:103800001C46D1D100214167416681678166C1674D
:10381000C166C0F880100167C0F89410C0F8841029
:10382000C0F89810C0F88810C0F89C10C0F88C1030
:10383000C0F8A010C0F89010C0F8B410C0F8A410E0
:10384000C0F8B810C0F8A810C0F8BC10C0F8AC1090
:10385000C0F8C010C0F8B010C0F8D410C0F8C41040
:10386000C0F8D810C0F8C810C0F8DC10C0F8CC10F0
:10387000C0F8E010C0F8D010C0F8F410C0F8E410A0
:10388000C0F8F810C0F8E810C0F8FC10C0F8EC1050
:10389000C0F80011C0F8F010C0F81411C0F80411FD
:1038A000C0F81811C0F80811C0F81C11C0F80C11AC
:1038B000C0F82011C0F810115DF8044B7047B1EE4C
:1038C000400AB3EE006A1EE7DFED677ADFED674A74
:1038D000DFF8CCC19FED664ADFED665A20EEA72ADD
:1038E0002DE9F00FBDEEC27A634C17EE106AB500F9
:1038F0002F192DED108BB8EEC76A97ED00FAD7EDB2
:10390000012ADFED5E8A9FED5E9ADFED5E9A5E4DE5
:10391000DFED5EFA046832EE463A72EECF3AA1EE7F
:10392000A89AA8B000F16407A3EE23FAF7EE006AA4
:10393000B5EEC0FAF1EE10FA54BF9FED555A9FED67
:10394000555A8DED004A3FEE268A2FEE055AFDEEC0
:10395000C9AA38EE05AAB7EE00BAF8EEEABA8BEEBD
:103960000ACA002CB0EE4BDAA0EEE9DA79EE6BCAA7
:10397000F0EE4BDAE1EEE9DA6CEEA40A2DEE011A74
:10398000BDEEE0EA2DEE812A1AEE909A1EEE10BAF4
:10399000F0EE006A36EEC26A05EB890A0CEB8B0684
:1039A000DDED003AD6ED00EADAED007A26EE023AD5
:1039B00027EEAE7AE3EE253A67EE2F2A20EE0C0AC8
:1039C00062EE87FA8DED010ACDED003A40F3C68133
:1039D000B0EE4BAAB0EE40DA00EB840C002634E0E7
:1039E000B0EE005AF7EE008AE7EEC58A0430B7EE73
:1039F000001AB0EE419AA7EEAF9A28AD05EB860902
:103A0000D0ED009A09ED249A69EEA84A0136042EF9
:103A100049ED207A49ED1C4A4CD0B5EEC0FAF1EEE2
:103A200010FA4CBFDFED1B7ADFED197ADDED015A9C
:103A3000DDED001A60453AEE0FAA3DEE25DA2FEED5
:103A400027FA6FEEA1FA00F089816DEE0A7A9FEDF8
:103A5000128AF4EEC87AF1EE10FAC1DBF0EE487A81
:103A6000DFED0E8AC2E700BF000080420000804305
:103A70009A99193E9A99593FF4CE020866669F4278
:103A8000000000439A99993E24E503080000FA4398
:103A900048E17A3F7B146E3FEE7CFF3E0012033B11
:103AA00028E903088FBA214149265F42DB0F4940CC
:103AB000000000009DED04BA9DED05CADDED060A8B
:103AC0009DED08EA5FED097ADDED0A3A1FED0A7A0D
:103AD0009DED094A1FED0B5A9DED0B3AD7ED005AAB
:103AE000D7ED041A97ED016A97ED052AD7ED026A22
:103AF000D7ED062ADDED0CAADDED0DBADDED0ECA1F
:103B0000CDED1C5AC1EE0B9A5C1EC1EE0CEAC1EE63
:103B1000200A6EEE0E8A23EEA30AF0EE674A24EE28
:103B2000048AE8EE874AB0EE679AA0EE079AB0EEF4
:103B300067BAA8EE07BAF0EE45DAE8EEA4DAF0EEDE
:103B4000454AE0EE094AB0EE45CAA8EE0BCAB0EE0F
:103B5000640A24EE0C4A6EEE2D4A63EE803AB0EE13
:103B600041EAB0EE41BAF0EE41DAA4EEA9EAA4EEE1
:103B70002EBAE3EEA0DAA4EEA4EAE3EEA3DAA4EE12
:103B800004BA81EE0E9A81EE2DCA81EE0BBA63EE75
:103B9000038A74EEA99AE8EE877A74EE2EEA73EE41
:103BA000A00AA8EEA75ACDED201A8DED1D6A8DED65
:103BB000212ACDED1E6ACDED222ACDED24AACDED30
:103BC00025BACDED26CACDED104A8DED114ACDEDC9
:103BD000123A8DED189A8DED19BACDED149A8DED3E
:103BE0001ACACDED15EACDED160ADDED077A97ED8F
:103BF000037A9DED0FEA8DED1F7A81EE278A23EE81
:103C0000055AB0EE410AA5EE080A97ED073A8DED88
:103C1000135AA5EE050A75EE087AC1EE00DA8DEDAD
:103C2000233ACDED177ACDED1BDA002B7BD0B1EE28
:103C3000601AF1EE678A8DED02FA8DED03AAB0EEFF
:103C40004DFAF1EE6EEA92468B46B0EE41AAB0EE26
:103C500068DABBEC011A5FED6A7AFAEC018AF0EEE1
:103C6000410AE5EEE90A013CB4F1FF3FB0EE410A3A
:103C7000AEEE860A30EEE18A70EE420A28EE098A3C
:103C800020EE8B0AF0EE410AE8EE245AEAEE260A0C
:103C9000A0EE046AE5EEAA7A70EEE20AADEE071A2B
:103CA00060EE8C0AE6EE2B7AE0EEA36A31EE431A60
:103CB000E6EEAC7A21EE2D1AE4EEA51AA1EE057A15
:103CC000A4EE062AEEEE077AE3EEA62AA5EE073A60
:103CD00078EEA77AE4EEA51AA4EE062AE3EEA62A69
:103CE000A5EE073AE8EE245AA0EE046AE0EEA36AD5
:103CF000A1EE057A4AED017AABD1B0EE4FDA9DED37
:103D000003AA9DED02FACDED1C5ACDED201A8DEDE2
:103D10001D6A8DED212ACDED1E6ACDED222A8DED95
:103D20001F7A8DED233A1C9C229E3C60DDF880B00A
:103D3000DDF874A0DDF88490DDF878801F9D239C69
:103D4000BE61C7F810B0C7F804A0C7F81490C7F850
:103D50000880FD60FC61002620375EE628B0BDECDF
:103D6000108BBDE8F00F7047436870B403F58054C2
:103D70001946002241F8042B203343F81C2C4A60DA
:103D800043F8142C43F8102C43F80C2C43F8082C5F
:103D900043F8042C9C42EBD1C268002502F58066F2
:103DA000056014464FF0000C44F804CB203242F872
:103DB0001CCCC4F804C042F814CC42F810CC42F831
:103DC0000CCC42F808CC42F804CC9642E9D10F4E14
:103DD0000F4D104C10490661002345618461C0F805
:103DE00020C0C0F81CC0C0F828C0C0F82CC0C0F863
:103DF00034C0C0F838C0C0F844C0C0F840C0C0F8F3
:103E00003CC04162836070BC704700BF22BA003D75
:103E10000AD7233CCAAA7F3FB1E47F3F8A68B2F544
:103E2000805F30B4C0F0AB800B68A2F5805403F51E
:103E300080558C600D6043604FF0000CEA1A43F827
:103E400004CB141F9D42C4F382023AD01AB3012A54
:103E50001CD0022A16D0032A11D0042A0CD0052A1D
:103E600006D0062A18BF43F804CB002443F8044BBD
:103E70004FF0000C43F804CB002243F8042B00243D
:103E800043F8044B4FF0000C43F804CB002243F8F6
:103E9000042B9D4215D01C464FF0000C44F804CB77
:103EA000203343F81CCCC4F804C043F814CC43F8C6
:103EB00010CC43F80CCC43F808CC43F804CC9D421A
:103EC000E9D1002303608D68B5F5806F53D30B688B
:103ED000A5F5806203F580648A600C60C3600021F0
:103EE000C3EB040C43F8041BACF104059C42C5F37E
:103EF000820239D012B3012A1BD0022A16D0032A1B
:103F000011D0042A0BD0052A06D0062A18BF43F880
:103F1000041B002143F8041B002543F8045B4FF009
:103F2000000C43F804CB002243F8042B002143F893
:103F3000041B002543F8045B9C4215D01A464FF041
:103F4000000C42F804CB203343F81CCCC2F804C068
:103F500043F814CC43F810CC43F80CCC43F808CC0D
:103F600043F804CC9C42E9D1074C046300238360EE
:103F700030BCFFF7F9BEC3604FF48064AFE70023A5
:103F800043604FF4805557E70000C842F7EE007ACF
:103F900087EE802A2DE9F001F1EE003AB4EEE32A33
:103FA000F1EE10FA08D4DFEDD83AB4EE632AF1EE60
:103FB00010FAD8BFF0EE423A23EE803ADFEDD32A72
:103FC000B4EEE23AF1EE10FA05DBB7EE004AB0EEDD
:103FD000443A80ED0F4A21EEA16ADFEDCD6A9FEDF4
:103FE000CD7AF2EE087AE6EE267AF3EE084AE1EEB2
:103FF000247AF4EEC77AF1EE10FA00F380819FED97
:10400000C61A9FEDC65A77EE815ABDEEE52AF8EE44
:10401000C22A12EE104A35EEE24A24EE056AFDEE9F
:10402000C66A16EE907ABE4EBE4DDFEDBF4A9FEDDA
:10403000BF1A06EB840805EB870C98ED005A9CED3F
:10404000007A65EE075A20EE250AB4EE640AF1EE16
:1040500010FAF4EEC11AC8BFB0EE640AF1EE10FA1D
:1040600011DB71EEC11A9FEDB22ADFEDAB2AB3EE80
:10407000044A21EE846A72EE404A72EEE76AA4EEC8
:10408000860AE6EE867AAB4E9FEDAB1A9FEDAB7AD1
:10409000DFEDAB1AD0ED0C4A9FEDAA2A60EE005A74
:1040A000B7EE005AA5EE817A5D1EF0EE002AE5EE2D
:1040B000871AB0EE456A20EE210ABDEEE74AA0EE6F
:1040C000226A14EE107AA0EE006ABC0004EB060827
:1040D00080ED040AC5EE066AC0ED052AC0ED066A49
:1040E000B8EEC41A98ED007AD8ED011A77EEC17ACD
:1040F00071EEC75AB0EE644AA7EEA57A02EE903A86
:1041000093EE874A60EEA00AB8EE625A20EE820A69
:1041100084EE051A002B00F0ED8004315FE0F3EE31
:10412000042AF4EE620AF1EE10FAD8BFF0EE602A2B
:1041300090ED0B2AD0ED093AD0ED0A1AC0ED0A2A0B
:10414000E2EE232A03EB860306F2FF3690ED077AB0
:1041500090ED056AD0ED047AD0ED086A90ED065A2C
:1041600072EEE15AC6F30904B0EE654AA6EE474A7C
:10417000C0ED0B5AF0EE440AE7EE670A70EEE62A4D
:1041800022EE852AA7EE827AE7EE876AF0EE473ABA
:10419000B0EE666AE7EE823AA7EE876AC0ED073AAC
:1041A00080ED086AC3ED006A90ED105AD0ED0F7AE9
:1041B0000460F0EE665A80ED115AC0ED106A35EEDB
:1041C000C54AF2EC016AA4EE275A013D6B1C01F1CD
:1041D000040176EE850A42ED010A00F08B80D0EDF5
:1041E0000F3A73EE237AB7EE007AF4EEC77AF1EE67
:1041F00010FAC0ED0F7A78DD90ED0E2A066843685C
:10420000DFED511AB0EE476AA2EE406A06F580640F
:1042100074EE814A77EEC76A66EE240AC0ED0F6A33
:10422000FDEEE05AF6EE002A15EE907A3C44671C4B
:1042300004F1FF3CC7F30908C4F3090703EB88083E
:1042400003EB8707CCF3090CD7ED006AD8ED007AB1
:1042500003EB8C0C9CED005A76EEE73A37EEC54A3C
:10426000B0EE636A0234A4EE226AC4F3090703EBDA
:10427000870898ED002A73EE867A32EE665AF8EED9
:10428000E55AE5EE227A70EEE50A36EE276ABFEED1
:10429000082A90EEA76AFBEE043A20EE865AA4EEB6
:1042A000225AF0EE662AE0EE852AF0EEE26A76EE19
:1042B000E11AF5EEC02AB0EEE14AF1EE10FA74EE22
:1042C000217AD8BFB0EE427A27EE277A80ED0E7AB7
:1042D00051ED015A72EEA50AF4EEE30AF1EE10FA7E
:1042E0007FF51DAFF0EE632A22E790ED115AD0ED75
:1042F000105A64E7C0ED0C4ABDE8F0017047F0EEDB
:10430000477A0027D4248EE600007F4472F97F3F6D
:10431000000070420000A8420000004300008043FB
:1043200024E5030828E90308EE7CFF3E3333733F9E
:10433000E5F2FF3E64BA020849265F428FBA214186
:10434000DB0F49400AD7233CCDCCCC3C2DE9F0070C
:10435000B7EE007A2DED028B87EE008AF1EE007A3F
:10436000B4EEE78AF1EE10FA0CD49FED832AB4EE96
:10437000C28AF1EE10FA40F37F82B0EE428ADFED9E
:104380007F8A03E0DFED7E8AB0EE678A68EE004A3E
:104390009FED7C3AF4EEC34AF1EE10FA05DBF7EE3E
:1043A000003AF0EE634AC0ED0F3A61EEA15A9FED7C
:1043B000766ADFED766AF2EE087AE5EE867AB3EE9B
:1043C000084AE1EE047AF4EEE67AF1EE10FA00F330
:1043D0004E829FED6F5A9FED6F7A37EE852AFDEE84
:1043E000C22AB8EEE23A12EE904A72EE433A63EE17
:1043F000875ABDEEE56A16EE107A674E674D9FED5F
:10440000684A9FED687A06EB840805EB870998ED0A
:10441000005AD9ED006A25EE262A20EE020AB4EEF3
:10442000440AF1EE10FAF4EEC71AC8BFB0EE440A1F
:10443000F1EE10FA17DB71EEC71ADFED5B2A9FED84
:10444000543AF3EE043AB7EE006A61EEA35A36EE40
:10445000414A32EEC07A33EE675AA4EE251AA7EE2F
:10446000250AE5EE257A514FDFED516ADFED512A3D
:104470009FED514AD0ED0C5A9FED502A20EE003AA4
:10448000F7EE001AE3EE262AB0EE006AA3EE224A07
:10449000B0EE617A20EE040AFDEEE73AA0EE067A6D
:1044A00013EE904AA0EE007A4FEA840A0AEB070C5A
:1044B00080ED040A81EE875A80ED056A80ED065A88
:1044C000F8EEE32ADCED006A9CED014A77EEE27A31
:1044D00034EE663A36EE606AE7EE836AB0EE650A5D
:1044E00098EE260A66EE203A08EE103A23EE824A4B
:1044F000F4EEE18AB8EE482AF1EE10FA80EE023AC4
:1045000008D4DFED2F1AF4EE618AF1EE10FAD8BF6D
:10451000F0EE681AF6EE088AF4EEE80AF1EE10FA08
:1045200040F3A28130EEE85AB1EE007A65EE076AF8
:104530009FED246A66EEA67A67EE862A9FED222A10
:104540009FED220A9FED228ADFED223AF0EEE08A0B
:1045500021EE005A60EE880A38EE827AE5EE013AE2
:104560005D1E80EE872A002B00F07781DFF868C09F
:104570000431DCF80060ECE000007F449A99594077
:104580000E745A3C72F97F3F000070420000A8424E
:10459000000000430000804324E5030828E90308E5
:1045A000EE7CFF3E3333733FE5F2FF3E64BA020810
:1045B00049265F428FBA2141DB0F49406666663E5D
:1045C00066660640CDCCCC3D9A99193ED7A3703F84
:1045D0003F351EBF8FC2753D640000202DB29D3E49
:1045E00060E5D03E1FED036A5FED036AE4EE466AC4
:1045F000B0EE475A60EE668AA8EEA15AB4EEC85AE9
:10460000F1EE10FAF0EE450AC0F2DB80FDEEC58A4D
:10461000076818EE909A041D94E85001B94409F116
:10462000010ACAF3090AC9F3090904EB8A0A04EB6F
:104630008909FCEEC06A99ED008A9AED001AB8EE7D
:10464000E85A16EE90AA30EEC50A71EE487AB244E6
:104650005FFA8AF9A0EE278A08EB890A06F1FF09BA
:10466000DAED008AA2EE288A08EB86085FFA89F65E
:10467000E8EE428A88ED008A866011ED017A78EED4
:10468000870AFBEE048AF4EEE80AF1EE10FA08D489
:10469000F3EE048AF4EE680AF1EE10FAD8BFF0EEF9
:1046A000608A90ED0B5A90ED098A90ED0A0AC0EDF0
:1046B0000A8AE5EE088A04EB870407F2FF3790EDDB
:1046C000077A90ED056AD0ED047AD0ED086A90ED96
:1046D000061A78EEC08AC7F30907F0EE680AE6EE1C
:1046E000470A1E46C0ED0B8AB0EE605AA7EE675A25
:1046F00035EE668A28EE010AA7EE807AE7EE876A31
:10470000B0EE476AF0EE668AA7EE806AE7EE878A27
:1047100080ED076AC0ED088AC4ED006AD0ED100A8A
:10472000D0ED0F7A0760B0EE665AC0ED110AC0ED09
:10473000106A35EE608AF2EC016AE8EE270A013D64
:104740006B1C01F1040136EEA00A02ED010A00F033
:10475000828090ED0F1A74EE817AB7EE000AF4EEC3
:10476000C07AF1EE10FAC0ED0F7A6FDD454F464B7F
:104770009FED468A90ED0D6A07FB06F8434406EE6E
:10478000903AF8EE668ABEEE005AA8EE885A77EEA6
:10479000C07A75EE460A75EE835AA0EEA36AB1EEB2
:1047A000008AA6EE220AC0ED0F7A20EE257A80ED6F
:1047B0000D6A27EE040AB4EEC80AF1EE10FABFF64D
:1047C00011AFBDEEC78A0768446818EE109A07F566
:1047D00080664E4406F1FF3806F1010AC8F3090964
:1047E000CAF3090AC6F3090804EB8A0A04EB88082D
:1047F000DAED007AD8ED008A04EB890999ED001A08
:1048000078EEE70A37EEC15AF6EE006AB0EE606A5B
:104810000236A5EE266AC6F3090A04EB8A0999ED69
:10482000000A70EE867A30EE681AB8EEC88AE1EEB9
:10483000267A37EE487A76EE270AD7EE270A27EE51
:10484000206AA5EE266AE7EE068A16E7D0ED110A81
:1048500090ED105A6DE7CCF80060BDEC028BC0ED16
:104860000C5ABDE8F0077047DFED092A66E6F0EE66
:10487000667A0027D424C0E5DFED062A68EE228A96
:1048800084E500BF0D6619005FF36E3C0000802FC9
:10489000000000000E745A3BF5EEC00AF1EE10FA6B
:1048A00008B502D9FFF752FD08BDF1EE600AFFF727
:1048B0006DFB08BD70B50023074A084E084D066021
:1048C000456082600361C36004461430FFF7A6FAB6
:1048D0000020E06570BD00BFCAAA7F3F22BA003D3C
:1048E0000AD7233C1430FFF73FBA00BF2DE9F00F81
:1048F000F7EE006AF5EE007A82B060EE272A36EE17
:10490000E16A36EEC23AB0EE614AB0EE407A0C4649
:10491000B0EE600A1946A2EE864ADDF82890DDF86E
:104920002CA00C9BA3EE222A12B9002C00F0AC8420
:10493000F0EE000A70EEC43ABEEE005AA3EE845ABE
:10494000A04AA14DDFEDA16ADFEDA17ADFEDA14A1A
:10495000DFEDA15AE5EE267AF1EE002ABDEEE76A18
:1049600020EE223AF8EEC60A16EE106A77EEE03A2A
:1049700002EB860763EEA46A97ED005AFDEEE67A35
:1049800017EE902A05EB8208D8ED004A65EE242A3E
:1049900023EE223AB4EEE53AF1EE10FA40F3348118
:1049A000DFED8E3ADFED8E6A002C00F03C81F7EEF1
:1049B000002A76EEA27A82EE805A77EEA33A21EEB2
:1049C000A13AC2EEA31ADFED874ADFED870AC0EDF8
:1049D000006A63EE245AFCEEC56AE5EE830AC0ED78
:1049E000176AC0ED021AC0ED012A002B00F0B48452
:1049F00001EB830BC1EB0B02151FDFF800C2C5F3FF
:104A00008104F1EE087AB2EE003AC2EEA01ADCF8A8
:104A100000600D46A0EEE73A002C00F09E80734F38
:104A2000734ADFED744A07FB06F8424405EE102A8C
:104A3000F8EE453A0D4663EEA45A1646F4EEE50A42
:104A4000F1EE10FAD4BFDFED6C5A65EEA15A012CDD
:104A500065EE836A66EE872AE5EC012A7DD0022C9A
:104A60001BD0624C624E9FED636A04FB02F73E442A
:104A700007EE906AF8EE674A24EE865AF4EEC50A0D
:104A8000F1EE10FAD4BF9FED5C5A25EE215A65EE87
:104A9000033A63EE875AE5EC015A544C544ADFED71
:104AA000556A04FB06F6324402EE902AB8EE626ABA
:104AB000164666EE267AF4EEE70AF1EE10FAD4BF57
:104AC000DFED4D7A67EEA17A67EE834A24EE875ACE
:104AD000A5EC015A41E024EEA15A444E444C9FED0E
:104AE000456ADFED444A06FB05F73C4403EE904A75
:104AF0003E4D3F4EF8EE632A05FB04F8464462EE55
:104B0000865A65EE036A06EE106A66EE877AF8EE5C
:104B1000466AF4EEE50A66EEA42AF1EE10FAF4EE27
:104B2000E20AC2ED007ACCBF65EEA17ADFED327AFF
:104B3000F1EE10FAD4BFDFED302A62EEA12A27EEA3
:104B4000835A62EE837A65EE073A67EE875AC2EDC2
:104B5000013A02F10C05C2ED025A244F244CDFED5C
:104B6000255A07FB06F8444403EE904AF8EE636AC0
:104B70002A4666EEA52AF4EEE20AF1EE10FACCBF60
:104B800062EEA12ADFED1C2A22EE836A66EE077A26
:104B9000E2EC017A5A4500F0CC83144F144DDFED5E
:104BA000152A07FB04F8454405EE905AF8EE657A9D
:104BB00067EEA24AF4EEE40AF1EE10FA8BDC9FED08
:104BC0000E5A8AE724E5030828E90308000090420A
:104BD0000000004300008043EE7CFF3EADAB10417F
:104BE00051724040B9FC7F3F17B751380D6619002C
:104BF0005FF36E3C0000802F000000006400002086
:104C0000D7573941DB0F49405FED035A5FED030A87
:104C100023EE256AE3EE060A63EE206A66EEA63A04
:104C2000002C7FF4C4AEF7EE001AB0EE007AB0EEBE
:104C3000615AA6EE875AC1EE807A75EE234AFCEEE1
:104C4000E72A81EEA43A12EE905AC0ED172AC0ED81
:104C5000006A80ED023A80ED017A002D00F01883A1
:104C60009D4234BF2F461F46EA1BDC1B0097C265DE
:104C700001947D1E002F00F07883294E15F0030764
:104C80008846D6F800B000F06383264E264ADFED52
:104C9000270A06FB0BFC624405EE902AB8EE656A13
:104CA000FFEE001A66EE206AF0EE003AB0EE617A8E
:104CB000A6EEA37A8846012F05F1FF359346A8ECAE
:104CC000017A00F04583022F0FD0174C06FB02FB40
:104CD0005C4407EE904AF8EE674A013D64EEA02A74
:104CE000A346E2EEA31AE8EC011A0E4F0E4E9FED1A
:104CF0000F3A07FB0BF2164400EE906AF8EE605A8A
:104D0000B0EE006A65EE833AFFEE006AE3EE866A73
:104D10006C1EB346E8EC016AC446984623462CE074
:104D2000640000200D6619005FF36E3C0000802FC8
:104D300005EE905A06EE104A07EE107AF8EE656A14
:104D4000F8EE463AB8EE475A26EEA13A63EEA14A8B
:104D5000F0EE670AF0EE676A65EE211AE3EE220ACA
:104D60000CF1100C043BE4EEA26AE1EEA27AC2ED73
:104D7000000A4CED026A4CED017ACF4DCF4ADFEDCF
:104D8000D01A02FB0BFB2E465E4407EE106AB8EE0B
:104D9000475A02FB06FB25EE213AFFEE007A2C462D
:104DA0002F46F0EE002A5D44F0EE674A02FB05FB59
:104DB000E3EE224A5C4402FB04F217446246BB461F
:104DC000E2EC014A002BB3D1009DBE4C434601EBFF
:104DD000850B2660019F7E1E002F4CD000224BF8D1
:104DE000042B06F00705741E002E44D06DB3012D70
:104DF00025D0022D1ED0032D17D0042D11D0052D46
:104E00000BD0062D18BF4BF8042B4FF0000718BF2E
:104E100004F1FF344BF8047B013C00264BF8046B93
:104E2000013C00224BF8042B013C4FF0000C4BF8E6
:104E300004CB013C4FF000084BF8048B013C0025EB
:104E4000013C4BF8045B651C15D05E46002746F814
:104E5000047B083C37600BF1200B4BF8187C4BF8B7
:104E6000147C4BF8107C4BF80C7C4BF8087C651CD0
:104E70004BF8047CE9D1D0ED032A90ED046A5D1E65
:104E8000002B00F06D82D1ED000A90ED013A90ED1B
:104E9000007AD0ED021AE3EE620A8B4605F00306B3
:104EA00005F1FF3CE2EEC70A70EEC64A24EEA15AB5
:104EB000E7EE052AA7EE226AF0EE625AF0EE463AD5
:104EC000E7EE055AE7EE223AF0EE657AB0EE637A45
:104ED000ABEC016A002D00F00181002E6FD0012E95
:104EE00049D0022E23D0DBED002A90ED016AD0EDEF
:104EF000006AD0ED020AE6EE652A0CF1FF3CF0EE06
:104F0000654AE5EEE62AB0EE635A32EEE33A63EE26
:104F1000201AE6EEA14AA6EEA45AF0EE647AB0EEAC
:104F2000457AE6EEA17AA6EEA47AABEC015ADBED67
:104F3000003AD0ED012AD0ED006AD0ED025AE2EE3F
:104F4000E73A0CF1FF3CB0EE673AE7EEE63AF0EEF6
:104F5000471A33EEC76A66EE250AA6EEA03AE6EED9
:104F6000831AF0EE437AB0EE617AE6EEA07AA6EE0E
:104F7000837AEBEC011ADBED004A90ED015AD0ED9B
:104F8000003AD0ED022AE5EE674A0CF1FF3C1CF135
:104F90000106F0EE675AE7EEE34A74EEC76A26EEC2
:104FA000A26AE3EE865AA3EEA57AF0EE657AABEC40
:104FB000017AE3EE867AA3EEA57A00F08F8090ED79
:104FC000013ADBED000AD0ED001AD0ED024AE3EE23
:104FD000670A5F46ACF1040C0BF1100BE7EEE10A37
:104FE00030EEC75A65EE243AE1EEA37AA1EEA77A35
:104FF000F0EE672AE1EEA32AA7EC017AD0ED010AD0
:105000001BED036AD0ED005A90ED023AD7ED016A2C
:10501000A0EEE26AA1EEA77AA2EEE56A76EE477A02
:1050200067EE831AE5EEA12AA5EEA27AB0EE625AE7
:10503000A5EEA15A87ED007AD0ED014A90ED006A05
:10504000D0ED023A5BED010AE4EEC56A1CF10107FE
:10505000A5EEA27AE5EE466A76EEC72A22EEA33ADC
:10506000A6EE035AA6EE057AF0EE455AE6EE035A8E
:105070000BED027AD0ED017AD0ED006AD0ED021A84
:10508000E7EEE50AA6EE057AE5EEE60AB0EE656A19
:1050900030EEC75A65EE214AA6EEA46AF0EE463A13
:1050A000A6EE867AE6EEA43A0BED017AF0EE637A8C
:1050B000A6EE867A83D111E05FF36E3C0D6619008F
:1050C0000000802F640000208FC2753EB81E853E10
:1050D00009F9AC3F00000000DF4F8540C0ED037AC6
:1050E00080ED047A88469AED007AF8EC010A4FF0D8
:1050F000010B77EE202A5C1E5B45EAEC012A04F0E6
:10510000070240F2A080002A53D0012A45D0022A8B
:1051100039D0032A2DD0042A21D0052A15D0062AF9
:1051200009D09AED003AF8EC015A73EE257A4FF067
:10513000020BEAEC017ADAED006AF8EC011A36EEBD
:10514000A15A0BF1010BAAEC015ADAED004AB8ECB6
:10515000016A74EE863A0BF1010BEAEC013A9AED22
:10516000007AF8EC010A77EE202A0BF1010BEAEC49
:10517000012A9AED003AF8EC015A73EE257A0BF108
:10518000010BEAEC017ADAED006AF8EC011A36EE6E
:10519000A15A0BF1010BAAEC015ADAED004AB8EC66
:1051A000016A0BF1010B74EE863A5B45EAEC013AB9
:1051B00049D94646F6EC010A9AED007A77EE202AA4
:1051C0005546E5EC012AD8ED015A9AED013AD5EDA4
:1051D000011A73EE257A0BF1080BC5ED007AD6EDB6
:1051E000014A9AED035ADAED043A9AED056ADAEDCE
:1051F000066ADAED070A31EEA47A0AF1200A0AED0E
:10520000067AD8ED032A35EE223A5B450AED053AD7
:10521000D8ED045A73EEA51A08F120084AED041AD5
:1052200058ED037A76EE274A4AED034A18ED025A02
:1052300076EE853A4AED023A18ED016A70EE866A1A
:105240004AED016AB5D81FED607AB4EEC71AF1EEE7
:1052500010FA76D45FED630AB4EEE01AF1EE10FABC
:10526000C5BF71EE600A1FED667A5FED660A60EEFB
:10527000870A1430B0EE441AF0EE421A4A4602B0E1
:10528000BDE8F00FFFF708BBC56D002D7FF4E8AC5B
:1052900001EB8307B9423FF4EEAD0A464FF0000B35
:1052A00042F804BBC1EB070CACF104049742C4F311
:1052B00082063FF4E0AD36B3012E1ED0022E19D087
:1052C000032E13D0042E0DD0052E07D0062E1CBFA2
:1052D000002642F8046B002542F8045B4FF00008FA
:1052E00042F8048B4FF0000B42F804BB4FF0000C67
:1052F00042F804CB002442F8044B002642F8046B29
:1053000097423FF4B8AD9046002548F8045B203240
:1053100042F81C5CC8F8045042F8145C42F8105C77
:1053200042F80C5C42F8085C42F8045C9742EAD10F
:10533000A1E5D0ED032A90ED046ACCF800405D1E93
:10534000A1E531EE471A5FED9C0A61EE200A90E775
:10535000C44698462B4610E5D0ED032A90ED046A2A
:10536000C0ED032A80ED046A6DE78B4632E500BF8D
:1053700070B400F1400500F16C04611B00F1440CB5
:1053800000222A4B436000260D1F64454661C5F389
:10539000820302608260C26002618261C261026255
:1053A00042628262C262026342638263C2630264D7
:1053B00039D01BB3012B1CD0022B17D0032B12D0DA
:1053C000042B0DD0052B08D0062B1CBFCCF80020D9
:1053D00000F1480C00204CF8040B00224CF8042B80
:1053E00000214CF8041B00264CF8046B00254CF8F7
:1053F000045B00234CF8043B644514D06246002053
:1054000042F8040B0CF1200C4CF81C0C50604CF8CA
:10541000140C4CF8100C4CF80C0C4CF8080C4CF814
:10542000040C6445EAD170BC704700BFCDCC4C3C45
:10543000F0B4D0ED017A2DED108BDFED95EA37EE6B
:10544000EE1AE1EE00EA6EEEA00AF5EEC00AF1EE09
:1054500010FA00F11981F6EE00FAF4EE6F0AF1EE9F
:1054600010FAD8BFF0EE60FA90ED047A5C1E002BC3
:1054700000F00481DFF834C2DCF80070D3E05B1B7D
:10548000844E4361F35690ED036A05EE103ABAEE8E
:10549000EC5A66EE454AB6EE008A63EE088AF7EEED
:1054A000005A23EE28AA35EEC39AAAEE247A456163
:1054B000FEEE009A69EE29AAB0EE47BA69EE2ABA62
:1054C0009FED757AABEEA47A744E754B90ED02CADF
:1054D00006FB07F73B44B3F5803FB8BFB1EE4CCABB
:1054E000B5F5207F0BDA6B4ED0ED03CA77570DEE82
:1054F000107ABAEEECDA2035ADEE2C7A45617BEE0F
:105500000CDAB7EE08EA6DEE8EEA90ED0FFAD0ED08
:10551000197A90ED0E6AD0ED18DA90ED0DDA90ED73
:1055200017CAD0ED0CBAD0ED16AA90ED0BAA90EDEB
:10553000159AD0ED0A8A90ED140AD0ED090AD0ED43
:10554000131A90ED082A90ED123AD0ED073AD0EDFB
:10555000114A90ED065AD0ED105AB0EE6E1AAFEE29
:10556000671AF8EE006AB0EE41EAA6EE6DEAF0EED8
:105570004ECAEDEE4CCAB0EE6CBAABEEEABAF0EE43
:105580004B9AEAEE499AB0EE698AA8EEC08AF0EE2C
:10559000487AE0EEE17AF0EE672AE2EE432AB0EED6
:1055A000624AA3EEE44AB0EE44FAA5EE65FAB4EE20
:1055B000E6FAF1EE10FA08D4F0EE006AB4EE66FAFC
:1055C000F1EE10FAD8BFF0EE4F6AE6EE0EDA013CCB
:1055D000651CADEE2CCAEBEE8BAAAAEE299AA8EEBA
:1055E000880AE0EEA71AA2EE223AE3EE844AE5EE3C
:1055F000265AC0ED19DA80ED18CAC0ED17AA80ED61
:10560000169A80ED150AC0ED141A80ED133AC0ED1C
:10561000124AC0ED115AC0ED106AE1EC01EAE2EC69
:10562000016A29D01F4690ED000A7FEE801AF7EE3E
:10563000006AF4EEE61AF1EE10FAC0ED001A15DB7E
:1056400031EEE62ADFED172A436980ED002A82EE6B
:105650002F3AB3F5207F63EE223ABDEEE34A14EE13
:10566000105AFFF60CAFDFED104A14E7B0EE47BA60
:1056700045699FED097A27E7CCF80030BDEC108B27
:1056800080ED047AF0BC7047DFED03FAECE600BF72
:10569000CDCC4C3C70C20208000000000D66190021
:1056A0005FF36E3C000000420000008064000020B8
:1056B00010B44B78002B40F027815478D0ED010ACC
:1056C000002C40F02D8190ED012A72EE602AB2F993
:1056D00002C0B2F90430B1F902409FED963ADFED15
:1056E000966A9FED967ADFED967AE2EE800A05EEF5
:1056F00090CAB1F904C0C0ED010A06EE103A0B7869
:1057000004EE904A147804EE103A00EE904AF8EE57
:10571000441A4C785378F8EE603A21EE832A23EE4F
:10572000834A002C14BFB0EE663AB0EE423A002B2A
:10573000B8EEE51A14BFF0EE665AF0EE445A75EE74
:10574000C32A05EE10CAA2EE803AB8EEC66A80ED12
:10575000023AF8EEE44A66EE070AB8EEC55A21EEC0
:10576000071A4C785378A4EEC71A002CE5EE470AC6
:1057700008BFB0EE662A002B18BFF0EE446A60EE58
:10578000011A60EE203A76EEC26AE4EE871AA6EEBF
:10579000802AE5EE073A80ED032AC0ED061AC0ED37
:1057A000073A92F9064091F906C007EE104A02EE58
:1057B00010CAB8EEC74AB8EEC23A64EE275AE3EE12
:1057C000675A60EE252AE3EE272AC0ED082A92F9EF
:1057D000073091F9074006EE103A01EE104AF8EE54
:1057E000C64AF8EEC10A24EEA75AA0EEE75A60EEC8
:1057F000056AE0EEA76AC0ED096A92F908C091F95E
:10580000083001EE90CA03EE903AB8EEE17AB8EEB5
:10581000E32A27EE274AA2EE674A20EE043AA2EED8
:10582000273A80ED0A3A92F9094091F909C005EE4C
:10583000904A02EE90CAB8EEE56AB8EEE21A66EE59
:10584000274AE1EE674A60EE240AE1EE270AC0ED3E
:105850000B0A92F90A3091F90A4005EE103A06EE69
:10586000904AF8EEC51AF8EEE63A21EEA77AA3EED2
:10587000E77A20EE072AA3EEA72A80ED0C2A92F9F8
:105880000BC091F90B3004EE10CA03EE103AF8EE9B
:10589000C45AF8EEC32A25EEA76AA2EEE76A20EE04
:1058A000061AA2EEA71A80ED0D1A92F90C4091F992
:1058B0000CC004EE904A00EE90CAB8EEE45AF8EE3E
:1058C000E06A65EE271AE6EEE71A60EE213AE6EEA8
:1058D000A73AC0ED0E3A92F90D2091F90D105DF83E
:1058E000044B07EE102A02EE101AB8EEC74AB8EEC3
:1058F000C23A64EE275AE3EE675A20EE250AA3EE79
:10590000270A80ED0F0A704707EE103A5478F8EE38
:10591000477AB7EE004AC4EE270A002C3FF4D3AE14
:1059200001EE104AF8EE411AF7EE003A83EEA12A92
:10593000CBE600BF0000803B000000000000003804
:105940000000003C70B442609A680160B2F5605F8C
:1059500063D31968A2F5605201F560549A601C6027
:105960007F2A816150D919680025803A01F18004AD
:105970004FF0FF369A601C6041618660C56005612A
:105980008C4600204CF8040B611A0B1F6445C3F3CE
:10599000820237D00AB3012A1AD0022A15D0032A6C
:1059A00010D0042A0BD0052A06D0062A18BF4CF8BE
:1059B000040B00264CF8046B00254CF8045B002017
:1059C0004CF8040B00214CF8041B00234CF8043B5A
:1059D00000224CF8042B644514D06646002546F896
:1059E000045B0CF1200C4CF81C5C75604CF8145CEA
:1059F0004CF8105C4CF80C5C4CF8085C4CF8045CFF
:105A00006445EAD170BC704700214FF0FF3341611B
:105A1000C160016183608024B2E70021A0E700BF7C
:105A2000436900214FF0FF3210B4826003F180041B
:105A3000C16001611846002240F8042B203343F86E
:105A40001C2C426043F8142C43F8102C43F80C2C07
:105A500043F8082C43F8042C9C42EBD15DF8044B2E
:105A6000704700BF2DE9F00F88B007910021079C17
:105A700001910A460291039104910591069189468C
:105A800088468B468A468C4698E02678371147EA46
:105A90000615EEB206F0CC039F1006F0330547EA78
:105AA000850606F0AA0306F0550591405F1047EA07
:105AB00045038EB243EA06010134C2F1040302F148
:105AC000080501FA03F2C2F30727D1B22A1F002FFB
:105AD00054D00F2F00F02C823E4E002AF75D76DC6A
:105AE00023781E1146EA03135FFA83FC0CF0CC0600
:105AF000B3100CF0330C43EA8C0303F0AA06914078
:105B00004FEA660C03F055038AB24CEA430646EAB4
:105B100002010134C5F1050C2A1D531E01FA0CF1D6
:105B2000052BC1F30725C9B24EDC26784FEA261CA7
:105B30004CEA06165FFA86FC0CF0CC06B6100CF0A8
:105B4000330C46EA8C0606F0AA0C01FA03F306F0C1
:105B500055064FEA6C019BB241EA460119430134F4
:105B6000C2F1070CD31D01FA0CFC1B4ACCF307262B
:105B70005FFA8CF112F806C09A1F7DB3C36885697D
:105B8000C3EBC3060133C36005EB460305F816708B
:105B9000069F059D049E1F725D729E72039F029D6B
:105BA000019E83F801C0A3F802A0A3F804B083F813
:105BB000068083F80790DF721D735E73032A7FF7F8
:105BC00064AF154604237CE74FF0060CCBE74FF09B
:105BD000010CA2E738B3030848B20308042A00F313
:105BE000A48194F800904FEA291545EA091A5FFA52
:105BF0008AFB0BF0CC064FEAA6080BF0330548EA07
:105C0000850909F0AA0A91404FEA6A0B09F0550686
:105C10008AB24BEA460545EA02010134C3F10B089A
:105C20009A1C01FA08F8C8F30729CE4B551F042D1A
:105C30005FFA88F133F819A000F3758194F800B089
:105C40004FEA2B1343EA0B185FFA88F909F0CC06E8
:105C500009F033034FEAA60B4BEA830808F0AA09C0
:105C600001FA05F508F055064FEA6901ABB241EAC1
:105C7000460545EA03010134C2F10A06D51C01FAC2
:105C800006F2C2F30721B84E6B1F032B5FFA82F8AE
:105C900036F811B000F3458194F800904FEA2911CD
:105CA00041EA0916F2B202F0CC094FEAA90102F06A
:105CB000330641EA860202F0AA0108FA03F302F071
:105CC00055064FEA61089AB248EA460141EA0208DD
:105CD0000134C5F10902EB1C08FA02F9C9F30728DF
:105CE000A24E1D1F032D5FFA89F216F8088000F3FB
:105CF000168194F800904FEA291646EA09115FFAD6
:105D000081F909F0CC0609F03301B61046EA8106A4
:105D100006F0AA0102FA05F506F055094A10AEB2DE
:105D200042EA490141EA06020134C3F108011D1D9E
:105D30008A40C2F307238E4ED1B216F803902A1F71
:105D4000BCF1000F3FF41AAF032A00F3FE80237862
:105D50001E1146EA0313DEB206F0CC039B1006F0D8
:105D6000330643EA860303F0AA0601FA02F276102C
:105D700003F0550193B246EA410242EA03010134BD
:105D8000C5F108032A1D9940C1F30723794E151F59
:105D9000F35C0693032DC9B200F3E18023781E1152
:105DA00046EA0313DEB206F0CC039B1006F033067E
:105DB00043EA860303F0AA0601FA05F503F055034A
:105DC0007110AEB241EA430545EA06010134C2F161
:105DD0000806151D01FA06F2C2F3072666492B1FB5
:105DE0008E5D0596032BD2B200F3B78021780E1199
:105DF00046EA0111CEB206F0CC01891006F0330656
:105E000041EA860101F0AA0602FA03F301F0550106
:105E100072109EB242EA410343EA06020134C5F120
:105E200008012B1D02FA01F1C1F30725534E1A1F79
:105E3000755D0495022AC9B200F38D8025782E1174
:105E400046EA0515EEB206F0CC05AD1006F03306B5
:105E500045EA860505F0AA0601FA02F205F05505A5
:105E6000711096B241EA450242EA06010134C3F1DB
:105E700007061A1DB140C1F30725414ED31E755DBB
:105E80000395022BC9B264DC25782E1146EA05156C
:105E9000EEB206F0CC05AD1006F0330645EA8605F5
:105EA00005F0AA0601FA03F305F0550571109EB23C
:105EB00041EA450343EA06010134C2F10606531DD7
:105EC000B140C1F307252F4EDA1E755D0295022AF7
:105ED000C9B23CDC25782E1146EA0515EEB206F073
:105EE000CC05AD1006F0330645EA860505F0AA0696
:105EF00001FA02F205F05505711096B241EA450229
:105F000042EA06010134C3F106065A1DB140C1F34D
:105F100007231D4DEE5C0196033AC9B22EE604211B
:105F200006E70422D8E60526A9E64FF0050878E63C
:105F30002AB1002ADCBF08320134013AF9D10798AE
:105F4000201A08B0BDE8F00F704704231BE70326B2
:105F5000DCE70326B4E703268CE7042162E7042686
:105F600038E700BF98B20308F8B2030858B3030833
:105F700088B20308E8B2030848B3030868B303080B
:105F8000E0B20308D8B2030840B20308F8B583684A
:105F90008B4204460F4626D04068814223DA2668A9
:105FA00006EBC10100224D6856F83760E2602261BD
:105FB000DDB1134600E0E2686169204641F8232024
:105FC0003146FFF74FFD22692D1A02F10103064405
:105FD0002361F0D1E5684FEA830C6669012046F839
:105FE0000C50A760F8BD0020F8BDAC46F5E700BF37
:105FF000F0B4C0F89010011D002200F10C0600F171
:10600000140500274FF0FF33C0F88C700260C0F811
:106010008430C0F88830AC1B41F8042B00F1100C20
:10602000261F65450A60C6F382071146C2603AD052
:106030001FB3012F1CD0022F17D0032F12D0042F13
:106040000DD0052F08D0062F1CBFCCF8002000F182
:10605000140C00224CF8042B00244CF8044B0021B3
:106060004CF8041B00234CF8043B00264CF8046B4E
:1060700000214CF8041B654515D06246002742F804
:10608000047B0CF1200C4CF81C7C57604CF8147C01
:106090004CF8107C4CF80C7C4CF8087C4CF8047CD8
:1060A00065453946E9D14161F0BC1830FFF760B968
:1060B000F6EE004A32EE643A9FEDC47ADFEDC47A20
:1060C0009FEDC45ADFEDC45A9FEDC46ADFEDC46A88
:1060D000E3EE077A2DE9F04FFDEEE73A2DED088B60
:1060E000B8EEE34ABF4DC04E37EEC48A044628EEF0
:1060F000059A13EE900AFDEEC9AA89461AEE90AAF7
:1061000006EB800105EB8A0CD1ED008A9CED00BA0C
:1061100068EE8BBAB0EE60BA6BEEA54A87B0C4EEFB
:10612000860A18AF97E880099A46B4EEE62AF1EE9F
:10613000089AB3EE08AAF1EE10FAB0EE618AF0EE1A
:10614000628AC0EE20AACBEEA99A21EE4A1A40F14B
:10615000EA8072EE662A9FEDA53A62EE831A31EE6E
:10616000217ADFED9B7A9FED9B5A77EE275ABAF1A1
:10617000FF3FFDEEE56AB8EEE66A16EE903A75EE80
:10618000C63A06EB830623EE854A96ED009ABDEEED
:10619000C4AA1AEE100A05EB8005D5ED00BA00F08E
:1061A000BA81D4F8900001925146FFF7EFFE019AB0
:1061B00028B14FF0FF31C4F88410C4F88810D4F827
:1061C0009030D8689969002A40F0BD80D4F88C30AE
:1061D000D4F88420551C00F05A81002B00F05B811C
:1061E0005B4534BF1D465D465B1BC4F88C3094EDA7
:1061F000058A01EE90BA78EEC88AF8EE612A04F1B9
:10620000140588EEA2AABBF1000F00F0858004F10E
:106210000C06A81B4FEAA0094FEA890AB9F1000F42
:1062200004D002A83146524602F0C4F933464FF07A
:10623000000C43F804CBA91B0A1F9D42C2F3820045
:106240003BD030B301281ED0022819D0032814D027
:1062500004280FD0052809D0062818BF04334FF0B2
:10626000000118BFC6F804C043F8041B4FF0000C2F
:1062700043F804CB002243F8042B002043F8040B1E
:10628000002143F8041B4FF0000C43F804CB9D425F
:1062900013D01846002240F8042B203343F81C2C5E
:1062A000426043F8142C43F8102C43F80C2C43F8AC
:1062B000082C43F8042C9D42EBD194ED003A39EEC2
:1062C000837AF7EE00BAB4EEEB7AF1EE10FA84EDD1
:1062D000007A80F295809DED020ADDED031A94EDBF
:1062E000039A94ED045AD4ED010A94ED022A38EE93
:1062F0000A8A39EE201A68EE003A68EE217A35EE05
:10630000024ABBF1010B84ED031A84ED044AE7EC69
:10631000013AE8EC017A81D184ED058A07B0BDEC41
:10632000088BBDE8F08FDFED321AB4EEE12AF1EE12
:1063300010FAC5BF72EE611ADFED2C6ADFED2E1A7E
:1063400061EEA61A0BE71E69002E00F0DB8003EE5B
:10635000106AB8EEC37A5D6968EE077ABDEEE75A57
:1063600015EE10EA7645D8BF06F1FF3E05EB8E0C20
:1063700055F82E20C4F88420DCF804305E1EC4F8E2
:1063800088600025561CC4F88C5040F084800AEECA
:10639000100ADFED184AF8EECABA04F118007BEED5
:1063A000E40A20EE882ABDEEC21A11EE102AC2EBD2
:1063B000C2064FEA4609B8EEC10A09F10E020A44C4
:1063C00032EE400A4944FFF773F910E7000010422B
:1063D00000000043000080430000C84257003B47D4
:1063E000CDCCCC3E28E9030824E50308000034C2E4
:1063F0009A99193F4703803F00000000000096442F
:1064000077EE6B7A204687EEA99A04A905AA17EEC3
:10641000903AB0EE4B0A40F8183BF0EE6A0A0123BE
:10642000FFF706F87BEEC90ABEEE005A94ED011A9A
:10643000D4ED025ADDED043A9DED054A94ED036A70
:10644000D4ED046A9DED020ADDED031A20EE852AE3
:1064500033EEC13A60EE828A34EE657AF6EE004A97
:1064600069EE242A0DF1100CA3EE286ABCE80300A3
:10647000E7EE286A6060A16069EE22BA84ED036AE3
:10648000A3EE2B0AE7EE2B1AC4ED046A27E7002BD4
:106490007FF4A6AE7BE708EE102AF8EEC85A04F1A6
:1064A0001800FDEEE56A1FED2C0A16EE902AC2EBED
:1064B000C20E4FEA4E0C0CF10E020A446144FFF783
:1064C000F7F829EE2B6A5FED333AD4F88400D4F85C
:1064D000881026EE239A461CBCEEC94A8E4214EE62
:1064E000103AC4F8846084ED234AFFF679AEBAF11D
:1064F000FF3F0ED0B9F1000F18BF4FF0FF31C4F8C5
:1065000084106DE64FF0FF32C4F88820C4F8842070
:1065100037E75146F3E732B9D4F88C30D4F8842009
:106520001549052056E6F0EE084AF0EE480AE2EE7C
:10653000240A124E1049B0EE602AB1EE0C1AA0EEF9
:10654000012A0520B2EE000A62EE001AFDEEE12AF1
:1065500012EE90EA86FB0E2C4FEAEE75C5EBAC030B
:1065600003EB8302AEEB42063218B51DC4F884205B
:10657000C4F8885005E700BF78B30308676666660D
:106580002DE9F007214D224C2249234ADFF88C9057
:10659000456100234FF07C554FF07E5A01270026BD
:1065A0004FF08048DFF878C0C0F808A00774066292
:1065B0000560856144628463C46404664467436023
:1065C000C360C3614363036383644364C3658365DA
:1065D0000367C366C0F884308162C16301654166A8
:1065E0008167C262026442658266C267C0F88890B1
:1065F000C0F88C80C0F88030C0F89830C0F8943073
:10660000C0F890C0BDE8F007704700BF6F12833A32
:1066100022BA003D0AD7233CCAAA7F3F8CAF563D21
:10662000C122673F2DE9F00FDDF8208021BB026A0F
:10663000DDF824B05A4538BF9346CBEB020BC0F8C7
:1066400020B0BBF1000F03D0F6EE007A20EE270A4F
:10665000DFED861AB4EEE10AF1EE10FA0FD4B5EED2
:10666000002AB4EEC20AF1EE10FA40F3D184B0EE83
:10667000420AB6EE004A06E04FF41662D8E79FEDF4
:106680007C4AB0EE610AF6EE004AB4EEE44AF1EE5E
:1066900010FA58BFB0EE644A9DED095AD0ED056A74
:1066A000D0ED063A90ED016AF8EE455A30EE660AF2
:1066B00034EE637A15EE101A80EE252A01F1FF3CC4
:1066C00087EE253A002900F0D9841CF0010F6746B7
:1066D0001D4690ED037A00F0AB8076EE826A90ED75
:1066E000004A76EE847AB7EE005AF4EEC57AF1EEFF
:1066F00010FA73EE833AC0F29D8477EEC57AFEEE0F
:10670000002AC7EEA64AB6EE000A35EE645ADFED5F
:10671000591AC0ED007A65EE225A24EE804AE5EE61
:10672000651AF0EE465AE4EEC45A1D4637EE656A25
:1067300090ED027A76EE472AF5EE004AA2EEA47AB0
:106740000CF1FF37B1EE000A27EE005A80ED027A15
:1067500031EEA76AA5EC015AB0EE657AC0ED035A96
:1067600066E077EEE27A87EEA64AC0ED007A72EE36
:10677000C44A64EE211A24EE805AA4EE616AE4EE63
:10678000C55A7C1E37EE460A90ED027A9FED395AC3
:1067900070EE472AB5EE004AA2EE847AB1EE000A06
:1067A00027EE004A80ED027AF7EE004AA5EC014A96
:1067B000F6EE001AFEEE002A75EEA77A80ED036A67
:1067C000002F5BD076EE826A90ED000A36EE807A7A
:1067D00073EE833AB4EEE47AF1EE10FA40DB37EE72
:1067E000647AC7EE265A80ED007A34EEE54A65EE0B
:1067F000A11A64EE222AE5EEE17AA4EE625A671E3F
:1068000090ED020A36EE676AF5EE004A76EE405ADF
:10681000B1EE004AA5EEA40A35EE076A60EE041A4E
:1068200080ED020AB0EE677AE5EC011AC0ED037A5A
:1068300076EE826AD0ED007ADFED0E5A76EEA77A18
:10684000F7EE002AF4EEE27AF1EE10FAF6EE001A14
:10685000BEEE000A73EE833A83DAC0ED007A90E769
:106860009FED045A80ED007AC9E700BFBD37863539
:10687000DEFF7F3F000000009EEF7F40C0ED063A44
:10688000C0ED056AC0ED017A90ED253A93ED002A3E
:1068900090ED236AD0ED226A90ED260AD0ED245ABD
:1068A000A6EE432A1F460CF003020CF1FF39A3EEBB
:1068B000662A72EE403A23EEA55AA6EE853AA6EE77
:1068C000830AB0EE437AA6EE857AA6EE830AA7EC99
:1068D000013ABCF1000F00F0E880002A66D0012ADE
:1068E00041D0022A1FD0D7ED004AD0ED231AD0EDB7
:1068F000222A90ED244AE1EEC74A09F1FF39B0EEB1
:10690000473AE7EE624A74EEC07A27EE842AA2EE96
:10691000823AA2EE830AB0EE437AA2EE827AA2EE27
:10692000830AA7EC013A97ED006AD0ED233AD0ED47
:10693000226AD0ED245AA3EEC76A09F1FF39F0EEBE
:10694000471AA7EE666A36EE405A65EE254AE6EE2D
:10695000A41AA6EEA10AB0EE617AA6EEA47AA6EE7B
:10696000A10AE7EC011AD7ED002A90ED234AD0EDF9
:10697000227A90ED242AE4EE472A09F1FF3919F131
:106980000104B0EE476AE7EE672A32EEC03A63EEE2
:10699000023AA7EEA36AA7EE860AB0EE467AA7EE01
:1069A000A37AA7EE860AA7EC016A7ED0D0ED235A1F
:1069B000D7ED006A90ED225AD0ED244AE5EEC76A81
:1069C000BA46A9F104091037E7EE456A19F1010545
:1069D00076EEC01A61EEA42AA5EE227AF0EE477A8E
:1069E000E5EE227AAAEC017A90ED233A17ED032A1C
:1069F000D0ED225A90ED244ADAED016AA5EE070A9D
:106A0000A3EE672AA5EE070AA7EEE52AB0EE675ABD
:106A100072EE403A23EE846AA5EE865AF0EE454ABD
:106A2000E5EE864A8AED005AD0ED231AD0ED222AEF
:106A3000D0ED247A17ED017AA5EE850AE1EEE46A3D
:106A4000A5EE850AE4EEE26AF0EE645A36EEC02A5C
:106A500022EE273AE2EE835AF0EE653AE2EE833A0E
:106A600047ED025A90ED234AD0ED226A90ED246A58
:106A7000A2EEA50AA4EE637AA2EEA50AA3EEE67A38
:106A8000F0EE632A37EE405A65EE064AE6EEA42A97
:106A9000F0EE621AA6EEA20AE6EEA41AA6EEA20A8A
:106AA000B0EE617A47ED012A80D180ED257A80ED44
:106AB000260A93ED000A0999F1EE007A20EE277A72
:106AC0001E468C00A6EC017A1D19271FAE42C7F3A3
:106AD00082027BD0002A43D0012A37D0022A2DD04F
:106AE000032A23D0042A19D0052A0FD0062A05D05C
:106AF00096ED002A22EE273AA6EC013AD6ED005A8E
:106B0000F1EE003A25EEA34AA6EC014AD6ED006A62
:106B1000B1EE006A26EE865AA6EC015AD6ED004A7E
:106B2000F1EE002A64EEA21AE6EC011A96ED000AD4
:106B3000F1EE007A20EE277AA6EC017A96ED002A93
:106B4000B1EE003A62EE035AE6EC015AD6ED003A95
:106B5000B1EE004A63EE846AE6EC016AAE4235D0DB
:106B600096ED006AF1EE002A26EE225AB146A9EC13
:106B7000015AD6ED011AD9ED014A21EEA20A64EEBE
:106B8000A27A89ED000A96ED032A96ED043AD6ED35
:106B9000053A96ED067A96ED074AC6ED027A62EE60
:106BA000225A23EE226A63EEA26A27EE225AC6ED2B
:106BB000035A86ED046AC6ED056A86ED065A64EE50
:106BC000222A2036AE4246ED012AC9D15FEDD61AFF
:106BD00060EEA10A21EE211AFDEEE06AFDEEC14A47
:106BE000B8EEE60AF8EEE47A4444A04570EEC02A16
:106BF00014EE906A31EE670A46D04246002742F80A
:106C0000047BC8EB040AAAF104019442C1F3820593
:106C10003AD01DB3012D1CD0022D17D0032D12D058
:106C2000042D0CD0052D06D0062D18BF42F8047B8C
:106C3000002742F8047B4FF0000942F8049B4FF014
:106C4000000A42F804AB002142F8041B002542F878
:106C5000045B002742F8047B944215D092464FF023
:106C600000094AF8049B203242F81C9CCAF80490A0
:106C700042F8149C42F8109C42F80C9C42F8089C84
:106C800042F8049C9442E9D116EE902A06EB86065F
:106C900074003221EB4F01FB024500F13402002069
:106CA00099462F44034697F801A0FE7A97F833409F
:106CB00097F83D503878B97ADFEDE35A9FEDE33A23
:106CC000CAEB060602EE106A03EE90AA97F832604D
:106CD00097F83CA02D1B07EE105A091AC6EB0A05BF
:106CE000B8EEE35A04EE101A01EE900A04EE905A40
:106CF00003EE906AB8EEC26AF8EEC70A06EE904A52
:106D0000B8EEC44AF8EEE17AB8EEE42AB8EEE37AD7
:106D1000E4EE007AB8EEE61AA2EE007AA6EE005A89
:106D2000A0EE801A77EE670A31EE456AE0EEA27AAD
:106D3000A6EE225AF4EEE57AF1EE10FA25EE033AC9
:106D400080F26381DFEDC25A9FEDC25A9FEDC21AF5
:106D500077EEE56A36EE854AFDEEC41AF8EEE17A82
:106D600011EE901A74EE674A24EE812AFDEEC23AC3
:106D700013EE900AB94CBA4DDFEDBA0A04EB810666
:106D800005EB800A96ED006A9AED007A66EE075AE6
:106D900025EEA01ABBF1000F02D0002B00F083817A
:106DA0009FEDB14ADFEDB11ADFEDB14A099852ED1E
:106DB000016A42ED034A61EE047AB7EE002AE1EE81
:106DC000271AF0EE423A21EE217AD2ED000A02EDC6
:106DD000047AE7EE243AE7EE073AC2EE235A42ED90
:106DE000025A002800F002811CF00306CA46414600
:106DF000644600F0DA80CA46BAEC016A98ED005A9F
:106E0000B1EE661AA1EE246A4146012E0CF1FF3460
:106E1000A1EE076A76EE604A64EEA55AE5EE876A4F
:106E2000A3EE265AE6EE870AA1EC015AE6EE870A9F
:106E300052ED034AE5EE876A12ED047A52ED025AEA
:106E400000F0B380022E22D0D9ED011A98ED014A4C
:106E5000F1EE667AE7EEA41A0AF1040A013CE7EEC5
:106E6000871A31EEE02A62EE253AE3EE876AA3EE56
:106E7000264AE6EE870AA1EC014AE6EE870A52EDC1
:106E8000034A52ED025AE3EE876A12ED047ABAEC35
:106E9000016A91ED005AB1EE661AA1EE246A013C36
:106EA000A1EE076A76EE604A64EEA55AE5EE876ABF
:106EB000A3EE265AE6EE870AA1EC015AE6EE870A0F
:106EC00052ED034AE5EE876A12ED047A52ED025A5A
:106ED0006BE012ED031ADAED014A12ED046A52ED8D
:106EE000021AD1ED015AD5ED017AE5EE014A1031D1
:106EF000043C0AF1100AE5EE064A34EEE07A27EE89
:106F0000214AE4EE066AE3EE265AB0EE665AA4EE93
:106F1000065AC5ED005A52ED033A90ED011A52EDB2
:106F2000044A52ED021A51ED015AB1EE452AE6EE3D
:106F3000860AA2EE231AE6EE860AA2EE241A71EE63
:106F4000606A26EEA16AA6EE245AE3EE057AF0EE18
:106F5000456AE6EE246A41ED027A1AED014A52EDE5
:106F6000037A12ED047A12ED021AF1EE663AE5EEBA
:106F7000240AA3EEA74AE5EE240AA3EE874A34EEDC
:106F8000605A65EE014AE4EE876AE3EE265AE6EEC1
:106F9000870A41ED015AE6EE870A52ED025AE4EE05
:106FA000876A52ED034A12ED047A5046F0EC011A5A
:106FB00091ED004AF1EE667AE7EEA41A0D46E7EE8F
:106FC000871A31EEE02A62EE253AE3EE876AE6EEB2
:106FD000870AA3EE264AE6EE870AE3EE876AA5EC67
:106FE000014AB1EE665A002C7FF473AF013310EE04
:106FF000906A052B42ED016A07F1020742F8146B13
:107000007FF451AEBDE8F00F70470020FF21B1E6DC
:10701000B0EEC03A33EE034AF6EE002AB4EEE24A8E
:10702000F1EE10FA3FF738ABF7EE003A33EEC44A10
:10703000FFF729BBF0EE465ADFED0E1AC0ED007ADD
:10704000FFF773BB7CDF0308000020430000803B98
:1070500000000442000000430000804324E50308D0
:1070600028E903085196963AD7573941DB0F494032
:10707000CDCC4C3D000000009EEF7F401FED026A2A
:1070800060EE860A21EE061AFDEEE06AFDEEC17A98
:10709000F8EEE61AF8EEE73A17EE906A70EEE12A9B
:1070A00031EE630AF0E5B6EE005A21EE051A77E6F6
:1070B00030B400230022036043608360C360026138
:1070C00042618261C261036230BC7047B0EE047AF3
:1070D000F7EE007AE0EE877AF0B4FDEEC05AB2EE39
:1070E000006A27EE861ADFED476ADFED470A474D53
:1070F000474B15EE906A61EE261A701C81EEA02AAD
:1071000000EB400706EB46044FEA470C600015F819
:107110000C602F5CAC44284402EE906A03EE107AB7
:10712000F8EEE53AB8EE624AF8EE434A30EE630A0A
:1071300034EE645AE5EE004A24EE827AFCEEC77A19
:10714000C1ED007A44789CF8015003EB840603EB10
:107150008507D6ED000AD7ED006A36EEE06AE6EE66
:10716000000AC2ED000A84789CF8025001EE104A31
:1071700001EE905AF8EE415AF8EE612A32EEE53A05
:10718000E3EE005A65EE823ABCEEE34A81ED014A35
:10719000C6789CF8037003EB860403EB8705D4EDF7
:1071A000004A95ED005A35EE647AE7EE004AC2EDEA
:1071B000014A06799CF8047007EE906A00EE907A16
:1071C000B8EE676AF8EE606AF0BC36EEC61AA1EE59
:1071D000006A26EE022AFCEEC21AC1ED021A4179BB
:1071E0009CF805C003EB810003EB8C03D0ED005A43
:1071F000D3ED002A32EEE53AE3EE005AC2ED025A30
:10720000704700BF0000804F00803B47B8E0030894
:1072100078E003082DE9F0432DED028BDFED8C7A49
:1072200087B0B4EE670AF1EE10FA109D044690465E
:107230009946ACBFB0EE678AB0EE408A002940F0B4
:10724000D880C769AF4234BF3B462B46FA1AE26189
:10725000002A00F0C980D4ED080AF2EE025A30EE9E
:10726000A50AF0EE410A6946204603AAFFF72EFF61
:10727000D4ED016A94ED025A06EE105A38EE661A01
:10728000F8EE468A691EC1EE283A002D00F0A38070
:107290007048DDED000A9DED011ADDED021A9DED4D
:1072A000032ADDED042A9DED053A6CE037EE467ABF
:1072B000F8EE608AC7EE267AB8EE418A36EE676A43
:1072C000B8EE610A68EEA78A28EE278A20EE270A20
:1072D00026EE044A67EEA44AFCEEE88ABCEEC88AB1
:1072E000BCEEC00AE6EE445AA7EEE45A18EE907AD5
:1072F00018EE106A10EE105A84ED007AC4ED048A7C
:1073000084ED058A84ED060AF3EE007A26EEA74A9C
:10731000F6EE004AD4ED038A9FED4F8AB7EE006A7D
:1073200035EE645AB4EE464A35EE680AF1EE10FACC
:10733000C8BFB0EE464AE4EE008AFA0D00EB8207C1
:10734000F60DC4ED038AA8EC010AD7ED007A94ED9E
:10735000004AA2EE278A00EB860CED0DDCED004A18
:10736000A2EEA48A00EB850E01399EED005AA3EE31
:10737000058A4B1C36EE446A35EE875A26EE087AAB
:10738000A9EC017A27D0D4ED007ADFED335A76EEFE
:10739000A36AB7EE006A36EEA77AF6EE004AB4EEBC
:1073A000C67AF1EE10FA84ED007ABEEE004ABFF61E
:1073B0007DAF27696669A569DFED275A10EE90CA8F
:1073C00011EE10EA11EE903A674476441D442761AD
:1073D0006661A56198E784ED025AC4ED016A07B0C1
:1073E000BDEC028BBDE8F0839FED1C5A20EE850AB0
:1073F00037E7B0EE080AB0EE607AA8EE007A184BD4
:10740000B1EE0C2AF0EE471AE1EE021AF2EE002A73
:1074100021EEA23AFDEEC33A13EE902A02EA0306E9
:10742000002E08DB04EE106AF8EEC44A4FF416672B
:10743000C4ED084A06E7701E60F007014E1C04EE1A
:10744000106AF8EEC44A4FF41667C4ED084AF9E62C
:107450000000803DF0C40208000000002EFFFF4045
:1074600007000080437843FA01F2D30715D50129BC
:107470001FD026D3022913D1818801F1010C1FFAF4
:107480008CF3B3F5FA7F838002D3B0F80E210ABBE8
:1074900007212023417083707047032303707047D6
:1074A00083782BB90122A0F80C31C371837102706B
:1074B000704790F802C041700CF1FF31CBB283707D
:1074C000EFE790F802C00CF1FF31CBB202228370DB
:1074D0004270E6E705220270704700BF2DE9F84FC1
:1074E000037804460A46A3B1012B0FD1022924D008
:1074F000B0F80C5180796119471CCE79F8B232434B
:107500000828CA71A0710AD05400CC711846BDE891
:10751000F88FFFF7A7FF23781846BDE8F88F05F12D
:1075200001081FFA88F90025B9F5827FA4F80C91AB
:10753000A57105D04C44E571E8E703230370E5E746
:10754000374AE31D04F207154FF0FF309A4693F8CF
:1075500002901AF8011B93F803809AF800A093F8A0
:1075600004C05F799E7980EA010B5FFA8BF10833E2
:1075700052F821B013F8011C8BEA102080EA0A0AA5
:107580005FFA8AFBAB4252F82BA08AEA102080EA0D
:1075900009095FFA89FB52F82BA08AEA102080EAD9
:1075A00008085FFA88F952F829B08BEA102A8AEAAB
:1075B0000C00C0B252F820C08CEA1A2888EA0707EB
:1075C000F8B252F8207087EA182989EA0606F0B264
:1075D00052F8207087EA192686EA0101C8B252F8EB
:1075E000207087EA1620B1D194F8085194F807B1B9
:1075F00094F80A3194F80961B4F80E21290441EA9B
:107600000B6747EA03056FEA000A45EA0620504582
:1076100014BF04230223561C2370A4F80E6175E7DF
:1076200024E10308704700BF02480349034A00F001
:1076300085BF00BF246800202576020800000020D6
:107640003D4A3E4BD2F8881041F47000C2F88800E1
:107650001A6842F001011960586800F47F025A600C
:10766000196821F0847020F480321A60196821F4BE
:10767000802018605A6822F4FE015960D86A20F010
:107680000F02DA62196B82B021F0F02020F0730152
:10769000002219639A6000920192186840F48031C8
:1076A000196003E00098B0F5A06F0AD0234B1A6868
:1076B00002F40030019000994B1C0093019A002ABB
:1076C000F0D01E490B6813F4003218BF012201925A
:1076D0000198012805D018494FF000638B6002B073
:1076E0007047174A154B12211160586858605A6844
:1076F0005A60596841F4806058605A6822F47C11DD
:107700005960586840F4E8125A60196841F0807076
:1077100018600A4B1A689201FBD5596821F00300E2
:1077200058605A6842F002015960044B586800F0F2
:107730000C02082AF9D1CEE700ED00E0001002406B
:1077400000200240F0B445680F788C684E684A7893
:107750000C4B25F4807C4CEA07254560876826435E
:107760003B4046EA030444EA42028260097BC56A60
:107770004F1EFEB225F4700343EA0654C462F0BC07
:10778000704700BFFDF7F1FF836819B923F00101CD
:107790008160704743F0010282607047836843F064
:1077A00004018160704700BF836843F00801816075
:1077B000704700BF092970B421D9A1F10A0505EB72
:1077C000450C0724C56804FA0CF603FA0CFC25EAFC
:1077D000060343EA0C04062AC4601FD90C2A2DD9DB
:1077E0000D3A02EB8205C46A1F2606FA05FCA94081
:1077F00024EA0C0341EA0302C26270BC704701EB49
:1078000041040726056906FA04FC03FA04F425EA94
:107810000C0343EA0406062A0661DFD8561E06EB6F
:10782000860C446B1F2303FA0CF524EA050201FAC7
:107830000CF141EA0206466370BC7047D51F05EBA8
:107840008506046B4FF01F0C0CFA06F3B14024EAD6
:10785000030241EA0205056370BC7047836843F484
:10786000A0018160704700BF836819B923F480715B
:107870008160704743F48072826070478068C0F313
:10788000800070478068C0F3C000704703683349C8
:107890004FF6FE721A4088424FF000030260036008
:1078A00043608360C36044D02D4B984225D02D495E
:1078B000884230D02C4B984234D02C49884223D077
:1078C0002B4988423BD02B4B98420FD02A49884203
:1078D0003CD02A4B984210D0294988421BD0294BD2
:1078E00098421FD0284988420ED0704753F87C1C1C
:1078F00041F0706043F87C0C704753F8181C41F05D
:10790000F00243F8182C704751F8540C40F47023DF
:1079100041F8543C704751F82C0C40F4706341F826
:107920002C3C704753F8401C41F4704243F8402C03
:1079300070471648436843F00F014160704751F8A3
:10794000683C43F4700241F8682C704751F8040C0D
:1079500040F00F0241F8042C704700BF08000240BD
:107960001C00024030000240440002405800024027
:107970006C00024080000240080402401C040240E7
:107980003004024044040240580402400000024017
:107990002DE9F00FD1F808A0D1F820B0D1F810905F
:1079A000D1F81480D1F818C0CF694E6A05688C6A86
:1079B0008A890B6849684BEA0A0B4BEA090A4AEACA
:1079C000080949EA0C0848EA070C4CEA060725F4BE
:1079D000FF463C4326F0700544EA05070760426015
:1079E000BDE8F00F8360C160704700BF31B9026825
:1079F0004FF6FE7302EA030101607047026842F02D
:107A000001030360704700BF03681AB923EA01014C
:107A10000160704741EA030202607047044B1A6933
:107A2000120603D50349044859605860704700BFE7
:107A30000020024023016745AB89EFCD084BDA688F
:107A4000D1070BD4D868C20601D502207047D96887
:107A500011F0040F0CBF0420032070470120704771
:107A60000020024038B50446FFF7E8FF012872D134
:107A7000002C72D0FFF7E2FF013C012804F007035D
:107A800069D1002C69D0B3B3012B2DD0022B25D0A6
:107A9000032B1DD0042B15D0052B0DD0062B05D0A4
:107AA000FFF7CCFF012804F1FF3454D1FFF7C6FFE4
:107AB000012804F1FF344ED1FFF7C0FF012804F183
:107AC000FF3448D1FFF7BAFF012804F1FF3442D157
:107AD000FFF7B4FF012804F1FF343CD1FFF7AEFFFC
:107AE000012804F1FF3436D1FFF7A8FF012804F183
:107AF000FF3430D18CB3FFF7A1FF013C01282546AC
:107B000029D1FFF79BFF012804F1FF3423D1FFF7B0
:107B100095FF0128A5F102041DD1FFF78FFF012871
:107B2000A5F1030417D1FFF789FF0128A5F104048B
:107B300011D1FFF783FF0128A5F105040BD1FFF751
:107B40007DFF0128A5F1060405D1FFF777FF012885
:107B5000A5F10704CED004B138BD052038BD00BF63
:107B600038B505464FF43020FFF77CFF042800D0DD
:107B700038BD094C236943F0020020616561216929
:107B800041F0400222614FF43020FFF76BFF25697E
:107B900025F00203236138BD0020024070B582B099
:107BA000002305464FF430200C460193FFF75AFF9F
:107BB000042801D002B070BD114E3269A1B242F06A
:107BC000010030614FF430202980FFF74BFF04287B
:107BD00005D0356925F00103336102B070BDAA1CE0
:107BE000019201994FEA144CA1F800C04FF43020E3
:107BF000FFF738FF346924F001053561DAE700BF8B
:107C00000020024000232DE9F00F1A460C6823E003
:107C10000132012707FA02FC0CEA040BE34503F1E9
:107C2000020300F09E800126571C06FA07F909EAB4
:107C3000040CCC4503F102066BD00126971C06FA12
:107C400007FB0BEA040CDC4503F1040632D00332D7
:107C5000102A03F1060359D0012505FA02F707EAB5
:107C60000406BE42D4D191F804A00AF1FF35EFB268
:107C7000012F4FF0030505FA03FB40F298806FEAED
:107C80000B07066891F807903740076006680AFA04
:107C900003FA4AEA06050560C768032606FA03F8F0
:107CA00027EA0805C560C76809FA03F646EA07052A
:107CB000C560ADE70D7905F1FF3A5FFA8AF8B8F1D2
:107CC000010F40F2E5800327B7406FEA0708D0F8BC
:107CD00000C091F807A008EA0C08C0F80080D0F8AE
:107CE0000090B54045EA09070760C5680327B7401B
:107CF00025EA0705C560C7680AFA06F6033246EAB0
:107D00000705102AC56003F10603A5D1BDE8F00FF1
:107D100070470D7905F1FF3B5FFA8BFABAF1010F5D
:107D200040F28B800327B7406FEA0708D0F800C005
:107D300091F807A008EA0C08C0F80080D0F800907D
:107D4000B54045EA09070760C5680327B74025EA3B
:107D50000705C560C7680AFA06F646EA0705C56062
:107D60006BE791F804A00AF1FF36F5B2012D3FD977
:107D70004FF0030909FA03F86FEA0807066891F85B
:107D800007B03740076006680AFA03FA4AEA0605B0
:107D90000560C768032606FA03F827EA0805C560E8
:107DA000C7680BFA03F646EA0705C5603BE7D0F85B
:107DB00008904D7991F806806FEA0B0707EA090CE5
:107DC000C0F808C0D0F808B09D4045EA0B09C0F8DB
:107DD00008908588ADB225EA06068680858808FA6F
:107DE00002F848EA050C1FFA8CFBA0F804B048E73B
:107DF0000326D0F8089091F8068006FA03F5EF43C1
:107E000007EA090C4E79C0F808C0D0F8089006FAC5
:107E100003F545EA090CC0F808C08688B5B225EA22
:107E20000B0BA0F804B0858808FA02F848EA0509A7
:107E30001FFA89FCA0F804C0A0E74FF00309D0F8AE
:107E400008B091F805A009FA06F86FEA080808EAF0
:107E50000B0B91F80690C0F808B0D0F808B00AFAF9
:107E600006FA4AEA0B0BC0F808B0B0F804A01FFAF3
:107E70008AFB2BEA0C0CA0F804C0B0F804A009FAA5
:107E800007F747EA0A091FFA89FBA0F804B04DE793
:107E90004FF00309D0F808B091F805A009FA06F8E8
:107EA0006FEA080808EA0B0B91F80690C0F808B0D2
:107EB000D0F808B00AFA06FA4AEA0B0BC0F808B084
:107EC000B0F804A01FFA8AFB2BEA0C0CA0F804C03F
:107ED000B0F804A009FA07F747EA0A091FFA89FB74
:107EE000A0F804B0F3E600BF038A19420CBF0020DB
:107EF00001207047CB0800EB830001F0070110B4AC
:107F00004FEA810C046A0F2303FA0CF124EA0103FF
:107F10000362046A02FA0CF242EA040101625DF8AB
:107F2000044B7047014B1860704700BF00300040A1
:107F3000014B5860704700BF00300040024B4AF6CA
:107F4000AA221A60704700BF00300040024B4CF676
:107F5000CC421A60704700BF0030004021F0604101
:107F600021F07F02014B10439860704700ED00E064
:107F7000054B1A6819B922EA00001860704740EAF8
:107F800002011960704700BF00700040044B5A683E
:107F900022F4404159605A6810435860704700BF4E
:107FA00000100240044B5A6822F0784159605A6828
:107FB00010435860704700BF0010024069494B6889
:107FC00003F00C02042AF0B402D0082A00F09D80CD
:107FD000654A0260634B654C5968654F654EC1F355
:107FE000031514F805C022FA0CF141605D68C5F371
:107FF000022C14F80C5021FA05F58560D3F804C062
:10800000CCF3C22C14F80C40E140C1605C68C4F3AE
:10801000813C17F80C70B1FBF7F404615F68C7F39B
:10802000C36C16F80C60B2FBF6F444611B6B4D4E4A
:108030005F0654BF48F212074FF400478761346B64
:10804000484BE7065ABF484CC461C2611F6BBE066D
:1080500058BF454F434E54BF07620262346BA407BA
:1080600021D141623F4F3C6B14F4403F31D18562D6
:108070003C4B196B11F4402F44D01D6B05F4402785
:10808000B7F5802F5ED01A6B02F44024B4F5002FB0
:1080900063D01E6B06F44023B3F5402F04BF324B70
:1080A000C362F0BC7047316B01F00303012B39D080
:1080B000376B07F00304022C47D0366B294F06F0CC
:1080C0000301032904BF284941623C6B14F4403F7B
:1080D000CDD03E6B06F4403CBCF5803F24D0396BDC
:1080E00001F44033B3F5003F33D03F6B1D4B07F431
:1080F0004034B4F5403F04BF1B4C8462196B11F44B
:10810000402FBAD1C562F0BC70474D684C68C5F3CA
:108110008346E20306F1020708D4174C04FB07F27A
:10812000026057E742629DE78262A1E7CB6A0E498F
:1081300003F00F0C0CF10102B1FBF2F507FB05F2A5
:10814000026047E7C262F0BC70474FF400434362ED
:1081500088E74FF4004686628AE74FF40041C16227
:108160009FE700BF0010024000127A007C00002050
:10817000680000206C00002000093D00054B5A6992
:1081800019B922EA00005861704740EA02015961BA
:10819000704700BF00100240054B9A6919B922EAE6
:1081A00000009861704740EA02019961704700BF82
:1081B00000100240054BDA6919B922EA0000D861C3
:1081C000704740EA0201D961704700BF00100240C9
:1081D000054BDA6819B922EA0000D860704740EA16
:1081E0000201D960704700BF00100240054B1A69B8
:1081F00019B922EA00001861704740EA02011961CA
:10820000704700BF0010024070B492E860009468AC
:10821000D368890046EA050242EA040601F1200516
:1082200046EA0301415170BC704700BF074B9942B9
:1082300009D0090C4FEA810C036C02FA0CF242EAF5
:108240000301016470474264704700BF00010800E9
:10825000436819B923F001014160704743F00102FE
:1082600042607047036819B923F00041016070470C
:1082700043F0004202607047034B1A6822F44071D9
:1082800008431860704700BF00600140436823F056
:108290000602114341607047436843F0100141609A
:1082A000704700BF436843F400414160704700BF1E
:1082B00089B24161704700BF436819B923F02001BA
:1082C0004160704743F020024260704703681AB96A
:1082D00023EA01010160704741EA0302026070472E
:1082E000836819420CBF00200120704708B5174B66
:1082F000984212D0164988421BD0164A904200D0AC
:1083000008BD4FF400400121FFF770FF4FF400401B
:108310000021BDE80840FFF769BF4FF480500121FC
:10832000FFF756FF4FF480500021BDE80840FFF7EB
:108330004FBF4FF480400121FFF758FF4FF48040BA
:108340000021BDE80840FFF751BF00BF00300140E9
:1083500000380040003C00402DE9F0030D88B1F8E2
:108360000E90B1F80680B1F808C04F8902888E8956
:108370008C880B8A498849EA050949EA080545EAD3
:108380000C0848EA07073E4302F4415C4CEA060247
:1083900095B20580878827F470664FEA06494FEA50
:1083A000194848EA040484800382038823F0040205
:1083B00015042F0C39430180868B26F400644FEAA4
:1083C000044C4FEA1C49A0F81C90BDE8F00370472C
:1083D000838B8A68F0B5054623F47B600C4620F059
:1083E0000F010E04370C0223AF832B84A88B9A4213
:1083F0008DB086B23CD0A2886846002A14BF0227FE
:108400000127FFF7DBFDE3880099B3F5007F31D04A
:108410007801B1FBF0FCA7680CEB8C0E4FEA4E0222
:10842000B2FBF7F1481D87B2184AA2FB0701CF083B
:108430004FEA570CACF1020081B207F00102FD29AE
:1084400094BF4CEA022202222188B4F802C0A78815
:10845000A4890E4346F4006040EA0C010F43134325
:1084600047EA040296B29CB22C84AE830DB0F0BDF4
:10847000E388E9E74FEA112C0CEB8C02A16850006D
:10848000B0FBF1FE0EF10507BFB2CDE7CDCCCCCCF1
:10849000038839B923F040010A044FEA124CA0F8CE
:1084A00000C070479BB243F040010180704700BF9D
:1084B000838B39B923F480610A044FEA124CA0F887
:1084C0001CC070479BB243F480618183704700BF3A
:1084D00083881FFA83FC1AB92CEA01018180704756
:1084E00041EA0C0282807047002100F004B80D4B75
:1084F0005B58435004310C480C4B42189A42FFF42D
:10850000F6AF0B4A00F003B8002342F8043B094BD6
:108510009A42FFF4F9AFFFF793F800F025F8E0F77F
:1085200025F9704750ED030800000020900000205E
:108530009000002030680020FFF7FEBF0346084689
:10854000194600F001B8000070B5064C06460D460D
:1085500013462CB131462A460220AFF3008070BD8D
:10856000204670BD0000000070B50E4B0E4DED1A98
:10857000AD1000241E46AC4204D056F8242090478B
:108580000134F8E716F0D2FB084D094BED1AAD1097
:1085900000241E46AC4204D056F8242090470134F3
:1085A000F8E770BD000000000000000050ED030877
:1085B00044ED030810B50023934203D0CC5CC454AF
:1085C0000133F9E710BD814270B501D300230EE0FD
:1085D0008C18A042FAD28518134613F1FF3305D345
:1085E000514266182944F65CCE54F6E770BD9342BA
:1085F00003D0CC5CC4540133F9E770BD00FFFF0029
:1086000000FF00000000FF000000803F79E9A63F66
:10861000E3A5BB3F6ABCE43FC74BF73FD34D2240C5
:1086200000000000000000008D8600088D86000814
:108630008D8600088D860008633A633C6300000065
:108640000000000038004F02006363633C63636313
:10865000000000000038003202006363634263637D
:108660006300000000003800460000632963416396
:1086700000000000000000380063000063636363D3
:10868000636363000000000038000002006363635E
:10869000636363630000000000380000020063634E
:1086A0006363323232320D0F23000000310C534F1E
:1086B0004C49442042415353553737416300000031
:1086C00000000000380055023250322841635F003C
:1086D000001B00140338005002005A1E0E41635F55
:1086E000550027000F0338006300005A1E0E416337
:1086F0005F55001B000A0338005000005A1E0E414F
:10870000635F550027000A0338006300005A1E0EFD
:1087100041635F550027000F033800630000636367
:10872000636332323232190E23000000310C4D6F78
:108730006F676572204C6F776363632763636300C1
:10874000510000004114460400311300316363639B
:1087500000370063003F034B040046271D216309D7
:10876000000000000000220C5F0000461D1D366363
:108770000900000000000050006300006346130978
:10878000633B000000000000380063060046121240
:1087900020631D0000000000003F086302006363C7
:1087A000636332323232050023000000310C4C6525
:1087B00061646572546170655A2A07375A1E6300F6
:1087C0000000000038086300005860201E4F41631D
:1087D00000000000003800410200631400636300E1
:1087E00063000000000038085900005F3E113A6342
:1087F00063630000000000380C6300006337005A18
:10880000634C630030060003380860020063635A5B
:10881000636363630000000000380C63020063635D
:10882000636332323232010D23000000310C4D4FB0
:1088300052484F4C205442311932183760610000C1
:108840000000000041005B000063000000630000C6
:1088500000220020003808420201502C1C355639F5
:108860000000000000003C106300001B19201E5592
:108870004E000000000000700E6300001C252A322C
:10888000630000002900230038084A0003591E1C19
:108890003F635A0000300020003B086300015E4344
:1088A0005F3C32323232100F1F210000180C42415F
:1088B00053532020202033205E3818505D1C0000C8
:1088C000000000003900630800633232506300008A
:1088D00000344B00003F006300005A3C10505A1E09
:1088E0000000000000003D005C0A00633214354FB8
:1088F000410000000000003E005A0000630A3239C7
:1089000063000000290000003F04500000600A11CD
:108910003F635F000024390E033F006300005E43A5
:108920006039323232320F0F321963000018424977
:108930004C4C2042415353205E3818375D1C0000D8
:1089400000000000391C55120063000000630000A5
:1089500000344B00003F0C3E00005A2A07375A1ED5
:108960000000000000003D145D0A005860201E4F0A
:10897000410000000000003E0C6300006314000092
:1089800063000000290000003F005000005F3E111E
:108990003A635F200024390E033F006300005E430A
:1089A0005F3C323232320F0F23000000300C424164
:1089B000535320202020312063633E636363000013
:1089C000000000003C14630C0063632663636300D3
:1089D00000000000003D1C4612003B632947636312
:1089E000000000000000351C3F12003B636347633A
:1089F000636300000000003D004B00003B6316472E
:108A00006356000000000000651445060063402125
:108A100047635600000000000048086302006363DB
:108A2000636332323232100F230000003118454C9C
:108A300045432042415353204036284851530000BB
:108A40002B00120045103E0C19636363406363639F
:108A500000000000003C044702006363634263635C
:108A600063000000000033045A00005234174363CF
:108A7000630000000000003C0063011A5D482739D4
:108A80005D635C000000000038085A0000501A12B4
:108A90003B63610000000000003C0063010A636367
:108AA0006363323232320B0D23000000310C532E3F
:108AB0004241532032372E375F5A122063326363AC
:108AC000000014006800530A005F5A121A635463CE
:108AD000630000140008045E02005F5A1220633233
:108AE000636300001400080F530E005F5A121F63E7
:108AF0005463630000140070005E02003F0F631CAB
:108B0000630000000000000003005000003F0F63FE
:108B10001C63000000000000005300630200636358
:108B20006363323232320F0E322C246316245245E4
:108B3000534F4E414E4345536327204763624600DF
:108B400027003B033800500000632720476362463C
:108B5000002700000F400063000063272047636286
:108B600046002700000328006300006327204763B6
:108B70006246002700000F20006302006327202EBA
:108B8000636246002700000F700459000063191942
:108B90003D636246002700000F7000630400545FCD
:108BA0005F3C32323232080E25000000380C535937
:108BB0004E2D42415353203255104B3D582C190035
:108BC0000F003E04221850100055264B3D582C191A
:108BD00000300000003A10560200551C4B3D582C46
:108BE0001900300000005A1062000062484B3D63DB
:108BF00059630020000001330C6300004A1C1D3D36
:108C000063474700300000005A085C000062484B90
:108C10003D63636300200000014008630000000022
:108C2000000032323232070D1E1700002818505251
:108C3000432053594E5448316319193663625A0020
:108C40001F00630C73085000004B19192263605A0F
:108C5000001F63000330086302006319190063609A
:108C600060002B00630C00086300004B1919276398
:108C70006060001F6300034008630100631919244A
:108C8000636060001F00630C70086300004B1919DB
:108C900027636060002B630003300063010063639F
:108CA000636332323232050B23000000271843522F
:108CB0004F4D4120322020203C102A3B632C1E00C7
:108CC0003102000370082F04003C200C3D63503C2F
:108CD0000032002403500C5B0400581F1D3C635CF1
:108CE0003C003511000371043C020051271B3C631A
:108CF0004A54002A000000100D6002003D20173E7B
:108D0000634727002E032303100E5B04006339180A
:108D10003D635E5A006200000F58096302006363FE
:108D20006363323232320B052A000000310C414EAF
:108D3000414C4F47202034206339185163523A4F39
:108D40002D15110370103D0A0063320F2963483D51
:108D50005722004E0760145C0600632E1650633CD9
:108D6000394E3507020F58085B0200631E1B436330
:108D70006339000000000010046302005A32305AC8
:108D8000635C2A003902110F1004500400631B1A9F
:108D90004963603C006263630F70046302006363B5
:108DA000636332323232080723000000310C414E37
:108DB000414C4F472041202063392A51634B354FA6
:108DC0000F1C63037014450A0063203E2963274586
:108DD00057223007073814390400632E1650631FDA
:108DE000594E3507290B38085B020063271B435E89
:108DF000631C000000000038086302006332175A49
:108E0000634747006363630F701C63020063392E7E
:108E1000493C5E63006263630F380863020063636A
:108E2000636332323232070523000000310C414EB9
:108E3000414C4F472020362063505050636363639A
:108E4000270A0F0360004C020063505050636363B5
:108E500063270500033808500117635050506363BF
:108E600063630000000038004B010032505028635B
:108E70006363000000000038006301200F50141EDF
:108E8000635C5F00000000007004610200500A6330
:108E90001E63000000000000002000630200636306
:108EA000636332323232010B23321E00100C435303
:108EB0002038302020202020342A271963636300C3
:108EC0000000000000004D0400342A27196363638A
:108ED000000000000074084D0100342A2719636364
:108EE0006300000000003800320400632A27196381
:108EF000586300000000003E04630400232A271981
:108F0000635859000000000060005100003D2A270E
:108F10001963636300000000006510630000636371
:108F200063633232323206071A000500310C494EB3
:108F30005345525420312020630000636363630073
:108F40000000000005001E0200632A4722636363DD
:108F5000000000000071005F02005146090F6351DC
:108F60000000000000003E005B02325031131E631F
:108F70005B0000000000003A006200006300000097
:108F800027636300000000006700580000632A4761
:108F90002363636300000000003B005F0200636323
:108FA000636332323232000F190F000037245350FE
:108FB0004952414C202020206363630763636300B0
:108FC00000000000680043060045402729634E5E0C
:108FD0000000000000480063020063636363636392
:108FE0006300000000006800420419636363636368
:108FF00063630000000000380063000062446363A4
:10900000630000000000000038003A0E0063636354
:10901000296363630000000000380063000063639D
:10902000636333323232050F18000200331844589C
:109030002D54524F545420205F521F23635F000071
:109040002763630B5B10550A005F4D3728635F0091
:1090500000270028041B0B6320005F5414196300D1
:1090600000002600000A3B046316006019191E6305
:109070004B00002600000A3B08630200632E230019
:10908000504B3700276363083C085218005F2F1EBF
:109090001E635C00000200000A3B046300005E43A4
:1090A0005F3C323232321B07220000000118474178
:1090B00053484155532020205F2E1C185E46000067
:1090C0000000000006055A2A005F23631C63460067
:1090D00000330023035C084F0A005F203121634600
:1090E0000000000000001B006306005F322C0A63D2
:1090F0004600003A0025000B044D06005F2E630C6D
:1091000063460000330800032B084B00005F202D4E
:109110001F634600000000000063046302006363F5
:109120006363323232320A0E22210000170C524998
:109130004E472044494E472063633C506363505A76
:1091400027000A0060105516004B63325063635AC3
:109150005A000000007004500400636363466363B8
:10916000630000000000700063020063633C506312
:1091700063505A27000A0010105A16004B633250F1
:1091800063635A5A000000000004500400636363E4
:109190004663636300000000000000630200636335
:1091A000636332323232020823000000110C504156
:1091B00050414741594F2020633E633463200000F3
:1091C000270C0C0C7F0C6324005055182E635A009A
:1091D0000000000000730863040050551823635A10
:1091E0000000000000006B1C630800503B2B236351
:1091F0004A0000270C0C0C3C08631E005055182335
:10920000635A000027040C0C3A04630800631C63D3
:109210002363190000270C0C0C3A046302006363FB
:10922000636332323232160D222726002118574945
:109230004E45474C415353203F6363636363630070
:109240000000000038005A100B26636363636363F9
:1092500000000000003800460200256363396363A4
:1092600063000000000038025200003763633C6373
:109270006363000000000038005A1C001F63631580
:1092800063636300000000003800630000636363F1
:10929000346363630000000000380063020063630E
:1092A000636332323232000C230000633100414DDF
:1092B0005954414C202020206363630063636300A2
:1092C00000000000381C3C3E00636363006363637E
:1092D0000000000F003810501600636363006363E2
:1092E00063000000000038004600006350636363C1
:1092F00000000000000000381C633F556363636397
:109300006363630000000F0038086300004163637B
:109310002E63636300000000003A0063011E636374
:10932000636332323232110723001E0016184641A1
:1093300049524C49474854205E3A000863554B0057
:10934000260C36007000353200470F000F634521B0
:10935000402511000070005F00016321003363604D
:1093600000002800080040086302015E3A0008631C
:10937000554B00261136001800353200470F000FFC
:1093800063452140251400000800600001632100AE
:109390003363600000280008001008630200636364
:1093A0002B6332303232030832001D00190C2A5070
:1093B00050472A566F6C2E31502A262E635A0000D1
:1093C0003300110038003F16014B181D0663590089
:1093D000003300000001045700013932382663567B
:1093E0006300110000002B08630401502A262E633D
:1093F0005A00003300110040004316004B181D06B0
:109400006359000033000000290457000039323846
:109410002663566300110000005308630400000037
:109420000000323232320203131D230018182A5072
:1094300050472A566F6C2E32503B1819631C00009F
:109440000000000039046300005E342511635600FB
:1094500000340000003F0C4D26005A2A07285A1EEF
:109460000000000000003D145D0A005860202A4FF3
:10947000410000000000003E0C6300006314000087
:1094800063000000290000003F1C6300005F3E11E4
:1094900027635F200024390E036F006300005E43E2
:1094A0005F3C323232320F0F23000000300C2A466C
:1094B0006169726C2E2033204123201C62595900AF
:1094C000000000003818431A005925201C620000D3
:1094D000000000000020005900004B005735635287
:1094E0005E000000000058004700012C38574B6216
:1094F0004B630000000000180040011B4B00573573
:1095000063525E000000000000005C000143385719
:109510004B626363000000000038005E01135E438D
:109520005F3C323232320F0719470063200C2A5653
:109530006F636F64657220324C450E2363420000F6
:1095400020000004580043120140201527634E00FC
:10955000002A0013001808630003542A19336361BA
:10956000000023000003500863010E4C450E2363E6
:10957000420000200000043004461200402015275D
:10958000634E00002A0013004808630001542A19A2
:10959000336361000023000003580863010A5E037F
:1095A0005F3C3232323202022800060048242A533D
:1095B000657175656E636520441302226341320054
:1095C0002C00000046086308005823050E6353561C
:1095D0000033001400300049012D3A23002D635060
:1095E0005000330000004000500032636363376373
:1095F0006363000000000038086300005923002264
:1096000063535C0033000001480063000050636353
:10961000426363630000000000380063010063637D
:109620005E3E30323232070E234101003024426F59
:10963000756E636520342020000040C1000040C1E9
:10964000000040C1A4703DC1A4703DC1A4703DC1E3
:109650008FC231C17B1426C166661AC152B80EC1D1
:109660003D0A03C152B8EEC0295CD7C00000C0C09B
:109670000000C0C00000C0C0D574B1C0AAE9A2C03B
:109680007E5E94C053D385C053D385C053D385C069
:10969000D1316AC0FDBC48C0284827C053D305C09B
:1096A000FDBCC8BF53D385BF53D305BF0000000026
:1096B00000000000000000000AD7233E0AD7233E26
:1096C0000AD7233E0AD7633F295CCF3F6666164020
:1096D000B81E45400AD77340AE479140D7A3A84073
:1096E0000000C0400000C0400000C0402B8BCE40B6
:1096F0005616DD4082A1EB40AD2CFA40AD2CFA406D
:10970000AD2CFA4088910441B90C0C41EB87134110
:109710001C031B411C031B411C031B4155422441DC
:109720008E812D41C7C036410000404100004041BC
:10973000000040415C8F42415C8F42415C8F42415E
:109740008F134A41C2975141F51B594127A06041EF
:1097500027A0604127A060419C856E41116B7C4130
:1097600043288541FE1A8C41FE1A8C41FE1A8C4119
:109770000000904100009041000090410514944188
:109780000A2898410A2898410A2898412B8B9E4123
:109790002B8B9E412B8B9E41984FA5410514AC41CC
:1097A0000514AC410514AC41040FB141020AB641A5
:1097B0000105BB410000C0410000C0410000C041A4
:1097C0000514C4410A28C8410A28C8410A28C841CA
:1097D000D5CACB419F6DCF416A10D34135B3D64135
:1097E00035B3D64135B3D64175CDDA41B4E7DE4164
:1097F000B4E7DE41B4E7DE41C72DE341DA73E74168
:10980000EDB9EB410000F0410000F0410000F041F3
:109810000000F6410000FC4100000142000004424B
:109820000000074200000A4200000D420000104202
:1098300000001042000010420000104200001042E0
:10984000FF7FE97FA67F377F9C7ED57DE37CC57B4C
:109850007C7A09796B77A575B5739D715E6FF86C2D
:109860006D6ABC67E864F061D75E9C5B4258C9547E
:109870003351814DB449CD45CE41B83D8C394D353C
:10988000FB30992C2628A6231A1F821AE2153A11BA
:109890008C0CD90724036EFEB8F905F555F0ABEB37
:1098A00007E76DE2DDDD58D9E1D479D021CCDCC702
:1098B000AAC38DBF86BB97B7C1B305B065ACE3A89B
:1098C0007EA539A2159F129C31997596DD936A91F8
:1098D0001E8FF98CFC8A28897C87FB85A484788379
:1098E0007782A181F7807A80288003800B803F8077
:1098F0009F802B81E381C782D78312857786068874
:10990000BF89A18BAC8DDE8F3792B6945A97239A7C
:109910000F9D1DA04DA39CA60BAA98AD41B105B506
:10992000E4B8DBBCE9C00EC546C992CDEFD15DD627
:10993000D8DA61DFF5E392E838EDE4F196F64AFB18
:109940000000B6046A091C0EC8126E170B1C9F207B
:109950002825A329112E6E32BA36F23A173F254335
:109960001C47FB4ABF4E6852F5556459B35CE35F30
:10997000F162DD65A6684A6BC96D227054725F742E
:109980004176FA778979EE7A297C397D1D7ED57EFC
:10999000617FC17FF57FFD7FD87F867F097F5F7EF6
:1099A000897D887C5C7B057A8478D876047507731A
:1099B000E270966E236C8B69CF66EE63EB60C75DD9
:1099C000825A1D579B53FB4F3F4C69487A44734062
:1099D000563C2438DF33872F1F2BA8262322931DC4
:1099E000F9185514AB0FFB0A48069201DCFC27F866
:1099F00074F3C6EE1EEA7EE5E6E05ADCDAD767D3FA
:109A000005CFB3CA74C648C232BE33BA4CB67FB2B1
:109A1000CDAE37ABBEA764A429A1109E189B449875
:109A200093950893A290638E4B8C5B8A9588F786FA
:109A300084853B841D832B826481C9805A80178072
:109A4000018000005F1D1432635F000029001300D5
:109A500073184F02005F141432635F0000000000AF
:109A60000003006302005F1D1432635F000000000A
:109A700000003B185902005F141432635F000000BD
:109A80000000003B086302005F32234E634B00007E
:109A9000000000003B1C3A1C0060191943634B0096
:109AA000000000000053086302005E435F3C323256
:109AB00032320406222100003818452E5049414E0A
:109AC0004F2031205F1D1432635F00002900130C0A
:109AD00073185102005F141432635F00000000002D
:109AE0000003006302005F191432635F000000008E
:109AF00000003B185C02005F141432635F0000003A
:109B00000000003B086304005F32234E634B0000FB
:109B1000000000003B1C4B2A0060191943634B00F6
:109B20000000000000500863020063636363323288
:109B30003232040E22210000360C46454E44455276
:109B4000203120205F1D3B32635F0000290013009D
:109B5000631C270A5063631432496000006263008B
:109B60000243006302005F1D1432635F0000636301
:109B700000033F1C55020063141432635F0000367B
:109B80005700020308630200633223635E4B000048
:109B90006314000207146318195D191943634B001D
:109BA000001B6300005D1C6304325E435F3C323285
:109BB0003232050622210000080C57494E54524803
:109BC0004F4445535F2714326349000029001300B6
:109BD000730C3C02005F1614326363000000000047
:109BE00000530C6302005F16143263630000000030
:109BF00000003B004A02005F1A1432636300000059
:109C00000000003B14630200632E234E63500000EB
:109C100000000000331043200063291943636300F0
:109C200000000000003B0C6302006262626232329C
:109C30003232040E22210063181852532D45502051
:109C4000432020202A334F32631000003C005C0088
:109C500038083512114D544F00630000002E1B00D0
:109C6000083B0C5F17054E1A2A4363150000203786
:109C700017003A146302004B141943634B0000258C
:109C8000003B002F1C420A004B1415446363000084
:109C9000300046003B145702004B1415316363003B
:109CA000025B0043003B0C630200180C133B323292
:109CB000323209082221180C080C2A4D61726B20DF
:109CC0004949492055264B3D582C190000000000F9
:109CD000261C621C0055264B3D582C190000000024
:109CE000003A1C4312004923193D635D0000000047
:109CF00000005B1C5402004923193D635D00000015
:109D000000000033046302004C40253D635E000008
:109D1000000000005D0C4614044923193D635D00FA
:109D20000000000000430863020062626262323297
:109D30003232080F231700002818434C41562D4596
:109D40002E504E4F621A1A1B6200000000000000E5
:109D50003B044A1E0063321A136300000000000037
:109D60000038044906006331111E634B00000000F7
:109D700000003F003D0C0063131A17634800000009
:109D80000000002300530000634C0000630000004B
:109D90000000000051004F17475C10622163000073
:109DA00000000000003B0463000052624B3C323371
:109DB0003232100C00002600171853594E2D434C18
:109DC0004156202062570000575600002000150021
:109DD0003B1F4D30005F5F000063605900200000B2
:109DE000002B186300005F5C1C3C635A00002000DD
:109DF00000003B0B63040062570000575600002030
:109E00000015003B044702005F5F000063605900DB
:109E10002000000033076304005F5C1C3C635A00B1
:109E20000020000000430C630000000000003232FC
:109E30003232020D320000000B18434C4156494E9D
:109E4000455420205E01210C04130000350026003B
:109E50003A04430A00621406025B5A000024000020
:109E60000F3A044B0200461E1732635500002000D3
:109E700000003C0C6302005E15210C4A1300002612
:109E80000014003B1C5C0600622406205B5A0000A4
:109E9000321632033A04480200461E173263550058
:109EA00000200000003C0C63020000000000323281
:109EB0003232020E1E00000020185049414E4F2041
:109EC00020203520611B14326355000029155A03E8
:109ED0004308470A00611B0A19635630000000005E
:109EE0000033084E020058191C326356000000006F
:109EF00063083A086302005119190E636363002373
:109F0000113C033A0845080063001900634B000048
:109F100000000E004A0059020058191830635D0015
:109F200000000063082A086302006363636332323F
:109F300032320A0D23000000300C475244205049B1
:109F4000414E4F31631D1604635F000016040C037D
:109F50003C0C58060063351323635E0000000005C7
:109F60000019084C020063331233635E00000000E6
:109F7000000042045E020063181604635B040016CE
:109F80000320031B0C580800632611235F006300A5
:109F90000000030C4108500200632012336360008C
:109FA00000000000000B0863020063636363323249
:109FB0003232020C23000000010C535445494E5725
:109FC000415920204E49202E6347005A2E0000039D
:109FD0003F0C4207454A191863633F00633E09245A
:109FE000033C084C0A0047101823631B3300220B64
:109FF00000072B044E0600472A1832635A00001946
:10A0000000000A3D1863020063312C460000006323
:10A010002900000048006316154B3E183B631B00E7
:10A020000019000D00390863050D4D624B3C3332B9
:10A0300032310E0D22550000171847554954204162
:10A04000434F555363291A0A636200000F0000044E
:10A05000420C251200634D1A07636200000F0000D6
:10A0600004120857020063292A07636200000F00E8
:10A07000000422045A0E00634D1A1C636200000F94
:10A080000000043A085B020063291A0763620000BB
:10A090000F0000043A08610200634D1A2A6362004F
:10A0A000000F0000043A04492800636363633232FE
:10A0B000323207081C000000201853495441522036
:10A0C000202020205235253063510000000005007B
:10A0D0003E045106005B251D1D635A00000000056B
:10A0E000003E045308005A1C1127634C00000A006C
:10A0F00011043E045202005E401E21635C00000019
:10A100000000003D0C63020063441C3063530000F8
:10A1100000000A003E006308005E3E3A22635C00D5
:10A1200000000000003E0C5A020055634B00313223
:10A130003232010F1E28110F29184B4F544F202087
:10A14000202020205F48476363615B624000370046
:10A150003900570C005F1C1B2F635A0000310000B0
:10A1600000330C5308005F48476363615B62400043
:10A170002E0039006306005F1C1B2F635A0000315C
:10A1800000000033085502005F48476363615B626B
:10A190003100000039006300005F1C1B2F635A0070
:10A1A00000310000003B0859080000000000323276
:10A1B0003232041923000000061848415250534916
:10A1C000434820315D05111E4C3300000A20000475
:10A1D0005204431800632A0F63633D00000A000025
:10A1E0000438085B00005F631754636300000000DD
:10A1F00000043F0C6304005F111142635F000026FE
:10A2000062620638104D06006327151E6355000074
:10A210000000000470085D000050201242635F00DF
:10A2200000000000003C0C63000063624B3C3232D3
:10A2300032320300231E00002018434C41562020D8
:10A2400020203320005137004E4E0000290000002E
:10A2500038144B080063563700604E000029000098
:10A260000038084F00006349000E523000003600ED
:10A270002E0038085E06005F323129635C00000062
:10A280000000003B186300006347000052300000EC
:10A2900036002E0038086306005F2B3135635C0002
:10A2A00000000000003A146300005E435F3C32325D
:10A2B0003232060822210000183058594C4F5048BD
:10A2C0004F4E4520634D37004E4E000029000000E0
:10A2D0003810570E00634000085230000036002E40
:10A2E000003808610E005A4B005252300000360010
:10A2F000000038145B0E00631F322E635000000014
:10A300000000003B1C63020063212E3263500000FA
:10A3100036002E003C183C0A006321322E635000A8
:10A3200000000000003B1C6302005E435F3C3232D1
:10A330003232060F1500000021184D4152494D429E
:10A34000412020206330633263200000270C0C0C76
:10A350003D1C391C0050551832635A2A0009000070
:10A3600005731463020050551832635A0000090047
:10A370000005030463020050552B32634A00002796
:10A380000C0C0C3C1048060050551832635A000063
:10A3900027040C0C3A04630200631C633263190047
:10A3A00000270C0C0C3A1C32080063624B3C323222
:10A3B0003232160D1A00000021185649424520205D
:10A3C000202031205E381837604E00000000000069
:10A3D00039144820006345006063000000446100B8
:10A3E0000038144508006347006152300000304ACD
:10A3F0002E0038146110005F3C31266351000022AA
:10A400000000003C1C630200632E2300504B4300FD
:10A41000360000003C085210005F2F1E2F635C00C6
:10A4200000000000003B046302005E435F3C3232E8
:10A430003232060F222100002824474C4F4B454E54
:10A4400053504C20633A6333635551002E0D4F0C2B
:10A450003F144D2F25632D1516634C2D003300003E
:10A46000002C1450122163151A0E631A000000000C
:10A4700000003B0C4B0935632A2F13635500002C59
:10A480000B00003D10401B635A2815106349320031
:10A490002E07000373144A0E00630F1C1963430058
:10A4A00000000000003D08630400253232323232E1
:10A4B0003232060723000000311842454C4C20433D
:10A4C000202020205E1C6317631900001C0C000C68
:10A4D00040004A06055E1C6315631900001C0C0C45
:10A4E0000C72003000005E1C0F19631900001C0C78
:10A4F000000C00004F02125E1C631D631900001C5B
:10A500000C000C38005106055E1C631D6319000029
:10A510001C0C000C38005D02125E1C631D631900E8
:10A52000001C0C000C3808630000615E4B3C3133AA
:10A5300032321A050E0E0000100C42454C4C5320CE
:10A5400020202020625B001C63000000000000004F
:10A5500002005504004C4E47466300000000000016
:10A56000003A14630533620C471C630020000000AE
:10A5700000002A004B044B5F2147196300200000B4
:10A580000000001200630200620C471C6300200000
:10A590000000000052004E044B5F21471963002069
:10A5A00000000000004A005F0200435F5F3C32325F
:10A5B000323204072300000012185455422042454D
:10A5C0004C4C532028190710566000000000000072
:10A5D00038084118142B1E0F0A5F570000000000B6
:10A5E00000381C4308284F1E0F185F57000000005A
:10A5F0000000380841061A241E32185F5700000078
:10A6000000000038043F0E201D2A14126355290053
:10A610000000000039083802004F1A1429635F292E
:10A620000000000000380463020063624B3C3232D9
:10A630003232100F23590000590C474F4E4720204B
:10A640002020322062021A1C62000000290018003B
:10A650003C0449003863321A14630000004A0000C9
:10A660000A38044E0000411F111D634B00002900F1
:10A670000F033B0C5B004B634D1A1863480000024C
:10A6800000000A23085D0024634C1A16634800008A
:10A690003200000A3F045200005B24622263000083
:10A6A000000200000A3B0863000062624B62323322
:10A6B00032320F0F0B001000200C4B4554544C4508
:10A6C000203620205D481948602700002600000A37
:10A6D00038006325455A2A362C635A0000260000AC
:10A6E0000A3B006300005D48194160270000260016
:10A6F000000A3800630D455A2A362E635A00002698
:10A7000000000A3B006300005D4819466027000016
:10A710002600000A380063354E5A2A362C635A0048
:10A72000002600000A3B006300006262626232326F
:10A730003232050B0F00260073184D494420445255
:10A740004D20332059555158635300001A00000A18
:10A750003A0062004B53504763636300001A0000E5
:10A760000A38004B05435E473255635A0000020029
:10A77000000A3B006302434C55272E615000000243
:10A7800000000A390047025552312B3A630000009D
:10A790000200000A3D0059012A542E4D3563200065
:10A7A000000200000A3A006300334B1D626234323B
:10A7B0003232030F23000000011D4F524920445242
:10A7C000554D2031634B3647635600000200000AA6
:10A7D00039004D04416339353663480000020000FA
:10A7E0000A3B0063020063503233634B00000200F7
:10A7F000000A3A0059025063364746634800000297
:10A8000000000A3A0063020063503231634B0000DB
:10A810000200000A3A0055083C63363C3B635A008C
:10A82000000200000A3A0463020062626262353389
:10A830003232050E112100000518574F4F442036C3
:10A840002020202062141A16620000000200000A74
:10A850003808633E0063391A34630000004A000080
:10A860000A380440136363632E2E636300004A00BA
:10A87000000A3804582D5E636328306363000002C9
:10A8800000000A38055F0D48631C2B20633C610003
:10A890002600000A3D0162252263233426633F001F
:10A8A000000200000A3D005F022A626262623232E8
:10A8B0003232060F63005C0023184C41544E204492
:10A8C000524D203463636314630000000200000AE9
:10A8D0003F006331006309140C63000000020000B4
:10A8E0000A3F00631733632E631E630000000200FB
:10A8F000000A3F0061336363141414630000000214
:10A9000000000A3804630F5C6310140E630000003B
:10A910000200000A38045B0722631C291C63000044
:10A92000000200000A3A0C6327156262626232324A
:10A930003232020F00000000001843494D42414CE2
:10A9400020202020631A6340630000000000000004
:10A950003F1C6302006363630663636300000000DF
:10A96000003800633E006363630B636363000000B1
:10A9700000003A00630F3C6335633563000000005C
:10A980000000003A1C600100634D5B286352000028
:10A99000000000003F0C631400631A63376300007B
:10A9A00000000000003F1C63020063576301320097
:10A9B00000321B0F23000000310C53594E444D2030
:10A9C00032352E3863636300636363002000000840
:10A9D0003800633739634E3C326359000050000041
:10A9E0000738045A00005F322A2D63500000386295
:10A9F000620C3B0C63151463502339635A0000301A
:10AA000000000420045E21535F3900006300000051
:10AA10002900000450006203005A32213E63000006
:10AA200000336262033B00631B5B63634B3C323267
:10AA30003232020F370000000618422E44524D2DCC
:10AA4000534E41520000803FEAD17F3F0AA37F3F2F
:10AA50005C737F3FDA427F3F7F117F3F44DF7E3F61
:10AA600023AC7E3F18787E3F1A437E3F240D7E3F05
:10AA70002FD67D3F339E7D3F29657D3F092B7D3F4E
:10AA8000CCEF7C3F69B37C3FD7757C3F0D377C3F73
:10AA900003F77B3FAEB57B3F04737B3FFB2E7B3FD1
:10AAA00088E97A3F9FA27A3F355A7A3F3D107A3F34
:10AAB000A9C4793F6E77793F7C28793FC4D7783F26
:10AAC0003885783FC730783F61DA773FF381773F49
:10AAD0006B27773FB6CA763FBF6B763F710A763FEA
:10AAE000B6A6753F7540753F97D7743F026C743FAB
:10AAF00099FD733F408C733FD917733F43A0723F5A
:10AB00005D25723F03A7713F0F25713F599F703F2D
:10AB1000B715703FFB876F3FF7F56E3F785F6E3F6D
:10AB200049C46D3F2F246D3FEF7E6C3F48D46B3F8F
:10AB3000F5236B3FAC6D6A3F1FB1693FF9ED683F8C
:10AB4000E123683F7552673F4E79663FFB97653F4B
:10AB500006AE643FECBA633F21BE623F0DB7613F72
:10AB60000EA5603F71875F3F745D5E3F46265D3F87
:10AB700001E15B3FAB8C5A3F3128593F66B2573FEA
:10AB8000FE29563F8E8D543F82DB523F1B12513FB0
:10AB90006B2F4F3F47314D3F49154B3FBBD8483F87
:10ABA0009678463F6DF1433F5D3F413FFE5D3E3F3E
:10ABB00047483B3F6FF8373FCD67343FA88E303F63
:10ABC00001642C3F49DD273F0DEE223F7C871D3F6E
:10ABD000D897173FAD09113FD1C2093FFFA2013FEE
:10ABE000EF03F13EBF59DC3E02C5C43EB09BA93E17
:10ABF000E3FB893EA465493E5254E03DAA6D5E3BAD
:10AC000076FFD4BDDAB344BEE10188BEC0EBA7BE77
:10AC1000FE4FC3BE5E14DBBE9EE5EFBE0D2401BF3A
:10AC20007B5109BFDFA310BF0D5011BF07AD0BBF94
:10AC3000398905BF31A5FDBE1FE7EEBE30A4DEBEDB
:10AC4000069DCCBEB483B8BE50F7A1BEC77D88BEFA
:10AC500047F656BEDB4914BEA5BD8DBDB34D9B3C2A
:10AC60003DC3D03DAE0E313EB5ED6F3E476D933ED8
:10AC7000F89FAB3E961BC13EE74ED43E5692E53E52
:10AC8000532DF53E1CAD013F9024083F0C110E3FA3
:10AC90005B83133FAE89183F19301D3FF380213F7E
:10ACA0002585253F6344293F64C52C3F060E303F70
:10ACB000C94D313F4BF02C3FC22C283F88F4223F36
:10ACC00004361D3FE9DB163F21CC0F3F6FE6073FFF
:10ACD000EC04FE3E0CDAE93E67C8D23E4523B83E9E
:10ACE000E303993EA35D683E6AD20F3E89890D3D1C
:10ACF0007929AABD142D38BE64E484BE5E14A7BEB3
:10AD00009523C4BEC924DDBE12E3F2BEE4FB02BF3C
:10AD1000716C0BBF4DF112BF0AAF19BF0F671CBF9B
:10AD2000F9ED16BFFDEF10BF42590ABFC41103BFB2
:10AD300063F8F5BEB5E8E3BE209ACFBE509AB8BE20
:10AD400076569EBEE50E80BE008939BE6270CCBDCF
:10AD5000B96618BB808AC43DB836363EB4487D3EDD
:10AD6000A41D9D3EA689B73E5BAACE3E3714E33EA6
:10AD7000C53AF53EA5BC023F690C0A3F44AA103F04
:10AD80006DAE163FE72C1C3F6036213FDDD8253FD6
:10AD90003B202A3FBB94283F28FF233F3C021F3F14
:10ADA000AE8F193F7296133F0B020D3F96B9053FC8
:10ADB000253DFB3E6A16E93E1EA0D43E9E61BD3E87
:10ADC00012BFA23E95EB833E90A83F3E85FED33D49
:10ADD0006E482C3B3920CBBD5FF33BBEDB5882BEB7
:10ADE0000B65A1BE1C35BCBEB498D3BEA02DE8BE79
:10ADF000F06DFABEC65C05BF6BAE0CBFB64A13BFA2
:10AE0000C54A19BF44C31EBF65C523BF4A2420BF1E
:10AE1000051A1BBFB89B15BF00990FBF3BFE08BFAB
:10AE2000B5B301BF0B39F3BE1E2AE1BEDDE1CCBED6
:10AE300036F0B5BE9CC59BBE464E7BBE903935BE36
:10AE40001A59C5BD000000001A59C53D9039353E5C
:10AE5000464E7B3E9CC59B3E36F0B53EDDE1CC3E8A
:10AE60001E2AE13E0B39F33EB5B3013F3BFE083FDE
:10AE700000990F3FB89B153F051A1B3F4A24203FFE
:10AE800065C5233F44C31E3FC54A193FB64A133F19
:10AE90006BAE0C3FC65C053FF06DFA3EA02DE83E60
:10AEA000B498D33E1C35BC3E0B65A13EDB58823EB8
:10AEB0005FF33B3E3920CB3D6E482CBB85FED3BDB6
:10AEC00090A83FBE95EB83BE12BFA2BE9E61BDBEE1
:10AED0001EA0D4BE6A16E9BE253DFBBE96B905BFCD
:10AEE0000B020DBF729613BFAE8F19BF3C021FBF7E
:10AEF00028FF23BFBB9428BF3B202ABFDDD825BF36
:10AF0000603621BFE72C1CBF6DAE16BF44AA10BF30
:10AF1000690C0ABFA5BC02BFC53AF5BE3714E3BE33
:10AF20005BAACEBEA689B7BEA41D9DBEB4487DBE99
:10AF3000B83636BE808AC4BDB966183B6270CC3D57
:10AF40000089393EE50E803E76569E3E509AB83EC8
:10AF5000209ACF3EB5E8E33E63F8F53EC411033FC7
:10AF600042590A3FFDEF103FF9ED163F0F671C3FB6
:10AF70000AAF193F4DF1123F716C0B3FE4FB023FEA
:10AF800012E3F23EC924DD3E9523C43E5E14A73E83
:10AF900064E4843E142D383E7929AA3D89890DBD8B
:10AFA0006AD20FBEA35D68BEE30399BE4523B8BE57
:10AFB00067C8D2BE0CDAE9BEEC04FEBE6FE607BF7E
:10AFC00021CC0FBFE9DB16BF04361DBF88F422BFBA
:10AFD000C22C28BF4BF02CBFC94D31BF060E30BF6D
:10AFE00064C52CBF634429BF258525BFF38021BFDD
:10AFF00019301DBFAE8918BF5B8313BF0C110EBF84
:10B00000902408BF1CAD01BF532DF5BE5692E5BE7E
:10B01000E74ED4BE961BC1BEF89FABBE476D93BE34
:10B02000B5ED6FBEAE0E31BE3DC3D0BDB34D9BBCC2
:10B03000A5BD8D3DDB49143E47F6563EC77D883E93
:10B0400050F7A13EB483B83E069DCC3E30A4DE3E10
:10B050001FE7EE3E31A5FD3E3989053F07AD0B3FA9
:10B060000D50113FDFA3103F7B51093F0D24013FDD
:10B070009EE5EF3E5E14DB3EFE4FC33EC0EBA73EB7
:10B08000E101883EDAB3443E76FFD43DAA6D5EBB53
:10B090005254E0BDA46549BEE3FB89BEB09BA9BE86
:10B0A00002C5C4BEBF59DCBEEF03F1BEFFA201BFA3
:10B0B000D1C209BFAD0911BFD89717BF7C871DBF8B
:10B0C0000DEE22BF49DD27BF01642CBFA88E30BF23
:10B0D000CD6734BF6FF837BF47483BBFFE5D3EBF0B
:10B0E0005D3F41BF6DF143BF967846BFBBD848BFB7
:10B0F00049154BBF47314DBF6B2F4FBF1B1251BF7F
:10B1000082DB52BF8E8D54BFFE2956BF66B257BF39
:10B11000312859BFAB8C5ABF01E15BBF46265DBFEA
:10B12000745D5EBF71875FBF0EA560BF0DB761BF65
:10B1300021BE62BFECBA63BF06AE64BFFB9765BFBA
:10B140004E7966BF755267BFE12368BFF9ED68BFEE
:10B150001FB169BFAC6D6ABFF5236BBF48D46BBF2D
:10B16000EF7E6CBF2F246DBF49C46DBF785F6EBF8B
:10B17000F7F56EBFFB876FBFB71570BF599F70BFE4
:10B180000F2571BF03A771BF5D2572BF43A072BFBA
:10B19000D91773BF408C73BF99FD73BF026C74BF26
:10B1A00097D774BF754075BFB6A675BF710A76BFD5
:10B1B000BF6B76BFB6CA76BF6B2777BFF38177BF09
:10B1C00061DA77BFC73078BF388578BFC4D778BF1A
:10B1D0007C2879BF6E7779BFA9C479BF3D107ABF4B
:10B1E000355A7ABF9FA27ABF88E97ABFFB2E7BBF10
:10B1F00004737BBFAEB57BBF03F77BBF0D377CBF4E
:10B20000D7757CBF69B37CBFCCEF7CBF092B7DBFFA
:10B2100029657DBF339E7DBF2FD67DBF240D7EBFA8
:10B220001A437EBF18787EBF23AC7EBF44DF7EBF4B
:10B230007F117FBFDA427FBF5C737FBF0AA37FBFEE
:10B24000EAD17FBF000080BFA91680BFF22C80BF6B
:10B25000F22C80BF81807FBFAD3F7FBF1DFE7EBFD0
:10B26000CFBB7EBFC3787EBFF9347EBF71F07DBF98
:10B270002EAB7DBF33657DBF841E7DBF28D77CBFCD
:10B28000258F7CBF84467CBF4EFD7BBF8FB37BBFC9
:10B2900051697BBFA21E7BBF92D37ABF2D887ABF34
:10B2A000863C7ABFAAF079BFADA479BF9D5879BF1B
:10B2B0008C0C79BF8AC078BFA57478BFEB2878BFA3
:10B2C00069DD77BF279277BF2E4777BF82FC76BFB5
:10B2D00023B276BF0F6876BF3E1E76BFA4D475BF7B
:10B2E0002F8B75BFC94175BF54F874BFAEAE74BF24
:10B2F000AC6474BF1E1A74BFCCCE73BF798273BFA7
:10B30000E03473BFB6E572BFA99472BF634172BFE8
:10B3100086EB71BFB19271BF813671BF8CD670BFA1
:10B320006A7270BFB10970BFF79B6FBFD4286FBF3F
:10B33000E5AF6EBFCC306EBF32AB6DBFC61E6DBF0A
:10B34000468B6CBF7AF06BBF374E6BBF65A46ABF8C
:10B35000FBF269BF033A69BFA07968BF05B267BF56
:10B3600082E366BF7C0E66BF713365BFF95264BF6E
:10B37000C76D63BFA38462BF729861BF2DAA60BF0F
:10B38000E5BA5FBFBFCB5EBFEFDD5DBFBCF25CBFA8
:10B39000750B5CBF74295BBF144E5ABFB27A59BF9C
:10B3A000A5B058BF39F157BFA83D57BF1B9756BF2F
:10B3B0009BFE55BF117555BF3FFB54BFB99154BF9C
:10B3C000E03854BFDBF053BF96B953BFB79253BFB9
:10B3D0009F7B53BF627353BFCA7853BF4D8A53BF1D
:10B3E00015A653BFF5C953BF76F353BFCF1F54BF44
:10B3F000EB4B54BF737454BFCA9554BF1BAC54BFBE
:10B4000061B354BF6CA754BFEE8354BF894454BF8B
:10B41000D8E453BF806053BF3CB352BFEDD851BF97
:10B42000ADCD50BFD98D4FBF26164EBFB1634CBFB7
:10B430000D744ABF544548BF35D645BF022643BFA9
:10B44000BE3440BF25033DBFB89239BFC3E535BF09
:10B4500064FF31BF8CE32DBFFF9629BF551F25BF69
:10B46000F18220BFFCC81BBF58F916BF931C12BF46
:10B47000D53B0DBFCC6008BF999503BF63C9FDBE26
:10B480008AB1F4BE42F9EBBE1EB6E3BE64FDDBBE7C
:10B49000CAE3D4BE2B7DCEBE40DCC8BE5412C4BEAF
:10B4A000FE2EC0BED73FBDBE3B50BBBE0469BABE78
:10B4B0004F90BABE4CC9BBBE0A14BEBE516DC1BED0
:10B4C00087CEC5BE982DCBBEEF7CD1BE71ABD8BEAA
:10B4D00090A4E0BE5C50E9BEA693F2BE3550FCBE1F
:10B4E0007E3203BF2E5708BF41830DBFDAA212BFC1
:10B4F00062A117BFBC691CBF7EE620BF380225BF12
:10B50000AAA728BF12C22BBF693D2EBFAD0630BF10
:10B51000230C31BF973D31BFA48C30BFECEC2EBF64
:10B5200051542CBF2CBB28BF7B1C24BF09761EBFE7
:10B530008CC817BFC11710BF7A6A07BF4B95FBBEF7
:10B54000978AE6BE05D5CFBEAF9AB7BE5B079EBE53
:10B550002C4C83BE723E4FBE1F7616BEB478B9BD6A
:10B5600016530ABD5FBDBB3C46B8A13D6A09093E02
:10B57000836F3F3E497F733E1156923ED536A93EBA
:10B58000B120BE3E2DD6D03E641EE13EC5C5EE3E86
:10B59000D39EF93E63C1003F1529033FB0FA033F34
:10B5A0008C2E033F4FC1003F2768F93EF518EE3E51
:10B5B0005FA9DF3ECC36CE3E7FE7B93E57EAA23EDA
:10B5C0006A76893E19955B3E6959203E49A5C33D7F
:10B5D0003894023D98050ABDCDD5CDBDBCDB2BBE50
:10B5E000589470BEBA299ABE212CBBBE4EF2DABE68
:10B5F0009E1FF9BE78AD0ABFD9A717BF765723BFE4
:10B6000015982DBF304936BF624E3DBFBD8F42BF3A
:10B610001BFA45BF617F47BFB01647BF87BC44BF19
:10B62000DA7240BF10413ABFF93332BFAF5D28BF75
:10B6300065D51CBF2EB70FBFAB2301BF657FE2BE30
:10B64000D267C0BE98589CBECC5E6DBE2A9D1FBE00
:10B650001A70A0BD000000001A70A03D2A9D1F3E78
:10B66000CC5E6D3E98589C3ED267C03E657FE23E00
:10B67000AB23013F2EB70F3F65D51C3FAF5D283F81
:10B68000F933323F10413A3FDA72403F87BC443FC2
:10B69000B016473F617F473F1BFA453FBD8F423F92
:10B6A000624E3D3F3049363F15982D3F7657233F38
:10B6B000D9A7173F78AD0A3F9E1FF93E4EF2DA3EFA
:10B6C000212CBB3EBA299A3E5894703EBCDB2B3EDF
:10B6D000CDD5CD3D98050A3D389402BD49A5C3BDE1
:10B6E000695920BE19955BBE6A7689BE57EAA2BE2B
:10B6F0007FE7B9BECC36CEBE5FA9DFBEF518EEBE81
:10B700002768F9BE4FC100BF8C2E03BFB0FA03BF3C
:10B71000152903BF63C100BFD39EF9BEC5C5EEBEE8
:10B72000641EE1BE2DD6D0BEB120BEBED536A9BEA8
:10B73000115692BE497F73BE836F3FBE6A0909BE30
:10B7400046B8A1BD5FBDBBBC16530A3DB478B93D38
:10B750001F76163E723E4F3E2C4C833E5B079E3E4C
:10B76000AF9AB73E05D5CF3E978AE63E4B95FB3E56
:10B770007A6A073FC117103F8CC8173F09761E3FF2
:10B780007B1C243F2CBB283F51542C3FECEC2E3F1C
:10B79000A48C303F973D313F230C313FAD06303F05
:10B7A000693D2E3F12C22B3FAAA7283F3802253FF2
:10B7B0007EE6203FBC691C3F62A1173FDAA2123F20
:10B7C00041830D3F2E57083F7E32033F3550FC3EEC
:10B7D000A693F23E5C50E93E90A4E03E71ABD83EA9
:10B7E000EF7CD13E982DCB3E87CEC53E516DC13EFC
:10B7F0000A14BE3E4CC9BB3E4F90BA3E0469BA3EE5
:10B800003B50BB3ED73FBD3EFE2EC03E5412C43E11
:10B8100040DCC83E2B7DCE3ECAE3D43E64FDDB3E19
:10B820001EB6E33E42F9EB3E8AB1F43E63C9FD3EEB
:10B830009995033FCC60083FD53B0D3F931C123FC9
:10B8400058F9163FFCC81B3FF182203F551F253F8A
:10B85000FF96293F8CE32D3F64FF313FC3E5353F21
:10B86000B892393F25033D3FBE34403F0226433F57
:10B8700035D6453F5445483F0D744A3FB1634C3F70
:10B8800026164E3FD98D4F3FADCD503FEDD8513F9D
:10B890003CB3523F8060533FD8E4533F8944543F08
:10B8A000EE83543F6CA7543F61B3543F1BAC543FED
:10B8B000CA95543F7374543FEB4B543FCF1F543FD2
:10B8C00076F3533FF5C9533F15A6533F4D8A533F77
:10B8D000CA78533F6273533F9F7B533FB792533FA6
:10B8E00096B9533FDBF0533FE038543FB991543F92
:10B8F0003FFB543F1175553F9BFE553F1B97563FED
:10B90000A83D573F39F1573FA5B0583FB27A593F4C
:10B91000144E5A3F74295B3F750B5C3FBCF25C3F91
:10B92000EFDD5D3FBFCB5E3FE5BA5F3F2DAA603FD5
:10B930007298613FA384623FC76D633FF952643FD1
:10B940007133653F7C0E663F82E3663F05B2673F19
:10B95000A079683F033A693FFBF2693F65A46A3FFB
:10B96000374E6B3F7AF06B3F468B6C3FC61E6D3F88
:10B9700032AB6D3FCC306E3FE5AF6E3FD4286F3FAA
:10B98000F79B6F3FB109703F6A72703F8CD6703F72
:10B990008136713FB192713F86EB713F6341723FD7
:10B9A000A994723FB6E5723FE034733F7982733FEA
:10B9B000CCCE733F1E1A743FAC64743FAEAE743F7E
:10B9C00054F8743FC941753F2F8B753FA4D4753F20
:10B9D0003E1E763F0F68763F23B2763F82FC763F6D
:10B9E0002E47773F2792773F69DD773FEB28783FF7
:10B9F000A574783F8AC0783F8C0C793F9D58793F79
:10BA0000ADA4793FAAF0793F863C7A3F2D887A3FF2
:10BA100092D37A3FA21E7B3F51697B3F8FB37B3F1E
:10BA20004EFD7B3F84467C3F258F7C3F28D77C3F63
:10BA3000841E7D3F33657D3F2EAB7D3F71F07D3FA2
:10BA4000F9347E3FC3787E3FCFBB7E3F1DFE7E3FF5
:10BA5000AD3F7F3F81807F3F9CC07F3F0000803FA4
:10BA60000000803F0000403F265A423F4BB2443F17
:10BA70007806473FC554493F639B4B3FA1D84D3F94
:10BA8000F20A503FF330523F6A49543F4A53563FFF
:10BA9000B44D583FF6375A3F86115C3F06DA5D3F9A
:10BAA0003C915F3F0E37613F84CB623FBF4E643FA6
:10BAB000F8C0653F7D22673FAB73683FEDB4693FD7
:10BAC000BAE66A3F8F096C3FF21D6D3F6A246E3FF4
:10BAD000821D6F3FC709703FC4E9703F03BE713FCD
:10BAE0000D87723F6745733F93F9733F0FA4743F0F
:10BAF0005545753FDCDD753F166E763F6EF6763F39
:10BB00004E77773F1AF1773F3164783FEED0783F38
:10BB1000A937793FB398793F5CF4793FEE4A7A3F91
:10BB2000B09C7A3FE5E97A3FCE327B3FA6777B3FF8
:10BB3000A6B87B3F06F67B3FF82F7C3FAD667C3F87
:10BB4000539A7C3F15CB7C3F1DF97C3F92247D3F6F
:10BB5000974D7D3F50747D3FDE987D3F60BB7D3FBC
:10BB6000F2DB7D3FB2FA7D3FB8177E3F1D337E3F4B
:10BB7000F94C7E3F62657E3F6C7C7E3F2C927E3F1F
:10BB8000B3A67E3F14BA7E3F5ECC7E3FA2DD7E3FF1
:10BB9000EDED7E3F4FFD7E3FD30B7F3F87197F3F0B
:10BBA00076267F3FAC327F3F323E7F3F12497F3F58
:10BBB00057537F3F075D7F3F2D667F3FCF6E7F3FAF
:10BBC000F5767F3FA67E7F3FE9857F3FC38C7F3F31
:10BBD0003A937F3F55997F3F189F7F3F89A47F3FCE
:10BBE000ABA97F3F83AE7F3F16B37F3F67B77F3FF1
:10BBF0007ABB7F3F53BF7F3FF4C27F3F61C67F3F29
:10BC00009DC97F3FABCC7F3F8CCF7F3F44D27F3FEE
:10BC1000D5D47F3F42D77F3F8BD97F3FB4DB7F3F77
:10BC2000BDDD7F3FA9DF7F3F7AE17F3F31E37F3F8B
:10BC3000CFE47F3F55E67F3FC6E77F3F22E97F3F66
:10BC40006BEA7F3FA1EB7F3FC6EC7F3FDAED7F3FA2
:10BC5000DFEE7F3FD5EF7F3FBDF07F3F98F17F3F25
:10BC600067F27F3F2BF37F3FE3F37F3F91F47F3F0A
:10BC700035F57F3FD0F57F3F63F67F3FEDF67F3FA1
:10BC80006FF77F3FEAF77F3F5FF87F3FCCF87F3F5A
:10BC900034F97F3F95F97F3FF2F97F3F49FA7F3FC3
:10BCA0009BFA7F3FE8FA7F3F31FB7F3F76FB7F3F88
:10BCB000B8FB7F3FF5FB7F3F2FFC7F3F66FC7F3F5C
:10BCC0009AFC7F3FCBFC7F3FF9FC7F3F24FD7F3F09
:10BCD0004DFD7F3F74FD7F3F99FD7F3FBBFD7F3F63
:10BCE000DCFD7F3FFBFD7F3F18FE7F3F33FE7F3F44
:10BCF0004DFE7F3F65FE7F3F7CFE7F3F92FE7F3F94
:10BD0000A7FE7F3FBAFE7F3FCCFE7F3FDEFE7F3F38
:10BD1000EEFE7F3FFDFE7F3F0CFF7F3F1AFF7F3F20
:10BD200026FF7F3F33FF7F3F3EFF7F3F49FF7F3F3F
:10BD300053FF7F3F5DFF7F3F66FF7F3F6FFF7F3F8A
:10BD400077FF7F3F7FFF7F3F86FF7F3F8DFF7F3FF6
:10BD500093FF7F3F99FF7F3F9FFF7F3FA5FF7F3F7F
:10BD6000AAFF7F3FAFFF7F3FB3FF7F3FB7FF7F3F1C
:10BD7000BBFF7F3FBFFF7F3FC3FF7F3FC6FF7F3FCC
:10BD8000CAFF7F3FCDFF7F3FD0FF7F3FD2FF7F3F86
:10BD9000D5FF7F3FD7FF7F3FDAFF7F3FDCFF7F3F4D
:10BDA000DEFF7F3FE0FF7F3FE1FF7F3FE3FF7F3F1D
:10BDB000E5FF7F3FE6FF7F3FE8FF7F3FE9FF7F3FF3
:10BDC000EAFF7F3FECFF7F3FEDFF7F3FEEFF7F3FCE
:10BDD000EFFF7F3FF0FF7F3FF1FF7F3FF2FF7F3FAD
:10BDE000F2FF7F3FF3FF7F3FF4FF7F3FF5FF7F3F91
:10BDF000F5FF7F3FF6FF7F3FF6FF7F3FF7FF7F3F77
:10BE0000F7FF7F3FF8FF7F3FF8FF7F3FF9FF7F3F5E
:10BE1000F9FF7F3FFAFF7F3FFAFF7F3FFAFF7F3F47
:10BE2000FBFF7F3FFBFF7F3FFBFF7F3FFBFF7F3F32
:10BE3000FCFF7F3FFCFF7F3FFCFF7F3FFCFF7F3F1E
:10BE4000FDFF7F3FFDFF7F3FFDFF7F3FFDFF7F3F0A
:10BE5000FDFF7F3FFDFF7F3FFEFF7F3FFEFF7F3FF8
:10BE6000FEFF7F3FFEFF7F3F01800897A79E93A3C1
:10BE700024A7E1A912ACDEAD60AFAAB0C7B1C1B2D0
:10BE80009EB362B413B5B3B545B6CAB644B7B5B739
:10BE90001EB880B8DBB830B981B9CDB914BA58BA78
:10BEA00099BAD6BA11BB49BB7FBBB3BBE5BB15BCC6
:10BEB00043BC70BC9BBCC5BCEEBC16BD3CBD62BDEA
:10BEC00087BDABBDCFBDF1BD13BE35BE56BE76BE80
:10BED00096BEB5BED5BEF4BE12BF30BF4FBF6DBF5C
:10BEE0008ABFA8BFC6BFE3BF00C01EC03BC059C0C9
:10BEF00077C094C0B2C0D1C0EFC00DC12CC14CC13D
:10BF00006BC18BC1ABC1CCC1EEC110C232C256C233
:10BF10007AC29FC2C5C2EBC213C33CC366C391C3FE
:10BF2000BEC3ECC31CC44EC482C4B8C4F0C42BC589
:10BF300068C5A9C5EDC534C680C6D1C626C781C7A8
:10BF4000E3C74CC8BDC837C9BCC94ECAEECA9FCBEF
:10BF500063CC40CD3ACE57CFA1D023D2EFD320D659
:10BF6000DDD86EDC5AE1F9E800000717A61E92231F
:10BF70002327E029112CDD2D5F2FA930C631C032D7
:10BF80009D3361341235B2354436C9364337B43740
:10BF90001D387F38DA382F398039CC39133A573A7F
:10BFA000983AD53A103B483B7E3BB23BE43B143CCD
:10BFB000423C6F3C9A3CC43CED3C153D3B3D613DF1
:10BFC000863DAA3DCE3DF03D123E343E553E753E87
:10BFD000953EB43ED43EF33E113F2F3F4E3F6C3F63
:10BFE000893FA73FC53FE23F00401D403A405840CF
:10BFF00076409340B140D040EE400C412B414B4144
:10C000006A418A41AA41CB41ED410F42314255423A
:10C0100079429E42C442EA4212433B436543904305
:10C02000BD43EB431B444D448144B744EF442A4590
:10C030006745A845EC4533467F46D04625478047AF
:10C04000E2474B48BC483649BB494D4AED4A9E4BF6
:10C05000624C3F4D394E564FA0502252EE531F5660
:10C06000DC586D5C5961F868FF7F00000180018138
:10C07000018201830184018501860187018801898C
:10C08000018A018B018C018D018E018F019001913C
:10C0900001920193019401950196019701980199EC
:10C0A000019A019B019C019D019E019F01A001A19C
:10C0B00001A201A301A401A501A601A701A801A94C
:10C0C00001AA01AB01AC01AD01AE01AF01B001B1FC
:10C0D00001B201B301B401B501B601B701B801B9AC
:10C0E00001BA01BB01BC01BD01BE01BF00C000C15E
:10C0F00000C200C300C400C500C600C700C800C914
:10C1000000CA00CB00CC00CD00CE00CF00D000D1C3
:10C1100000D200D300D400D500D600D700D800D973
:10C1200000DA00DB00DC00DD00DE00DF00E000E123
:10C1300000E200E300E400E500E600E700E800E9D3
:10C1400000EA00EB00EC00ED00EE00EF00F000F183
:10C1500000F200F300F400F500F600F700F800F933
:10C1600000FA00FB00FC00FD00FE00FF00000001E3
:10C170000002000300040005000600070008000993
:10C18000000A000B000C000D000E000F0010001143
:10C1900000120013001400150016001700180019F3
:10C1A000001A001B001C001D001E001F00200021A3
:10C1B0000022002300240025002600270028002953
:10C1C000002A002B002C002D002E002F0030003103
:10C1D00000320033003400350036003700380039B3
:10C1E000003A003B003C003D003E003F0040FF4065
:10C1F000FF41FF42FF43FF44FF45FF46FF47FF4823
:10C20000FF49FF4AFF4BFF4CFF4DFF4EFF4FFF50D2
:10C21000FF51FF52FF53FF54FF55FF56FF57FF5882
:10C22000FF59FF5AFF5BFF5CFF5DFF5EFF5FFF6032
:10C23000FF61FF62FF63FF64FF65FF66FF67FF68E2
:10C24000FF69FF6AFF6BFF6CFF6DFF6EFF6FFF7092
:10C25000FF71FF72FF73FF74FF75FF76FF77FF7842
:10C26000FF79FF7AFF7BFF7CFF7DFF7EFF7F000071
:10C27000000000000101010203030405060708098C
:10C280000A0C0D0F11131517191C1E212426292C19
:10C29000303336393D4044474B4E5255595C5F630D
:10C2A00066696C6E71737678797B7C7D7E7F7F7F2B
:10C2B0007F7E7D7C7A797674716E6B6864605C5782
:10C2C000534E49443F3A352F2A251F1A15100B06A5
:10C2D00001FDF8F4F0ECE9E6E3E0DDDBD9D8D6D5F2
:10C2E000D5D4D4D4D4D4D5D6D7D8D9DADCDDDFE0D0
:10C2F000E2E3E5E6E8E9EAECEDEEEEEFF0F0F0F08F
:10C30000F0F0EFEFEEEDECEBE9E8E6E5E3E2E0DE9E
:10C31000DDDBD9D8D6D5D4D2D1D0D0CFCFCECECEEA
:10C32000CFCFD0D1D2D3D4D6D7D9DBDDDFE1E3E58F
:10C33000E7E9ECEEF0F2F3F5F7F8F9FAFBFCFDFDB6
:10C34000FDFDFDFCFBFAF9F7F6F4F2F0EEEBE9E6A1
:10C35000E3E0DEDBD8D5D2CFCDCAC8C5C3C1BFBDEF
:10C36000BCBAB9B8B8B7B7B7B7B8B8B9BABBBDBE39
:10C37000C0C1C3C5C7CACCCED0D3D5D7D9DBDDDFCA
:10C38000E1E3E5E6E7E9EAEBECECEDEDEDEEEEEE10
:10C39000EDEDEDECECEBEBEAEAE9E9E8E8E7E7E7FD
:10C3A000E6E6E6E7E7E7E8E8E9EAEBECEDEEF0F1F0
:10C3B000F3F4F6F8FAFCFDFF01030507080A0C0D7B
:10C3C0000F1011121314151516161616161616162A
:10C3D00015151413131211100F0E0E0D0C0B0A0A63
:10C3E000090908080808080808080809090A0B0CC0
:10C3F0000D0E0F10111213151617181A1B1C1D1EE7
:10C400001F20212122232323242424242323232205
:10C41000222121201F1E1E1D1C1B1A191918171658
:10C4200016151414131313131313131313131414D3
:10C430001515161617171819191A1B1B1C1D1D1D6B
:10C440001E1E1E1F1F1F1F1E1E1E1D1D1C1C1B1A15
:10C450001A191817161514131211100F0F0E0D0CB0
:10C460000C0B0A0A0A09090909090909090A0A0A31
:10C470000B0B0C0C0C0D0D0E0E0E0F0F0F0F0F0FE4
:10C480000F0F0F0F0E0E0E0D0C0C0B0A09080807EC
:10C4900006050403020100FFFEFDFCFCFBFAFAF9AD
:10C4A000F9F8F8F8F7F7F7F7F7F7F7F7F8F8F8F912
:10C4B000F9F9FAFAFBFBFBFCFCFCFDFDFDFEFEFEC0
:10C4C000FEFFFFFFFFFFFFFFFFFFFFFFFFFFFEFE7F
:10C4D000FEFEFEFEFEFEFEFEFEFEFEFEFEFEFEFE7C
:10C4E000FEFEFEFEFEFFFFFFFFFFFF00000000005C
:10C4F00000000000900E493CB00AC93C2CC3163D18
:10C5000030FB483D742B7B3D05A9963D80B6AF3D81
:10C5100036BDC83D2EBCE13D73B2FA3D86CF093E23
:10C520008340163EB6AB223EA2102F3ECF6E3B3E5E
:10C53000C2C5473E0115543E135C603E7F9A6C3E77
:10C54000CCCF783EC07D823E938E883E229A8E3E2E
:10C5500031A0943E86A09A3EE59AA03E128FA63E58
:10C56000D47CAC3EEF63B23E2A44B83E4A1DBE3E88
:10C5700015EFC33E53B9C93ECA7BCF3E4136D53EC7
:10C5800080E8DA3E4F92E03E7533E63EBBCBEB3EB1
:10C59000EA5AF13ECBE0F63E275DFC3EE4E7003F81
:10C5A0003D9C033F824B063F9BF5083F6B9A0B3F38
:10C5B000DA390E3FCDD3103F2A68133FD9F6153F25
:10C5C000C07F183FC6021B3FD17F1D3FCBF61F3FE8
:10C5D0009967223F25D2243F5636273F1594293F9D
:10C5E0004AEB2B3FDE3B2E3FBB85303FC9C8323F75
:10C5F000F304353F233A373F4268393F3B8F3B3F97
:10C60000F9AE3D3F67C73F3F70D8413F00E2433F2F
:10C6100003E4453F65DE473F12D1493FF8BB4B3F3E
:10C62000029F4D3F1F7A4F3F3D4D513F4918533FA9
:10C6300031DB543FE595563F5348583F6AF2593F26
:10C640001A945B3F532D5D3F05BE5E3F2146603F20
:10C6500098C5613F5A3C633F59AA643F880F663FC3
:10C66000D86B673F3CBF683FA7096A3F0C4B6B3FE5
:10C670005E836C3F93B26D3F9ED86E3F73F56F3F04
:10C680000809713F5213723F4714733FDD0B743F2B
:10C690000BFA743FC6DE753F07BA763FC58B773F0E
:10C6A000F853783F9812793F9DC7793F02737A3FDC
:10C6B000BE147B3FCDAC7B3F283B7C3FC9BF7C3F5A
:10C6C000AC3A7D3FCCAB7D3F24137E3FB0707E3FC4
:10C6D0006DC47E3F580E7F3F6D4E7F3FAB847F3FE2
:10C6E0000FB17F3F98D37F3F43EC7F3F11FB7F3FEC
:10C6F0000000803F11FB7F3F43EC7F3F98D37F3F9B
:10C700000FB17F3FAB847F3F6D4E7F3F580E7F3F21
:10C710006DC47E3FB0707E3F24137E3FCCAB7D3F27
:10C72000AC3A7D3FC9BF7C3F283B7C3FCDAC7B3FD3
:10C73000BE147B3F02737A3F9DC7793F9812793FC1
:10C74000F853783FC58B773F07BA763FC6DE753F13
:10C750000BFA743FDD0B743F4714733F5213723F63
:10C760000809713F73F56F3F9ED86E3F93B26D3FDE
:10C770005E836C3F0C4B6B3FA7096A3F3CBF683F31
:10C78000D86B673F880F663F59AA643F5A3C633FA6
:10C7900098C5613F2146603F05BE5E3F532D5D3F1A
:10C7A0001A945B3F6AF2593F5348583FE595563F0C
:10C7B00031DB543F4918533F3D4D513F1F7A4F3FA6
:10C7C000029F4D3FF8BB4B3F12D1493F65DE473FCB
:10C7D00003E4453F00E2433F70D8413F67C73F3F16
:10C7E000F9AE3D3F3B8F3B3F4268393F233A373FED
:10C7F000F304353FC9C8323FBB85303FDE3B2E3F97
:10C800004AEB2B3F1594293F5636273F25D2243F2C
:10C810009967223FCBF61F3FD17F1D3FC6021B3FCA
:10C82000C07F183FD9F6153F2A68133FCDD3103F7C
:10C83000DA390E3F6B9A0B3F9BF5083F824B063F60
:10C840003D9C033FE4E7003F275DFC3ECBE0F63E26
:10C85000EA5AF13EBBCBEB3E7533E63E4F92E03EEB
:10C8600080E8DA3E4136D53ECA7BCF3E53B9C93E59
:10C8700015EFC33E4A1DBE3E2A44B83EEF63B23EAA
:10C88000D47CAC3E128FA63EE59AA03E86A09A3E8E
:10C8900031A0943E229A8E3E938E883EC07D823E89
:10C8A000CCCF783E7F9A6C3E135C603E0115543EBF
:10C8B000C2C5473ECF6E3B3EA2102F3EB6AB223ED6
:10C8C0008340163E86CF093E73B2FA3D2EBCE13D51
:10C8D00036BDC83D80B6AF3D05A9963D742B7B3D66
:10C8E00030FB483D2CC3163DB00AC93C900E493C74
:10C8F00032310D25900E49BCB00AC9BC2CC316BDFF
:10C9000030FB48BD742B7BBD05A996BD80B6AFBD7D
:10C9100036BDC8BD2EBCE1BD73B2FABD86CF09BE1F
:10C92000834016BEB6AB22BEA2102FBECF6E3BBE5A
:10C93000C2C547BE011554BE135C60BE7F9A6CBE73
:10C94000CCCF78BEC07D82BE938E88BE229A8EBE2A
:10C9500031A094BE86A09ABEE59AA0BE128FA6BE54
:10C96000D47CACBEEF63B2BE2A44B8BE4A1DBEBE84
:10C9700015EFC3BE53B9C9BECA7BCFBE4136D5BEC3
:10C9800080E8DABE4F92E0BE7533E6BEBBCBEBBEAD
:10C99000EA5AF1BECBE0F6BE275DFCBEE4E700BF7D
:10C9A0003D9C03BF824B06BF9BF508BF6B9A0BBF34
:10C9B000DA390EBFCDD310BF2A6813BFD9F615BF21
:10C9C000C07F18BFC6021BBFD17F1DBFCBF61FBFE4
:10C9D000996722BF25D224BF563627BF159429BF99
:10C9E0004AEB2BBFDE3B2EBFBB8530BFC9C832BF71
:10C9F000F30435BF233A37BF426839BF3B8F3BBF93
:10CA0000F9AE3DBF67C73FBF70D841BF00E243BF2B
:10CA100003E445BF65DE47BF12D149BFF8BB4BBF3A
:10CA2000029F4DBF1F7A4FBF3D4D51BF491853BFA5
:10CA300031DB54BFE59556BF534858BF6AF259BF22
:10CA40001A945BBF532D5DBF05BE5EBF214660BF1C
:10CA500098C561BF5A3C63BF59AA64BF880F66BFBF
:10CA6000D86B67BF3CBF68BFA7096ABF0C4B6BBFE1
:10CA70005E836CBF93B26DBF9ED86EBF73F56FBF00
:10CA8000080971BF521372BF471473BFDD0B74BF27
:10CA90000BFA74BFC6DE75BF07BA76BFC58B77BF0A
:10CAA000F85378BF981279BF9DC779BF02737ABFD8
:10CAB000BE147BBFCDAC7BBF283B7CBFC9BF7CBF56
:10CAC000AC3A7DBFCCAB7DBF24137EBFB0707EBFC0
:10CAD0006DC47EBF580E7FBF6D4E7FBFAB847FBFDE
:10CAE0000FB17FBF98D37FBF43EC7FBF11FB7FBFE8
:10CAF000000080BF11FB7FBF43EC7FBF98D37FBF97
:10CB00000FB17FBFAB847FBF6D4E7FBF580E7FBF1D
:10CB10006DC47EBFB0707EBF24137EBFCCAB7DBF23
:10CB2000AC3A7DBFC9BF7CBF283B7CBFCDAC7BBFCF
:10CB3000BE147BBF02737ABF9DC779BF981279BFBD
:10CB4000F85378BFC58B77BF07BA76BFC6DE75BF0F
:10CB50000BFA74BFDD0B74BF471473BF521372BF5F
:10CB6000080971BF73F56FBF9ED86EBF93B26DBFDA
:10CB70005E836CBF0C4B6BBFA7096ABF3CBF68BF2D
:10CB8000D86B67BF880F66BF59AA64BF5A3C63BFA2
:10CB900098C561BF214660BF05BE5EBF532D5DBF16
:10CBA0001A945BBF6AF259BF534858BFE59556BF08
:10CBB00031DB54BF491853BF3D4D51BF1F7A4FBFA2
:10CBC000029F4DBFF8BB4BBF12D149BF65DE47BFC7
:10CBD00003E445BF00E243BF70D841BF67C73FBF12
:10CBE000F9AE3DBF3B8F3BBF426839BF233A37BFE9
:10CBF000F30435BFC9C832BFBB8530BFDE3B2EBF93
:10CC00004AEB2BBF159429BF563627BF25D224BF28
:10CC1000996722BFCBF61FBFD17F1DBFC6021BBFC6
:10CC2000C07F18BFD9F615BF2A6813BFCDD310BF78
:10CC3000DA390EBF6B9A0BBF9BF508BF824B06BF5C
:10CC40003D9C03BFE4E700BF275DFCBECBE0F6BE22
:10CC5000EA5AF1BEBBCBEBBE7533E6BE4F92E0BEE7
:10CC600080E8DABE4136D5BECA7BCFBE53B9C9BE55
:10CC700015EFC3BE4A1DBEBE2A44B8BEEF63B2BEA6
:10CC8000D47CACBE128FA6BEE59AA0BE86A09ABE8A
:10CC900031A094BE229A8EBE938E88BEC07D82BE85
:10CCA000CCCF78BE7F9A6CBE135C60BE011554BEBB
:10CCB000C2C547BECF6E3BBEA2102FBEB6AB22BED2
:10CCC000834016BE86CF09BE73B2FABD2EBCE1BD4D
:10CCD00036BDC8BD80B6AFBD05A996BD742B7BBD62
:10CCE00030FB48BD2CC316BDB00AC9BC900E49BC70
:10CCF00032318DA5900E493CB00AC93C2CC3163D7B
:10CD000030FB483D742B7B3D05A9963D80B6AF3D79
:10CD100036BDC83D2EBCE13D73B2FA3D86CF093E1B
:10CD20008340163EB6AB223EA2102F3ECF6E3B3E56
:10CD3000C2C5473E0115543E135C603E7F9A6C3E6F
:10CD4000CCCF783EC07D823E938E883E229A8E3E26
:10CD500031A0943E86A09A3EE59AA03E128FA63E50
:10CD6000D47CAC3EEF63B23E2A44B83E4A1DBE3E80
:10CD700015EFC33E53B9C93ECA7BCF3E4136D53EBF
:10CD800080E8DA3E4F92E03E7533E63EBBCBEB3EA9
:10CD9000EA5AF13ECBE0F63E275DFC3EE4E7003F79
:10CDA0003D9C033F824B063F9BF5083F6B9A0B3F30
:10CDB000DA390E3FCDD3103F2A68133FD9F6153F1D
:10CDC000C07F183FC6021B3FD17F1D3FCBF61F3FE0
:10CDD0009967223F25D2243F5636273F1594293F95
:10CDE0004AEB2B3FDE3B2E3FBB85303FC9C8323F6D
:10CDF000F304353F233A373F4268393F3B8F3B3F8F
:10CE0000F9AE3D3F67C73F3F70D8413F00E2433F27
:10CE100003E4453F65DE473F12D1493FF8BB4B3F36
:10CE2000029F4D3F1F7A4F3F3D4D513F4918533FA1
:10CE300031DB543FE595563F5348583F6AF2593F1E
:10CE40001A945B3F532D5D3F05BE5E3F2146603F18
:10CE500098C5613F5A3C633F59AA643F880F663FBB
:10CE6000D86B673F3CBF683FA7096A3F0C4B6B3FDD
:10CE70005E836C3F93B26D3F9ED86E3F73F56F3FFC
:10CE80000809713F5213723F4714733FDD0B743F23
:10CE90000BFA743FC6DE753F07BA763FC58B773F06
:10CEA000F853783F9812793F9DC7793F02737A3FD4
:10CEB000BE147B3FCDAC7B3F283B7C3FC9BF7C3F52
:10CEC000AC3A7D3FCCAB7D3F24137E3FB0707E3FBC
:10CED0006DC47E3F580E7F3F6D4E7F3FAB847F3FDA
:10CEE0000FB17F3F98D37F3F43EC7F3F11FB7F3FE4
:10CEF0000000803F000080BD000070BD000060BDEC
:10CF0000000050BD000040BD000030BD000020BD4D
:10CF1000000010BD000000BD0000E0BC0000C0BC6F
:10CF20000000A0BC000080BC000040BC000000BCB1
:10CF3000000080BB000000000000000000000000B6
:10CF400000000000F453843A09571E3B5525833BEB
:10CF5000FCC2BD3BA4DDFF3B1935253C6B3E4F3C7D
:10CF600085A67E3C830E9A3C0234B83C6C33DA3C96
:10CF70005C45003DF7E3153DA1452E3DADC4493D5F
:10CF8000FAC6683DB4DF853DC497993DB9D4AF3D3D
:10CF9000F8E8C83D6A31E53D6B8B023EB487143E2C
:10CFA00032D0283E0AB03F3EFA7B593E9493763EFB
:10CFB00050B18B3E55319E3E630EB33EC595CA3E81
:10CFC000A81EE53EAC85013F5965123FDF6C253F49
:10CFD000BDE23A3F7616533FB2616E3F3C01803F5F
:10CFE000C9B8803F0A25863F018D973F4C82BA3FE2
:10CFF00000000040000000400000DCFF6AFFA4FECB
:10D0000084FD07FC28FAE6F740F538F2CFEE0AEB8C
:10D01000EFE684E2D2DDE3D8C1D379CE18C9ACC340
:10D0200043BEEBB8B6B3B0AEE9A96FA551A19A9DC6
:10D03000579A93975695A8938E92CA9119917A9080
:10D04000EE8F768F108FBE8E808E558E3E8E3B8EED
:10D050004B8E6F8EA78EF38E528FC48F4990E290C5
:10D060008D914B921B93FD93F194F7950D97349806
:10D070006C99B39A0A9C6F9DE39E65A0F5A191A35C
:10D080003AA5EEA6AEA878AA4CAC29AE0FB0FDB179
:10D09000F3B3EFB5F1B7F8B904BC13BE26C03BC279
:10D0A00052C46AC682C89ACAB0CCC5CED7D0E5D21F
:10D0B000EFD4F5D6F5D8EFDAE2DCCDDEB1E08BE2E5
:10D0C0005CE423E6DEE78FE934EBCCEC57EED4EFFB
:10D0D00043F1A4F2F6F338F56AF68BF79CF89CF965
:10D0E0008AFA66FB30FCE8FC8DFD1FFE9EFE0AFFFF
:10D0F00062FFA7FFD9FFF6FF00000A0027005900D2
:10D100009E00F6006201E10173021803D0039A0445
:10D1100076056406640775089609C80A0A0C5C0D52
:10D12000BD0E2C10A9113413CC1471162218DD1960
:10D13000A41B751D4F1F33211E2311250B270B29FF
:10D14000112B1B2D292F3B31503366357E379639F5
:10D15000AE3BC53DDA3FED41FC4308460F48114A5E
:10D160000D4C034EF14FD751B453885552571259B5
:10D17000C65A6F5C0B5E9B5F1D619162F6634D65E5
:10D180009466CC67F368096A0F6B036CE56CB56D48
:10D19000736E1E6FB76F3C70AE700D7159719171E7
:10D1A000B571C571C271AB7180714271F0708A70D6
:10D1B0001270866FE76E366E726D586CAA6A6D6873
:10D1C000A9656662AF5E915A175650514A4C154791
:10D1D000BD41543CE83687313F2C1D272E227C1D53
:10D1E0001119F6143111C80DC00A1A08D805F9032F
:10D1F0007C025C0196002400000000002815C83C59
:10D20000B568BE3DF7232B3E0AA55C3E01803787FB
:10D21000378A878C7C8E3790C9913D939894DF959F
:10D2200016973F985C996F9A789B799C739D669E40
:10D23000549F3BA01EA1FCA1D6A2ACA37FA44EA5E7
:10D240001AA6E3A6AAA76DA82FA9EEA9ABAA67AB59
:10D2500020ACD8AC8EAD42AEF5AEA7AF57B006B19C
:10D26000B5B162B20EB3B9B363B40CB5B5B55DB6C2
:10D2700004B7ABB751B8F7B89CB941BAE5BA89BBA6
:10D280002DBCD1BC74BD17BEBBBE5EBF00C0A3C069
:10D2900046C1EAC18DC230C3D4C378C41CC5C0C561
:10D2A00065C60AC7B0C756C8FDC8A4C94CCAF5CAE6
:10D2B0009ECB48CCF3CC9FCD4CCEFBCEAACF5AD040
:10D2C0000CD1BFD173D229D3E1D39AD456D513D67A
:10D2D000D2D694D757D81ED9E7D9B3DA82DB55DC3A
:10D2E0002BDD05DEE3DEC6DFADE09BE18EE288E309
:10D2F00089E492E5A5E6C2E7EBE822EA69EBC4EC33
:10D3000038EECAEF85F17AF3CAF5CAF8000036079D
:10D31000360A860C7B0E3610C8113C139714DE15A6
:10D3200015173E185B196E1A771B781C721D651E47
:10D33000531F3A201D21FB21D522AB237E244D25EE
:10D340001926E226A9276C282E29ED29AA2A662B60
:10D350001F2CD72C8D2D412EF42EA62F56300531A3
:10D36000B43161320D33B83362340B35B4355C36C9
:10D370000337AA375038F6389B39403AE43A883BAD
:10D380002C3CD03C733D163EBA3E5D3F0040A2406F
:10D390004541E9418C422F43D34377441B45BF4568
:10D3A00064460947AF475548FC48A3494B4AF44AED
:10D3B0009D4B474CF24C9E4D4B4EFA4EA94F595047
:10D3C0000B51BE5172522853E05399545555125681
:10D3D000D156935756581D59E659B25A815B545C41
:10D3E0002A5D045EE25EC55FAC609A618D62876310
:10D3F00088649165A466C167EA68216A686BC36C3A
:10D40000376EC96F84717973C975C978FF7F000061
:10D410006163554463630000381400023801420E12
:10D4200007616363446363630033000A0050005F75
:10D4300002326063633C636363003F2A000038018B
:10D440006300326163634463636300000000002093
:10D4500000630232616363446363630000000000A1
:10D4600000006302006163634463636300000000C3
:10D47000003800630200636363633232323217089C
:10D48000200006631118434C49434B2031323420AD
:10D49000602D006363000000265122033800630CF6
:10D4A0000063556363630000001B530000180058BD
:10D4B0000C00616362636363630030005001080025
:10D4C0002A083461636263636363002C552B030095
:10D4D00000430600616362636363630037633A037A
:10D4E00038005902016163626363636300000000F6
:10D4F00000380063020063636363323232321D0816
:10D5000023000000010C2A48616D6D6F6E642031AC
:10D51000633D6363630000002762000038004B082E
:10D520000063636362636363002700000038005692
:10D530000400636363626363630027000000381CB8
:10D54000470A0063636362636363005662000F38D7
:10D550001C6304006363636263636300270000006D
:10D56000400063020063636362636363002700003B
:10D5700000380063000063475F3C323232321C00E7
:10D58000210000002818452E4F5247414E203320DD
:10D5900063620A63636363000000000038004902AD
:10D5A0000063620A6363636300000000003800598F
:10D5B000060063620A6363636300000000003800D2
:10D5C0005A060063620A6363636300000000003868
:10D5D000005A060063620A63636363000000000090
:10D5E00038005A040063620A63636363000000004A
:10D5F0000038005B00644B504B3C323232321C0E20
:10D60000230E1600191836302D53204F5247414E25
:10D61000575A636363000000000000003A0B631276
:10D6200026634D1E59633E6363260A380C3818443E
:10D63000072063441039635A63002C002C0008084B
:10D640005A08006032103E63616300000000003A37
:10D65000136301156344105A6357635E2600080084
:10D660002A085F020060321042636163000000001C
:10D67000004A0763010163636363323232311B0E78
:10D6800023000B00310C4F505449432032382020E6
:10D6900048191946636363002E0A010C3B084C14B9
:10D6A000003D19193D63635D00000000003B00610F
:10D6B00004003D191932636361003C0A0A003B0013
:10D6C00058080063613E2F63635A002E1128033D02
:10D6D000004B020063613E2F63635A0000000000AC
:10D6E0003C005A00002D191924636362002900329E
:10D6F000003D006300005E435F3C32323232120F65
:10D7000022210000280C5049504553202020312070
:10D71000595016416363630000003C0438003A0826
:10D72000015844164B3C636300000032043800503B
:10D730001001495016324F6363000000140030009E
:10D740006204014C50163F63636300230D0F003CDD
:10D7500000570201636339403934630000001E0042
:10D7600038006308014D504A3063616300230D0A9D
:10D77000033A006300005E035F3C3232323218032A
:10D78000233F0000181850495045532020203320D3
:10D79000595016416363630000003C0438003A08A6
:10D7A000015844164B464646004E000508380054C2
:10D7B00010013E5016326363630000001400300015
:10D7C0006204012F50163F63636300230D0F003C7A
:10D7D00000610201551E3940394B630000001E00F4
:10D7E00038006308013550293063616300230D0A56
:10D7F000033A006300005E035F3C323232321803AA
:10D80000233F000018185049504553202020322053
:10D81000636363006363636314006300681D320124
:10D820005834636300626161003000140028055AB7
:10D830000201636323006355605A2E5A020E2805C5
:10D840004402013263632E636363001A00060068BA
:10D85000046302005A5A5228505E55502C4C4E0315
:10D86000480E5F02003463632E636363000F002180
:10D8700004680E630063565A63633534323200071E
:10D88000281E060828184A582D33332D50202020F2
:10D89000324C0A14635C0000000000000003460CD8
:10D8A000002A490A23625C00000000000070034166
:10D8B0000800344A0A14636224000000000050008B
:10D8C0004B04002A0F0F23635C2000000000006857
:10D8D000006308002B0D0014635C1C0000000000B6
:10D8E00008034B040046380A23626223000000004C
:10D8F0000020006308006363636332323232010F39
:10D9000023000B00300C534F554E44545241434BAF
:10D9100063261929634748002700010F7004520647
:10D920000063271921634740002700000F70004C57
:10D930000400634C632F635860002700000F7000E1
:10D9400063020063271921634740002700010F3855
:10D950000453040063261924634848002700000F7D
:10D960003800520200634C632F63586000270000A8
:10D970000F3800630200545F5F3C32323232020ED5
:10D9800025000000401849434520504144202032E2
:10D9900033161F29635C00000000000B710762044E
:10D9A000005B252429636300000000000103095384
:10D9B000040063162428635B0000000000012C10A3
:10D9C0005500625B140828635E0000000000005DE3
:10D9D00005630062632B1D25635600000000000CE8
:10D9E0003C104E16005C3106286359000000000010
:10D9F000001A046302005E435F3C323232321B0283
:10DA00001F0B153F19184D31205041445320202041
:10DA10002520181C63605C003600000033044816A3
:10DA2000002520181C63605C003600000039083BAC
:10DA30000E002520181C63605C00360000002B08D7
:10DA400063020063221423635C540031000000026F
:10DA5000003D0800632E001C635D57003600000087
:10DA600009085A04002F211423635C54003100007C
:10DA700000020463011C5E435F3C32323232020713
:10DA800026211147280C4341524C4F53202020326D
:10DA90001E29312863000000336300004103600247
:10DAA000024F2963206300000033630000391C63C8
:10DAB00004002363632863636300290026051900BB
:10DAC0005A0801236363286363630029002605194C
:10DAD0000061020123636328636363002900260554
:10DAE00049005A0800236363286363630029002602
:10DAF0000539005E020063636363323232321E0511
:10DB00002332100A2818534F465420544F55434887
:10DB10002419311F634400000000000038083E2033
:10DB20004B2516163263160F0000000000680C63C8
:10DB30000A002424162C632A250000000000580146
:10DB40002C38002A10212963200000000005003035
:10DB500000630A001918161B634200000000000051
:10DB60005800241E002312162363502B00000000CF
:10DB7000000000630A004B504B3C32323232040C3E
:10DB80002700062618132A506C616E6574732020D6
:10DB900050191A0C55635100000000003800510262
:10DBA000002D145F1E466363000000000038006310
:10DBB000390D50101A195563510000000000700013
:10DBC0005102002D145F1E46636300000000003800
:10DBD0000063010850101A1955635100000000003D
:10DBE00000005102002D145F1E4663630000000018
:10DBF0000038006321006363636332323232040809
:10DC000023000000310C434952525553202020205C
:10DC10001D160025630000000200000A38006202A1
:10DC20000032150025630000000200000A3800637E
:10DC30000200620C471D630020000200000A2A0057
:10DC400000044B5F21471A630020000200000A1203
:10DC500000000200620C471D630020010200000A60
:10DC6000520000044B5F21471A63002000020000AD
:10DC70000A4A00000200435F5F3C32323232040441
:10DC8000230000006218454E54524958202020209D
:10DC90005E1C0063636363000000000058004E00D8
:10DCA000001C580063636300000000000070026302
:10DCB0000100631C00636363000000000000280093
:10DCC0004D00001C580063636363000000000048BF
:10DCD000026301005E1C00636363630000000000D8
:10DCE00000004B00001C580000636363000000004C
:10DCF0000018026301006363636332323232040549
:10DD00002323000010184D414C20504F4C59202027
:10DD100063101414004B00563700280038046304C5
:10DD2000004163151A636363002B63000371005E97
:10DD3000010063190E1828533C63370000002804C3
:10DD40006300014646321E636363002B63000338A1
:10DD5000005C0125610A1A1428630056370014007C
:10DD600048046302323263101D636323002B630097
:10DD70000339005C01150904133E323232320403C8
:10DD80001700093238185465787475726573203637
:10DD90003C2D03232E5B635B0C00050058045402EA
:10DDA0000043110725635D1C001F0007005004633A
:10DDB000020044400E32634E004900000000280873
:10DDC0005912293739232E63510000000004003016
:10DDD000145C10003C2D04222E5963590C000700DE
:10DDE00018045702323D110725635D1C001F000B0C
:10DDF0000020086302324943636334313232040E37
:10DE00001A2019001018457468657269616C3561D3
:10DE1000260B06156352460035000800380C4608EC
:10DE200000270C0E17635300003C000E0038084416
:10DE30000141250D14196353520035000600380CBA
:10DE40004A0200260F0F1C6355000035000D0038F4
:10DE5000084401331E11081E5C5063003A00140090
:10DE600028005700003A00002063615F00000000B6
:10DE70000038046301000904133E323232320F07C6
:10DE80000A000300392427416972792720202020C5
:10DE9000461B10335A635B000200090A0B00590449
:10DEA00000461B10325A635B000200040A0B004953
:10DEB0000000461B102F5A635B000200000A6E0030
:10DEC0005000004028172863615E000200000A77B6
:10DED00000630000321A09285E635D001A00050A1B
:10DEE0007300550000416363286363630002000010
:10DEF0000A2C006300006262626232323232140E17
:10DF000028000D003118424F524F4E204120202052
:10DF10002300000063636300273C000607035400EE
:10DF200000202A472263636300336300063B0063DB
:10DF300001000A00000063636300276300063B00E2
:10DF4000470000232A472263636300336300063BD4
:10DF5000006301003D6314006362550027630006FF
:10DF60003D004A0000252A472263636300336300B3
:10DF7000063B006301006363636332323232040F95
:10DF800009002300101856414E47454C4953203193
:10DF9000461B101F5A635B000000110077005E04EF
:10DFA00000461B10285A635B000000000008004A6E
:10DFB0000000461B10275A63630000000000680041
:10DFC0004B00004028173363615E000000000070C2
:10DFD00000630000321A09245E635D001800070028
:10DFE0007000560000416363326363630000000009
:10DFF0000028006300006363636332323232080E2C
:10E000000E0000000B18535452494E475320432032
:10E0100035402C36635C3800371900033A08361C4B
:10E020000035432636565C4A00000000003A04548E
:10E03000060060131436635C5900000000003A08C3
:10E040004B020032342329635C5B0033623C033AA9
:10E050000463020063472333525C5700360000001C
:10E060003900560200341E192B635C5A0000000070
:10E07000003A046302005E435F3C323232320E0FDC
:10E080001C2E1E00180C535452494E475320332067
:10E09000484C0A20635C0000000000003800461075
:10E0A000004C490A1C635C0000000000003800427C
:10E0B0000400314A0A206262240062000000380035
:10E0C0004C0400330F0A2F635C000000000000685E
:10E0D000005C0400510D0719635C1C000000000087
:10E0E00008004A040030380A2F62622400620000EF
:10E0F0000038005C0400545F5F3C32323232010F62
:10E100001E510800280C535452494E4753203220C8
:10E110005E1F621462014E00230A000021044402C3
:10E12000322E3C282857575D000000000038004F71
:10E1300006004F443E2863636300295751053A04A3
:10E140004902323021282F63575900000000005047
:10E15000046002324F443E286363630024622F054B
:10E160002A044E02003821282F635759000000006E
:10E17000005000630200545F5F3C323232320107CC
:10E1800021230F002018535452494E475320372063
:10E190002E191924636060002E0032003800430AF3
:10E1A000002E191929636060000000000038004348
:10E1B00000002E1919236360600000000000380081
:10E1C0004E02002E19192B636060000000000072DF
:10E1D0000063292062000000636363000000010007
:10E1E00007004B0400292A472263636300000000F4
:10E1F0000073006304006363636332323232010FE1
:10E2000023000000200C46554C4C20535452494EDC
:10E210002E191923636060002E0032003800430A73
:10E22000002E1919296360600000000000380043C7
:10E2300000622E19192B6360600000000000380096
:10E240004E02002E19192B6360600000000000725E
:10E25000006319203C19191C63605A001B0A050051
:10E2600070005004005019193063605A002E000AE3
:10E27000003000633101636363633232323201077D
:10E2800023210800270C53594E2D4F52434820207C
:10E2900031631C4462625B00273632053C0852023F
:10E2A000004D242947636262002700000F40086286
:10E2B00002004D242947636262002700000F3808DE
:10E2C0006302004D4C5247636262002700000F2832
:10E2D000086302003E331D47525F60001B000707C2
:10E2E0007000560000484C63476358600027000EDA
:10E2F0000F7000620000545F5F3C32323232150F03
:10E300002500050038184252415353202020312067
:10E310003C3D134663626100000000003907530270
:10E320000044141446635F5F00000000003A076376
:10E33000020044141446635F5F00000000003A07C7
:10E340006102004414144663605F00000000003A5C
:10E35000076302003C0F0F46635A500000000000A4
:10E360003A0759020044141446635F5F000000003E
:10E37000003A076302005E435F3C32323232150FCF
:10E380002221000038184252415353203620424384
:10E390002A38144663000000000000003F0C630EA2
:10E3A00015300C1632633D3D000000000035003290
:10E3B0000C04424C1632633D3D003F0000003D100E
:10E3C0004A0200290C1632633D3D00000000003D6A
:10E3D000044F0200630C1632550000004400600434
:10E3E0003A1C3204054618133763565600000000E5
:10E3F000003A1063020056435F3C34323232110F50
:10E40000222D050020184252205452554D5045549B
:10E41000B4AF1EAFBAAE87AE87AEBAAE1EAFB4AF62
:10E420007CB075B19EB2F7B37FB535B718B926BBCE
:10E430005FBDC1BF4AC2FAC4CEC7C5CADDCD13D1C4
:10E4400066D4D5D75CDBFADEACE270E644EA25EEB2
:10E4500011F206F601FA00FE0002FF05FA09EF0DBF
:10E46000DB11BC159019541D0621A4242B289A2BCE
:10E47000ED2E23323B353238063BB63D3F40A142BC
:10E48000DA44E846CB48814A094C624D8B4E844FB2
:10E490004C50E2504651795179514651E2504C501E
:10E4A000844F8B4E624D094C814ACB48E846DA4492
:10E4B000A1423F40B63D063B32383B352332ED2E7C
:10E4C0009A2B2B28A4240621541D9019BC15DB116E
:10E4D000EF0DFA09FF05000200FE01FA06F611F23F
:10E4E00025EE44EA70E6ACE2FADE5CDBD5D766D412
:10E4F00013D1DDCDC5CACEC7FAC44AC2C1BF5FBD04
:10E5000026BB18B935B77FB5F7B39EB275B17CB0ED
:10E51000B4AF1EAFBAAE87AE9FD976D8AED74AD7C2
:10E520004AD7AED776D89FD927DB0ADD43DFCCE1C7
:10E53000A1E4B8E70CEB93EE45F219F605FA00FEFC
:10E540000002FB05E709BB0D6D11F41448185F1BB1
:10E55000341EBD20F622D92461268A275228B628E7
:10E56000B62852288A276126D924F622BD20341ED7
:10E570005F1B4818F4146D11BB0DE709FB05000281
:10E5800000FE05FA19F645F293EE0CEBB8E7A1E4AC
:10E59000CCE143DF0ADD27DB9FD976D8AED74AD757
:10E5A0004AD7AED776D89FD927DB0ADD43DFCCE147
:10E5B000A1E4B8E70CEB93EE45F219F605FA00FE7C
:10E5C0000002FB05E709BB0D6D11F41448185F1B31
:10E5D000341EBD20F622D92461268A275228B62867
:10E5E000B62852288A276126D924F622BD20341E57
:10E5F0005F1B4818F4146D11BB0DE709FB05000201
:10E6000000FE05FA19F645F293EE0CEBB8E7A1E42B
:10E61000CCE143DF0ADD27DB9FD976D8AED74AD7D6
:10E6200058E8A2E679E5E3E4E3E479E5A2E658E810
:10E6300091EA41ED58F0C7F379F75AFB55FF5403BF
:10E640004007040B8C0EC2119614F816DB18341A0E
:10E65000FC1A2E1BC91AD11949183A16B113BA104F
:10E66000670DC909F505000200FE0BFA37F699F2AD
:10E6700046EF4FECC6E9B7E72FE637E5D2E404E50D
:10E68000CCE525E708E96AEB3EEE74F1FCF4C0F84E
:10E69000ACFCAB00A6048708390CA80FBF126F159D
:10E6A000A8175E19871A1D1B1D1B871A5E19A8174C
:10E6B0006F15BF12A80F390C8708A604AB00ACFC7D
:10E6C000C0F8FCF474F13EEE6AEB08E925E7CCE50E
:10E6D00004E5D2E437E52FE6B7E7C6E94FEC46EFAD
:10E6E00099F237F60BFA00FE0002F505C909670D2D
:10E6F000BA10B1133A164918D119C91A2E1BFC1AAF
:10E70000341ADB18F8169614C2118C0E040B40074D
:10E71000540355FF5AFB79F7C7F358F041ED91EADE
:10E7200058E8A2E679E5E3E43AF001EE79ECB2EBE1
:10E73000B2EB79EC01EE3AF00EF362F614FA00FE59
:10E740000002EC059E09F20CC60FFF1187134E1450
:10E750004E148713FF11C60FF20C9E09EC05000240
:10E7600000FE14FA62F60EF33AF001EE79ECB2EB29
:10E77000B2EB79EC01EE3AF00EF362F614FA00FE19
:10E780000002EC059E09F20CC60FFF1187134E1410
:10E790004E148713FF11C60FF20C9E09EC05000200
:10E7A00000FE14FA62F60EF33AF001EE79ECB2EBE9
:10E7B000B2EB79EC01EE3AF00EF362F614FA00FED9
:10E7C0000002EC059E09F20CC60FFF1187134E14D0
:10E7D0004E148713FF11C60FF20C9E09EC050002C0
:10E7E00000FE14FA62F60EF33AF001EE79ECB2EBA9
:10E7F000B2EB79EC01EE3AF00EF362F614FA00FE99
:10E800000002EC059E09F20CC60FFF1187134E148F
:10E810004E148713FF11C60FF20C9E09EC0500027F
:10E8200000FE14FA62F60EF33AF001EE79ECB2EB68
:10E8300054F5A4F2C2F0C9EFC9EFC2F0A4F254F546
:10E84000A7F86CFC67005C040E08440BCE0D840F27
:10E850004B101910F00EE10C0D0A9F06CB02CCFEF6
:10E86000E0FA42F72BF4C9F141F0ABEF0FF068F199
:10E87000A1F398F61FFA00FE0002E10568095F0C9B
:10E88000980EF10F5510BF0F370ED50BBE0820059F
:10E89000340135FD61F9F3F51FF310F1E7EFB5EF42
:10E8A0007CF032F2BCF4F2F7A4FB99FF9403590711
:10E8B000AC0A5C0D3E0F371037103E0F5C0DAC0AF2
:10E8C0005907940399FFA4FBF2F7BCF432F27CF0F1
:10E8D000B5EFE7EF10F11FF3F3F561F935FD340102
:10E8E0002005BE08D50B370EBF0F5510F10F980E3F
:10E8F0005F0C6809E105000200FE1FFA98F6A1F31B
:10E9000068F10FF0ABEF41F0C9F12BF442F7E0FAF8
:10E91000CCFECB029F060D0AE10CF00E19104B1035
:10E92000840FCE0D440B0E085C0467006CFCA7F846
:10E9300054F5A4F2C2F0C9EFFEF8E7F5AEF384F2A5
:10E9400084F2AEF3E7F5FEF8B0FCAB0098041F08C4
:10E95000F30AD50C9D0D390DB10B2709D405000222
:10E9600000FE2CFAD9F64FF4C7F263F22BF30DF543
:10E97000E1F768FB55FF50030207190A520C7C0DA2
:10E980007C0D520C190A0207500355FF68FBE1F792
:10E990000DF52BF363F2C7F24FF4D9F62CFA00FE13
:10E9A0000002D4052709B10B390D9D0DD50CF30AD2
:10E9B0001F089804AB00B0FCFEF8E7F5AEF384F254
:10E9C00084F2AEF3E7F5FEF8B0FCAB0098041F0844
:10E9D000F30AD50C9D0D390DB10B2709D4050002A2
:10E9E00000FE2CFAD9F64FF4C7F263F22BF30DF5C3
:10E9F000E1F768FB55FF50030207190A520C7C0D22
:10EA00007C0D520C190A0207500355FF68FBE1F711
:10EA10000DF52BF363F2C7F24FF4D9F62CFA00FE92
:10EA20000002D4052709B10B390D9D0DD50CF30A51
:10EA30001F089804AB00B0FCFEF8E7F5AEF384F2D3
:10EA4000CAFB5CF8D2F579F479F4D2F55CF8CAFB2C
:10EA5000B7FFAB033307E2096A0B9C0B730A11087B
:10EA6000BE04DC00E1FC44F96FF6BAF455F44EF54F
:10EA700087F7BDFA91FE9002420639091C0BB20BD2
:10EA8000EA0ADC08C405000200FE3CFA24F716F589
:10EA90004EF4E4F4C7F6BEF970FD6F014305790842
:10EAA000B20AAB0B460B9109BC061F0324FF42FBC5
:10EAB000EFF78DF564F496F41EF6CDF855FC490099
:10EAC0003604A4072E0A870B870B2E0AA4073604E8
:10EAD000490055FCCDF81EF696F464F48DF5EFF779
:10EAE00042FB24FF1F03BC069109460BAB0BB20A85
:10EAF000790843056F0170FDBEF9C7F6E4F44EF4E2
:10EB000016F524F73CFA00FE0002C405DC08EA0A08
:10EB1000B20B1C0B39094206900291FEBDFA87F731
:10EB20004EF555F4BAF46FF644F9E1FCDC00BE048E
:10EB30001108730A9C0B6A0BE2093307AB03B7FF9A
:10EB4000CAFB5CF8D2F579F400FE4EFA7AF7F2F5DA
:10EB5000F2F57AF74EFA00FE0002B20586080E0AB8
:10EB60000E0A8608B205000200FE4EFA7AF7F2F5A8
:10EB7000F2F57AF74EFA00FE0002B20586080E0A98
:10EB80000E0A8608B205000200FE4EFA7AF7F2F588
:10EB9000F2F57AF74EFA00FE0002B20586080E0A78
:10EBA0000E0A8608B205000200FE4EFA7AF7F2F568
:10EBB000F2F57AF74EFA00FE0002B20586080E0A58
:10EBC0000E0A8608B205000200FE4EFA7AF7F2F548
:10EBD000F2F57AF74EFA00FE0002B20586080E0A38
:10EBE0000E0A8608B205000200FE4EFA7AF7F2F528
:10EBF000F2F57AF74EFA00FE0002B20586080E0A18
:10EC00000E0A8608B205000200FE4EFA7AF7F2F507
:10EC1000F2F57AF74EFA00FE0002B20586080E0AF7
:10EC20000E0A8608B205000200FE4EFA7AF7F2F5E7
:10EC3000F2F57AF74EFA00FE0002B20586080E0AD7
:10EC40000E0A8608B205000200FE4EFA7AF7F2F5C7
:10EC50009FD976D8AED74AD74AD7AED776D89FD9DC
:10EC600027DB0ADD43DFCCE1A1E4B8E70CEB93EE50
:10EC700045F219F605FA00FE0002FB05E709BB0D97
:10EC80006D11F41448185F1B341EBD20F622D924E0
:10EC900061268A275228B628B62852288A27612654
:10ECA000D924F622BD20341E5F1B4818F4146D11C0
:10ECB000BB0DE709FB05000200FE05FA19F645F257
:10ECC00093EE0CEBB8E7A1E4CCE143DF0ADD27DBF0
:10ECD0009FD976D8AED74AD74AD7AED776D89FD95C
:10ECE00027DB0ADD43DFCCE1A1E4B8E70CEB93EED0
:10ECF00045F219F605FA00FE0002FB05E709BB0D17
:10ED00006D11F41448185F1B341EBD20F622D9245F
:10ED100061268A275228B628B62852288A276126D3
:10ED2000D924F622BD20341E5F1B4818F4146D113F
:10ED3000BB0DE709FB05000200FE05FA19F645F2D6
:10ED400093EE0CEBB8E7A1E4CCE143DF0ADD27DB6F
:10ED50009FD976D8AED74AD758E8A2E679E5E3E45A
:10ED6000E3E479E5A2E658E891EA41ED58F0C7F30B
:10ED700079F75AFB55FF54034007040B8C0EC21160
:10ED80009614F816DB18341AFC1A2E1BC91AD1195E
:10ED900049183A16B113BA10670DC909F5050002F2
:10EDA00000FE0BFA37F699F246EF4FECC6E9B7E7EB
:10EDB0002FE637E5D2E404E5CCE525E708E96AEB80
:10EDC0003EEE74F1FCF4C0F8ACFCAB00A60487087E
:10EDD000390CA80FBF126F15A8175E19871A1D1BD3
:10EDE0001D1B871A5E19A8176F15BF12A80F390CC3
:10EDF0008708A604AB00ACFCC0F8FCF474F13EEE4E
:10EE00006AEB08E925E7CCE504E5D2E437E52FE62F
:10EE1000B7E7C6E94FEC46EF99F237F60BFA00FE7A
:10EE20000002F505C909670DBA10B1133A16491861
:10EE3000D119C91A2E1BFC1A341ADB18F8169614AD
:10EE4000C2118C0E040B4007540355FF5AFB79F78F
:10EE5000C7F358F041ED91EA58E8A2E679E5E3E41A
:10EE60003AF001EE79ECB2EBB2EB79EC01EE3AF06C
:10EE70000EF362F614FA00FE0002EC059E09F20C95
:10EE8000C60FFF1187134E144E148713FF11C60FC0
:10EE9000F20C9E09EC05000200FE14FA62F60EF375
:10EEA0003AF001EE79ECB2EBB2EB79EC01EE3AF02C
:10EEB0000EF362F614FA00FE0002EC059E09F20C55
:10EEC000C60FFF1187134E144E148713FF11C60F80
:10EED000F20C9E09EC05000200FE14FA62F60EF335
:10EEE0003AF001EE79ECB2EBB2EB79EC01EE3AF0EC
:10EEF0000EF362F614FA00FE0002EC059E09F20C15
:10EF0000C60FFF1187134E144E148713FF11C60F3F
:10EF1000F20C9E09EC05000200FE14FA62F60EF3F4
:10EF20003AF001EE79ECB2EBB2EB79EC01EE3AF0AB
:10EF30000EF362F614FA00FE0002EC059E09F20CD4
:10EF4000C60FFF1187134E144E148713FF11C60FFF
:10EF5000F20C9E09EC05000200FE14FA62F60EF3B4
:10EF60003AF001EE79ECB2EBFEF8E7F5AEF384F29D
:10EF700084F2AEF3E7F5FEF8B0FCAB0098041F088E
:10EF8000F30AD50C9D0D390DB10B2709D4050002EC
:10EF900000FE2CFAD9F64FF4C7F263F22BF30DF50D
:10EFA000E1F768FB55FF50030207190A520C7C0D6C
:10EFB0007C0D520C190A0207500355FF68FBE1F75C
:10EFC0000DF52BF363F2C7F24FF4D9F62CFA00FEDD
:10EFD0000002D4052709B10B390D9D0DD50CF30A9C
:10EFE0001F089804AB00B0FCFEF8E7F5AEF384F21E
:10EFF00084F2AEF3E7F5FEF8B0FCAB0098041F080E
:10F00000F30AD50C9D0D390DB10B2709D40500026B
:10F0100000FE2CFAD9F64FF4C7F263F22BF30DF58C
:10F02000E1F768FB55FF50030207190A520C7C0DEB
:10F030007C0D520C190A0207500355FF68FBE1F7DB
:10F040000DF52BF363F2C7F24FF4D9F62CFA00FE5C
:10F050000002D4052709B10B390D9D0DD50CF30A1B
:10F060001F089804AB00B0FCFEF8E7F5AEF384F29D
:10F0700000FE4EFA7AF7F2F5F2F57AF74EFA00FE54
:10F080000002B20586080E0A0E0A8608B2050002C2
:10F0900000FE4EFA7AF7F2F5F2F57AF74EFA00FE34
:10F0A0000002B20586080E0A0E0A8608B2050002A2
:10F0B00000FE4EFA7AF7F2F5F2F57AF74EFA00FE14
:10F0C0000002B20586080E0A0E0A8608B205000282
:10F0D00000FE4EFA7AF7F2F5F2F57AF74EFA00FEF4
:10F0E0000002B20586080E0A0E0A8608B205000262
:10F0F00000FE4EFA7AF7F2F5F2F57AF74EFA00FED4
:10F100000002B20586080E0A0E0A8608B205000241
:10F1100000FE4EFA7AF7F2F5F2F57AF74EFA00FEB3
:10F120000002B20586080E0A0E0A8608B205000221
:10F1300000FE4EFA7AF7F2F5F2F57AF74EFA00FE93
:10F140000002B20586080E0A0E0A8608B205000201
:10F1500000FE4EFA7AF7F2F5F2F57AF74EFA00FE73
:10F160000002B20586080E0A0E0A8608B2050002E1
:10F1700000FE4EFA7AF7F2F53F0353FFA1FB68F960
:10F1800068F9A1FB53FF3F031406DB065305000299
:10F1900000FEADFA25F9ECF9C1FCAD005F0498065C
:10F1A00098065F04AD00C1FCECF925F9ADFA00FE4C
:10F1B00000025305DB0614063F0353FFA1FB68F969
:10F1C00068F9A1FB53FF3F031406DB065305000259
:10F1D00000FEADFA25F9ECF9C1FCAD005F0498061C
:10F1E00098065F04AD00C1FCECF925F9ADFA00FE0C
:10F1F00000025305DB0614063F0353FFA1FB68F929
:10F2000068F9A1FB53FF3F031406DB065305000218
:10F2100000FEADFA25F9ECF9C1FCAD005F049806DB
:10F2200098065F04AD00C1FCECF925F9ADFA00FECB
:10F2300000025305DB0614063F0353FFA1FB68F9E8
:10F2400068F9A1FB53FF3F031406DB0653050002D8
:10F2500000FEADFA25F9ECF9C1FCAD005F0498069B
:10F2600098065F04AD00C1FCECF925F9ADFA00FE8B
:10F2700000025305DB0614063F0353FFA1FB68F9A8
:10F28000D404000200FE2CFB2CFB00FE0002D40480
:10F29000D404000200FE2CFB2CFB00FE0002D40470
:10F2A000D404000200FE2CFB2CFB00FE0002D40460
:10F2B000D404000200FE2CFB2CFB00FE0002D40450
:10F2C000D404000200FE2CFB2CFB00FE0002D40440
:10F2D000D404000200FE2CFB2CFB00FE0002D40430
:10F2E000D404000200FE2CFB2CFB00FE0002D40420
:10F2F000D404000200FE2CFB2CFB00FE0002D40410
:10F30000D404000200FE2CFB2CFB00FE0002D404FF
:10F31000D404000200FE2CFB2CFB00FE0002D404EF
:10F32000D404000200FE2CFB2CFB00FE0002D404DF
:10F33000D404000200FE2CFB2CFB00FE0002D404CF
:10F34000D404000200FE2CFB2CFB00FE0002D404BF
:10F35000D404000200FE2CFB2CFB00FE0002D404AF
:10F36000D404000200FE2CFB2CFB00FE0002D4049F
:10F37000D404000200FE2CFB2CFB00FE0002D4048F
:10F38000D404000200FE2CFB00028803B40002FD3E
:10F3900002FDB4008803000200FE78FC4CFFFE0270
:10F3A000FE024CFF78FC00FE00028803B40002FD60
:10F3B00002FDB4008803000200FE78FC4CFFFE0250
:10F3C000FE024CFF78FC00FE00028803B40002FD40
:10F3D00002FDB4008803000200FE78FC4CFFFE0230
:10F3E000FE024CFF78FC00FE00028803B40002FD20
:10F3F00002FDB4008803000200FE78FC4CFFFE0210
:10F40000FE024CFF78FC00FE00028803B40002FDFF
:10F4100002FDB4008803000200FE78FC4CFFFE02EF
:10F42000FE024CFF78FC00FE00028803B40002FDDF
:10F4300002FDB4008803000200FE78FC4CFFFE02CF
:10F44000FE024CFF78FC00FE00028803B40002FDBF
:10F4500002FDB4008803000200FE78FC4CFFFE02AF
:10F46000FE024CFF78FC00FE00028803B40002FD9F
:10F4700002FDB4008803000200FE78FC4CFFFE028F
:10F48000FE024CFF78FC00FE00028803B40002FD7F
:10F49000A6FBDEF7ECF44FF34FF3ECF4DEF7A6FB3C
:10F4A000A6FF4203FF059407FA0760071F069B04A7
:10F4B000340327028E015801580154011A018700B4
:10F4C00096FF5FFE0BFDCEFBD8FA4CFA39FA9DFA97
:10F4D00069FB84FCD5FD44FFBC002B027C03970430
:10F4E0006305C705B40528053204F502A1016A00C9
:10F4F00079FFE6FEACFEA8FEA8FE72FED9FDCCFCAC
:10F5000065FBE1F9A0F806F86CF801FABEFC5A00B8
:10F510005A042208140BB10CB10C140B22085A0423
:10F520005A00BEFC01FA6CF806F8A0F8E1F965FB98
:10F53000CCFCD9FD72FEA8FEA8FEACFEE6FE79FF6B
:10F540006A00A101F50232042805B405C705630568
:10F5500097047C032B02BC0044FFD5FD84FC69FBAF
:10F560009DFA39FA4CFAD8FACEFB0BFD5FFE96FFF6
:10F5700087001A015401580158018E0127023403F3
:10F580009B041F066007FA079407FF054203A6FFC6
:10F59000A6FBDEF7ECF44FF3FFFFFFFB9CF8ACF6A5
:10F5A000ACF69CF8FFFBFFFFAB0338063807AC0650
:10F5B000F904BE029E0011FF44FE1FFE55FE8FFEA1
:10F5C0008FFE44FECBFD64FD52FDC1FDB7FE0F0072
:10F5D0008801D802C1031D04E6032B030E02B60006
:10F5E0004AFFF2FDD5FC1AFCE3FB3FFC28FD78FE48
:10F5F000F1FF49013F02AE029C023502BC017101DC
:10F600007101AB01E101BC01EF0062FF42FD07FBAC
:10F6100054F9C8F8C8F955FC0100010464075409FD
:10F62000540964070104010055FCC8F9C8F854F9ED
:10F6300007FB42FD62FFEF00BC01E101AB0171017C
:10F640007101BC0135029C02AE023F024901F1FF8B
:10F6500078FE28FD3FFCE3FB1AFCD5FCF2FD4AFFD7
:10F66000B6000E022B03E6031D04C103D802880175
:10F670000F00B7FEC1FD52FD64FDCBFD44FE8FFEC1
:10F680008FFE55FE1FFE44FE11FF9E00BE02F904D0
:10F69000AC0638073806AB03FFFFFFFB9CF8ACF65F
:10F6A000910291FEC6FA79F879F8C6FA91FE9102B4
:10F6B0007C057E0683052303590019FEF5FCF4FC46
:10F6C000B3FDA1FE4AFF8AFF8AFF9CFF0400CE0023
:10F6D000C4018802BF023D02150196FF25FE21FDEF
:10F6E000C3FC16FDFFFD4AFFB6000102EA023D031E
:10F6F000DF02DB016A00EBFEC3FD41FD78FD3CFE4D
:10F7000032FFFCFF640076007600B6005F014D0218
:10F710000C030B03E701A7FFDDFC7DFA82F984FAF5
:10F720006FFD6F013A05870787073A056F016FFD87
:10F7300084FA82F97DFADDFCA7FFE7010B030C03D5
:10F740004D025F01B600760076006400FCFF32FFD8
:10F750003CFE78FD41FDC3FDEBFE6A00DB01DF02EC
:10F760003D03EA020102B6004AFFFFFD16FDC3FC9D
:10F7700021FD25FE96FF15013D02BF028802C4014E
:10F78000CE0004009CFF8AFF8AFF4AFFA1FEB3FD62
:10F79000F4FCF5FC19FE5900230383057E067C0565
:10F7A000910291FEC6FA79F88A04A901A9FDD4FA5A
:10F7B000D4FAA9FDA9018A04C904840241FFE4FC2A
:10F7C00086FCECFDEEFF5601A0011E0180003A0010
:10F7D0003A001B0099FFDFFE70FEC0FED3FF2A0136
:10F7E0000E020102040191FF54FED2FD37FE51FFCB
:10F7F000AF00C9012E02AC016F00FCFEFFFDF2FD5F
:10F80000D6FE2D004001900121016700E5FFC6FFF3
:10F81000C6FF80FFE2FE60FEAAFE120014027A0319
:10F820001C03BF007CFD37FB76FB57FE57022C05FF
:10F830002C05570257FE76FB37FB7CFDBF001C03EF
:10F840007A0314021200AAFE60FEE2FE80FFC6FFE9
:10F85000C6FFE5FF67002101900140012D00D6FEA3
:10F86000F2FDFFFDFCFE6F00AC012E02C901AF00EE
:10F8700051FF37FED2FD54FE91FF040101020E023A
:10F880002A01D3FFC0FE70FEDFFE99FF1B003A0085
:10F890003A0080001E01A0015601EEFFECFD86FC3F
:10F8A000E4FC41FF8402C9048A04A901A9FDD4FA39
:10F8B0005A04580358FFC4FBC4FB58FF58035A04AA
:10F8C000BC0101FE58FCCCFDA8006102EA013F002A
:10F8D0000BFFFEFE89FFDAFFDAFF08009E00190128
:10F8E000C5009DFF84FE7AFEAAFF2E01D9012C01DE
:10F8F000AEFF72FE4AFE45FFBB00B6018E0152000C
:10F90000D4FE27FED2FE560086017C0163003BFF39
:10F91000E7FE62FFF8FF2600260077000201F500EF
:10F92000C1FF16FE9FFD58FF3402A803FF0144FEED
:10F93000A6FBA8FCA8003C043C04A800A8FCA6FB6D
:10F9400044FEFF01A803340258FF9FFD16FEC1FFCD
:10F95000F5000201770026002600F8FF62FFE7FEAF
:10F960003BFF63007C0186015600D2FE27FED4FED9
:10F9700052008E01B601BB0045FF4AFE72FEAEFF8B
:10F980002C01D9012E01AAFF7AFE84FE9DFFC5003D
:10F9900019019E000800DAFFDAFF89FFFEFE0BFF67
:10F9A0003F00EA016102A800CCFD58FC01FEBC0149
:10F9B0005A04580358FFC4FBF5FF17036E016EFD90
:10F9C0006EFD6E011703F5FF25FDDBFE0202C70188
:10F9D00016FF43FEFDFF300178008AFF9EFFEEFF19
:10F9E000EEFF2D009000260038FF50FF91001F0110
:10F9F0000200D1FE51FFC9002401F0FFDAFE50FFE2
:10FA0000B00026011000DCFE37FFAF002F01FEFF23
:10FA1000E1FE6FFFB000C800DAFF70FFD3FF1200F5
:10FA200012006200760088FFD0FE0300BD01EA00EC
:10FA300039FEFEFD2501DB020B00E9FC92FE92027D
:10FA4000920292FEE9FC0B00DB022501FEFD39FE6D
:10FA5000EA00BD010300D0FE88FF760062001200BC
:10FA60001200D3FF70FFDAFFC800B0006FFFE1FEA5
:10FA7000FEFF2F01AF0037FFDCFE10002601B000B3
:10FA800050FFDAFEF0FF2401C90051FFD1FE020051
:10FA90001F01910050FF38FF260090002D00EEFF5F
:10FAA000EEFF9EFF8AFF78003001FDFF43FE16FF48
:10FAB000C7010202DBFE25FDF5FF17036E016EFD97
:10FAC0008EFDE100490249FE49FE4902E1008EFD3A
:10FAD000000030024EFF61FE0D01F400F7FE9CFFB6
:10FAE000BC001300AEFFF5FFF5FF3D003C0078FFC2
:10FAF000C7FFCA000E0012FF2D00F1009EFF22FF7B
:10FB00008700C40063FF52FFAE009D003CFF79FFF9
:10FB1000DE0062000FFFD3FFEE00F2FF36FF390078
:10FB20008800C4FFC3FF0B000B005200EDFF44FF31
:10FB3000640009010CFFF3FE9F01B200D0FD00003C
:10FB400072021FFFB7FDB701B701B7FD1FFF7202B9
:10FB50000000D0FDB2009F01F3FE0CFF090164001C
:10FB600044FFEDFF52000B000B00C3FFC4FF8800F1
:10FB7000390036FFF2FFEE00D3FF0FFF6200DE0018
:10FB800079FF3CFF9D00AE0052FF63FFC400870079
:10FB900022FF9EFFF1002D0012FF0E00CA00C7FFDA
:10FBA00078FF3C003D00F5FFF5FFAEFF1300BC0001
:10FBB0009CFFF7FEF4000D0161FE4EFF30020000D5
:10FBC0008EFDE100490249FECE01CEFDC80151FF84
:10FBD00051FFC801CEFDCE0133FF9FFF45016DFEF1
:10FBE00045016AFFE1FF91005EFF6A00E0FFF9FF57
:10FBF000F9FF3800A3FF4F00FBFF9DFFB40043FF58
:10FC0000700015006BFFD10055FF33005B0046FF0D
:10FC1000BA00A5FFCDFFAB002FFF9500EBFF90FFD3
:10FC2000BD004CFF63000500B1FF5D00C8FF070089
:10FC30000700200096FFA2006FFF1F009600BBFE8A
:10FC40009301BBFE6100CD0032FE320238FEAF00F0
:10FC5000AF0038FE320232FECD006100BBFE9301E0
:10FC6000BBFE96001F006FFFA20096FF200007005A
:10FC70000700C8FF5D00B1FF050063004CFFBD0039
:10FC800090FFEBFF95002FFFAB00CDFFA5FFBA0063
:10FC900046FF5B00330055FFD1006BFF150070007D
:10FCA00043FFB4009DFFFBFF4F00A3FF3800F9FFA7
:10FCB000F9FFE0FF6A005EFF9100E1FF6AFF450186
:10FCC0006DFE45019FFF33FFCE01CEFDC80151FF00
:10FCD00094BC96BBEBBA96BA96BAEBBA96BB94BCF8
:10FCE000E4BD84BF70C1A5C31FC6D9C8CFCBFBCEAE
:10FCF00058D2DFD58BD955DD36E128E524E924ED4E
:10FD000021F115F5FAF8CAFC7F0014048307CA0A2A
:10FD1000E30DCC108013FE154418501A211CB81D99
:10FD2000141F36202021D22150229D22BA22AC223B
:10FD300076221D22A42110216620A91FE01E0E1E7E
:10FD4000371D611C901BC71A0A1A5D19C3183E188B
:10FD5000D1177D1745172817281745177D17D11775
:10FD60003E18C3185D190A1AC71A901B611C371D6B
:10FD70000E1EE01EA91F66201021A4211D2276223E
:10FD8000AC22BA229D225022D22120213620141FDB
:10FD9000B81D211C501A4418FE158013CC10E30D19
:10FDA000CA0A830714047F00CAFCFAF815F521F18A
:10FDB00024ED24E928E536E155DD8BD9DFD558D28D
:10FDC000FBCECFCBD9C81FC6A5C370C184BFE4BDCD
:10FDD00094BC96BBEBBA96BA01C79EC5AFC436C4F5
:10FDE00036C4AFC49EC501C7D1C80ACBA2CD90D03E
:10FDF000C9D344D7F2DAC8DEB9E2B8E6B8EAADEE64
:10FE00008BF247F6D7F933FD53003103C7051308CA
:10FE1000130AC60B2E0D4E0E280FC20F22104E10C5
:10FE20004E102910E90F950F350FD20E720E1D0ED0
:10FE3000D90DAC0D980DA20DCC0D170E840E100F20
:10FE4000B90F7E105A114812431346144A154A1628
:10FE500040172618F618AC19431AB71A061B2E1BA2
:10FE60002E1B061BB71A431AAC19F6182618401792
:10FE70004A164A154614431348125A117E10B90FF8
:10FE8000100F840E170ECC0DA20D980DAC0DD90DD0
:10FE90001D0E720ED20E350F950FE90F29104E1060
:10FEA0004E102210C20F280F4E0E2E0DC60B130A35
:10FEB0001308C7053103530033FDD7F947F68BF21A
:10FEC000ADEEB8EAB8E6B9E2C8DEF2DA44D7C9D393
:10FED00090D0A2CD0ACBD1C801C79EC5AFC436C44D
:10FEE00053D535D3C1D103D103D1C1D135D353D5E6
:10FEF00006D838DBCCDEA4E2A0E6A0EA86EE38F233
:10FF00009FF5A8F847FB74FD2EFF79005E01EB0119
:10FF10002F023C0227020202E001CF01DC011102A4
:10FF200074020503C303A704AA05C106E007FB0882
:10FF3000050AF50AC10B640CD80C1F0D3A0D2E0DE5
:10FF4000010DBE0C6E0C1A0CCF0B930B6F0B690BD3
:10FF5000830BBE0B180C8B0C130DA60D3C0ECB0E99
:10FF60004B0FB20FFB0F21102110FB0FB20F4B0FE5
:10FF7000CB0E3C0EA60D130D8B0C180CBE0B830B79
:10FF8000690B6F0B930BCF0B1A0C6E0CBE0C010D93
:10FF90002E0D3A0D1F0DD80C640CC10BF50A050A85
:10FFA000FB08E007C106AA05A704C3030503740202
:10FFB0001102DC01CF01E001020227023C022F0204
:10FFC000EB015E0179002EFF74FD47FBA8F89FF559
:10FFD00038F286EEA0EAA0E6A4E2CCDE38DB06D852
:10FFE00053D535D3C1D103D134E229DFFADCD6DBD6
:10FFF000D6DBFADC29DF34E2DBE5D4E9D4ED96F197
:020000040803EF
:10000000E1F48FF78FF9E4FAA5FBF4FBFDFBEEFBBF
:10001000EEFB1CFC8BFC40FD30FE4AFF740093019C
:100020008E025303D9032004320420040004E703A2
:10003000E7030D045F04D90471051906BF065007D4
:10004000C007060821081508EE07BB078B076E07D7
:100050006E079007D4073308A0080E096D09B1098F
:10006000D209CE09A80969091E09D4089A087A0894
:100070007A089A08D4081E096909A809CE09D20984
:10008000B1096D090E09A0083308D40790076E075F
:100090006E078B07BB07EE07150821080608C00787
:1000A0005007BF0619067105D9045F040D04E70364
:1000B000E7030004200432042004D90353038E0212
:1000C000930174004AFF30FE40FD8BFC1CFCEEFBEC
:1000D000EEFBFDFBF4FBA5FBE4FA8FF98FF7E1F4EF
:1000E00096F1D4EDD4E9DBE534E229DFFADCD6DBA6
:1000F00017EE1CEAE4E618E518E5E4E61CEA17EE5C
:1001000017F277F5D4F720F994F99BF9A1F9F7F9EB
:10011000B9FAD0FB03FD0FFEC5FE1BFF27FF1BFF37
:1001200027FF6EFFF3FFA1005001D801250237021F
:10013000280219022B026D02D8025403C2030A04DA
:1001400022041404F903ED03040443049B04F5049E
:10015000380555054B052A050B0503051F055905EF
:10016000A105DF05FF05FA05D705AA058A0587055C
:10017000A605DB051106340634061106DB05A605C7
:1001800087058A05AA05D705FA05FF05DF05A1053C
:1001900059051F0503050B052A054B0555053805AF
:1001A000F5049B0443040404ED03F903140422043E
:1001B0000A04C2035403D8026D022B02190228025A
:1001C00037022502D8015001A100F3FF6EFF27FF7F
:1001D0001BFF27FF1BFFC5FE0FFE03FDD0FBB9FA77
:1001E000F7F9A1F99BF994F920F9D4F777F517F20B
:1001F00017EE1CEAE4E618E52EF7A8F3A8EFFBECEF
:10020000FBECA8EFA8F32EF71FF99BF999F901FA77
:1002100007FB32FCF1FC21FD1DFD56FDEEFD9FFEAE
:1002200011FF29FF23FF4AFFB5FF32007F008B003B
:1002300082009F00F100510188018C01800196012C
:10024000D90125024E024A023D024D028502C30237
:10025000E102D802C702D402020336034B033D0376
:100260002A0332035A0385039303800369036E0351
:100270009103B503BB03A30389038A03A903C60340
:10028000C603A9038A038903A303BB03B503910330
:100290006E0369038003930385035A0332032A0321
:1002A0003D034B0336030203D402C702D802E10226
:1002B000C30285024D023D024A024E022502D901C7
:1002C000960180018C0188015101F1009F0082009C
:1002D0008B007F003200B5FF4AFF23FF29FF11FF8B
:1002E0009FFEEEFD56FD1DFD21FDF1FC32FC07FBDE
:1002F00001FA99F99BF91FF92EF7A8F3A8EFFBEC87
:1003000007FA45F9C2F5C2F1C2F1C2F545F907FA9B
:1003100021FA3FFB48FC65FC96FC55FDCEFDCDFD6A
:100320000FFE9AFECFFECDFE1AFF7CFF8CFF95FFDD
:10033000E3FF2300210037008000A3009C00BF00E2
:10034000FC00080104012F015C0159015E018C01D0
:10035000A7019D01AC01D701E101D601EE01110217
:100360000C02060225023B022E0230025002580205
:10037000470252026E0268025A026D027F026F0249
:1003800067027E0284026F026F0284027E026702AD
:100390006F027F026D025A0268026E025202470229
:1003A0005802500230022E023B02250206020C02C5
:1003B0001102EE01D601E101D701AC019D01A701B7
:1003C0008C015E0159015C012F0104010801FC0050
:1003D000BF009C00A3008000370021002300E3FF42
:1003E00095FF8CFF7CFF1AFFCDFECFFE9AFE0FFE1D
:1003F000CDFDCEFD55FD96FC65FC48FC3FFB21FA8A
:1004000007FA45F9C2F5C2F159FC6FFB18FB18F762
:1004100018F718FB6FFB59FCECFC21FDC2FDC2FD77
:1004200046FE50FEA0FEC9FEE8FE2BFF2CFF73FF28
:1004300073FFA7FFB8FFD0FFF6FFF8FF27002300E8
:100440004A00510066007C007F00A0009B00BB00BA
:10045000BB00CE00DB00DE00F600F0000A01060162
:1004600017011D01210132012C0141013A014A010C
:100470004A014F015901530164015A0169016401A4
:100480006A016F01690176016A0178016F017401E7
:1004900074016F0178016A01760169016F016A01D7
:1004A000640169015A016401530159014F014A0174
:1004B0004A013A0141012C01320121011D011701BC
:1004C00006010A01F000F600DE00DB00CE00BB00F2
:1004D000BB009B00A0007F007C00660051004A002A
:1004E00023002700F8FFF6FFD0FFB8FFA7FF73FF38
:1004F00073FF2CFF2BFFE8FEC9FEA0FE50FE46FE58
:10050000C2FDC2FD21FDECFC59FC6FFB18FB18F786
:10051000DBD49DD2FFD025D025D0FFD09DD2DBD417
:1005200088D76CDA56DD19E09CE2D7E4D2E6A6E87B
:1005300079EA72ECB6EE5FF179F4FDF7D3FBD3FF05
:10054000CC038A07DD0AA10DC20F3F112B12A8129E
:10055000E3120D135313D813AE14D5153917B6186B
:10056000201A421BF01B061C711B301A5718081664
:100570007313CB10400EFA0B0F0A8508510757066C
:10058000720579044803C501E6FFB3FD46FBC9F8CF
:1005900070F671F4FDF238F238F2FDF271F470F693
:1005A000C9F846FBB3FDE6FFC501480379047205AF
:1005B0005706510785080F0AFA0B400ECB1073132C
:1005C00008165718301A711B061CF01B421B201A04
:1005D000B6183917D515AE14D81353130D13E312EB
:1005E000A8122B123F11C20FA10DDD0A8A07CC03FE
:1005F000D3FFD3FBFDF779F45FF1B6EE72EC79EA45
:10060000A6E8D2E6D7E49CE219E056DD6CDA88D79A
:10061000DBD49DD2FFD025D0EEE698E3B1E0FCDE3E
:10062000FCDEB1E098E3EEE609EAA4ECEDEE5AF167
:1006300051F4EEF7EEFBD6FF3603E305FD07D209D2
:10064000970B470D9D0E3F0F010F030EA90C650B75
:10065000730AB109B108FE0666042F0105FEAEFB60
:10066000B4FA1CFB6CFCE8FDF2FE4FFF39FF30FFD3
:10067000A6FFC3004E02D603F7048C05BE05E005B5
:100680002E06A4060107ED0638060205AD03A402F6
:100690002002F701B501DD0037FFFFFCDAFA87F928
:1006A00087F9DAFAFFFC37FFDD00B501F701200218
:1006B000A402AD0302053806ED060107A4062E06C6
:1006C000E005BE058C05F704D6034E02C300A6FF65
:1006D00030FF39FF4FFFF2FEE8FD6CFC1CFBB4FA63
:1006E000AEFB05FE2F016604FE06B108B109730AD0
:1006F000650BA90C030E010F3F0F9D0E470D970BC5
:10070000D209FD07E3053603D6FFEEFBEEF751F401
:100710005AF1EDEEA4EC09EAEEE698E3B1E0FCDE76
:10072000A7F0ABED50EAF7E7F7E750EAABEDA7F03B
:100730000EF3AAF521F921FDC2007C038B055E07AB
:10074000E1089A094809480829070D06A804D802B3
:100750000801D1FF4BFFFDFE8AFE49FEE3FE630068
:10076000DB0137027201BB0049011003C00415050B
:1007700005049602B0014A01C100CEFFDFFE87FEEC
:10078000C9FE28FF55FF8EFF3500380114027002A4
:100790008502C60230033B038F028E01FF00100169
:1007A000FB00D7FFC5FD14FC14FCC5FDD7FFFB0003
:1007B0001001FF008E018F023B033003C602850249
:1007C00070021402380135008EFF55FF28FFC9FE64
:1007D00087FEDFFECEFFC1004A01B001960205048C
:1007E0001505C00410034901BB0072013702DB018B
:1007F0006300E3FE49FE8AFEFDFE4BFFD1FF0801C8
:10080000D802A8040D062907480848099A09E108F2
:100810005E078B057C03C20021FD21F9AAF50EF3CA
:10082000A7F0ABED50EAF7E752F5C6F269EF77ECC7
:1008300077EC69EFC6F252F53DF83DFC1B00D5029E
:10084000DD048A0635079E0686055C04CD0200019C
:10085000BEFF2CFFCDFEB5FE64FF83005001F30107
:10086000E40291033D039E02A3025A026400E5FDE7
:100870005FFDE6FE1700E9FFCDFFB500A901DC0131
:10088000E70139022F028201DA008200000052FFE4
:100890001BFF62FF93FFBAFF5A00270173017C011F
:1008A000D601030259019900B400B20029FF2DFDC1
:1008B0002DFD29FFB200B400990059010302D601B1
:1008C0007C01730127015A00BAFF93FF62FF1BFFEF
:1008D00052FF00008200DA0082012F023902E70194
:1008E000DC01A901B500CDFFE9FF1700E6FE5FFDC1
:1008F000E5FD64005A02A3029E023D039103E40257
:10090000F3015001830064FFB5FECDFE2CFFBEFF56
:100910000001CD025C0486059E0635078A06DD04CB
:10092000D5021B003DFC3DF852F5C6F269EF77ECAD
:10093000D6F824F627F3D5EFD5EF27F324F6D6F82B
:10094000D6FC9100F502D404AA050205EB038E0241
:10095000CB009AFF1CFFE0FE5EFF68002E01F6014F
:10096000A40280021302AC01B200E1FFCEFF70FFCF
:1009700065FFA300E90099FFFAFFF6011A02E900FA
:100980009C004E0085FF76FFC1FFCEFF5000F400B3
:10099000160142015801DA006B0026009CFF68FF37
:1009A000ABFFBEFF1600C900F30008016601EF00AF
:1009B0004E00A700F7FFE2FDE2FDF7FFA7004E00A3
:1009C000EF0066010801F300C9001600BEFFABFF8F
:1009D00068FF9CFF26006B00DA00580142011601F7
:1009E000F4005000CEFFC1FF76FF85FF4E009C0053
:1009F000E9001A02F601FAFF99FFE900A30065FF7A
:100A000070FFCEFFE1FFB200AC0113028002A4022E
:100A1000F6012E0168005EFFE0FE1CFF9AFFCB008E
:100A20008E02EB030205AA05D404F5029100D6FC60
:100A3000D6F824F627F3D5EFF1FB7BF8DAF558F278
:100A400058F2DAF57BF8F1FBF1FF6502330480041C
:100A500086034E0296007FFF16FF28FF1600EB006C
:100A6000B3012E02DC017501A100E1FFABFF73FFB2
:100A7000FEFF8E00EB00A20140012E011401C2FE18
:100A800067FE2100F0FF1A00EF00DF002301F600EF
:100A90006A003600B1FF9FFFCEFFF4FF8300B7006E
:100AA000D900DE0068003200CCFF93FFD0FFD7FFF3
:100AB0005F00B100B0000A016B00500061005FFEF2
:100AC0005FFE610050006B000A01B000B1005F00E2
:100AD000D7FFD0FF93FFCCFF32006800DE00D900C3
:100AE000B7008300F4FFCEFF9FFFB1FF36006A001E
:100AF000F6002301DF00EF001A00F0FF210067FE7F
:100B0000C2FE14012E014001A201EB008E00FEFF87
:100B100073FFABFFE1FFA1007501DC012E02B30101
:100B2000EB00160028FF16FF7FFF96004E0286039B
:100B3000800433046502F1FFF1FB7BF8DAF558F22B
:100B400081FE81FA01F890F490F401F881FA81FEB7
:100B500068014903AB03B2025F01D7FF48FF30FFD2
:100B60000A00D4009701B4015201AA00E7FFA9FFCF
:100B700099FF360099002B011701E8006300E5FF9B
:100B8000DFFFA0FFB50093FFD9FF67016A005F0098
:100B9000D7FFC0FFE8FF1C0096009E00C20058006F
:100BA0002600C1FFC2FFDCFF27007E009000A000EE
:100BB0003C001800B3FFD5FFDDFF42007E0092002D
:100BC000AC0012008200C5FEC5FE82001200AC001F
:100BD00092007E004200DDFFD5FFB3FF18003C000D
:100BE000A00090007E002700DCFFC2FFC1FF2600AE
:100BF0005800C2009E0096001C00E8FFC0FFD7FF0F
:100C00005F006A006701D9FF93FFB500A0FFDFFF17
:100C1000E5FF6300E80017012B019900360099FFFA
:100C2000A9FFE7FFAA005201B4019701D4000A000E
:100C300030FF48FFD7FF5F01B202AB0349036801F1
:100C400081FE81FA01F890F4160016FC3DF9D3F507
:100C5000D3F53DF916FC1600470256037202200137
:100C6000ABFF3BFF82FF7500380189012901750048
:100C7000D2FF99FFE8FF6C00F000F900C3002900E3
:100C8000E6FFADFF24005400F2008B00ED0047FFAB
:100C900004FF4800E2FFA1008300B00038000C0010
:100CA000BDFFE8FF15006F00830073002700E5FF1C
:100CB000C9FFE3FF2C00610083004E002000CCFF41
:100CC000E0FFE1FF57005100A80014007A0008FF80
:100CD00008FF7A001400A80051005700E1FFE0FF70
:100CE000CCFF20004E00830061002C00E3FFC9FF11
:100CF000E5FF2700730083006F001500E8FFBDFFCC
:100D00000C003800B0008300A100E2FF480004FF9F
:100D100047FFED008B00F20054002400ADFFE6FF1A
:100D20002900C300F900F0006C00E8FF99FFD2FF32
:100D30007500290189013801750082FF3BFFABFF77
:100D40002001720256034702160016FC3DF9D3F546
:100D500008A5E0A303A381A281A203A3E0A308A5A1
:100D600075A61DA8FDA90FAC4EAEB9B04AB301B629
:100D7000D9B8D1BBE7BE17C260C5C1C837CCC1CF97
:100D80005DD309D7C4DA8CDE61E23FE626EA15EED0
:100D90000AF204F601FA00FE0002FF05FC09F60D56
:100DA000EB11DA15C1199F1D74213C25F728A32CDE
:100DB0003F30C9333F37A03AE93D19412F44274717
:100DC000FF49B64C474FB251F1530356E3578B5985
:100DD000F85A205CFD5C7F5D7F5DFD5C205CF85A0D
:100DE0008B59E3570356F153B251474FB64CFF4965
:100DF00027472F441941E93DA03A3F37C9333F30D7
:100E0000A32CF7283C2574219F1DC119DA15EB117D
:100E1000F60DFC09FF05000200FE01FA04F60AF2D5
:100E200015EE26EA3FE661E28CDEC4DA09D75DD32F
:100E3000C1CF37CCC1C860C517C2E7BED1BBD9B8D6
:100E400001B64AB3B9B04EAE0FACFDA91DA875A648
:100E500008A5E0A303A381A205CEA7CBD8C9B3C838
:100E6000B3C8D8C9A7CB05CECDD0F1D35AD7FEDAB7
:100E7000CADEB6E2AFE6AFEAA4EE82F234F6ABF930
:100E8000ACFC33FF68014C03E4041906DA06510791
:100E90009007A4079807750743070A07D506AC060D
:100EA000AC06D80619076F07D3074808CA085F09B8
:100EB000050AC50AA50BCA0C110E5D0F9610AC11E0
:100EC0006712C512F212F812E212B312741225124E
:100ED000CE116F110E11AC105110FD0FB90F8B0F09
:100EE0008B0FB90FFD0F5110AC100E116F11CE11F9
:100EF00025127412B312E212F812F212C51267121E
:100F0000AC1196105D0F110ECA0CA50BC50A050A8F
:100F10005F09CA084808D3076F071907D806AC0647
:100F2000AC06D5060A07430775079807A40790077C
:100F30005107DA061906E4044C03680133FFACFCE0
:100F4000ABF934F682F2A4EEAFEAAFE6B6E2CADE5F
:100F5000FEDA5AD7F1D3CDD005CEA7CBD8C9B3C8C6
:100F600051EC19E98BE6D8E4D8E48BE619E951ECA9
:100F7000F0EFD6F3D6F7CEFB92FFD9026B0544070C
:100F8000790812092409E40847087507B9064F06CD
:100F90000B06F9051B066106B9062A07C2074508B4
:100FA00060084508F6078007C206CD05C204BC03E9
:100FB000D2023E02BF0124018A000C00BFFFE9FFFC
:100FC00048009B0092003E00A4FFD1FEF3FD2FFDE0
:100FD000A0FC0DFC60FBFBFADEFAE0FAFAFA23FB58
:100FE00054FB88FBB7FBDAFBDAFBB7FB88FB54FB4F
:100FF00023FBFAFAE0FADEFAFBFA60FB0DFCA0FC38
:101000002FFDF3FDD1FEA4FF3E0092009B0048009F
:10101000E9FFBFFF0C008A002401BF013E02D2029B
:10102000BC03C204CD05C2068007F6074508600868
:101030004508C2072A07B90661061B06F9050B0613
:101040004F06B90675074708E4082409120979080C
:1010500044076B05D90292FFCEFBD6F7D6F3F0EF2B
:1010600051EC19E98BE6D8E4B6F02BED4AEA54E8E6
:1010700054E84AEA2BEDB6F093F493F870FCD5FFF0
:1010800060021504080559053505BD043D04050435
:1010900002044004B30471053106D2061D0734076B
:1010A000ED066206DC054B05A2043D04FB03D603F6
:1010B000D303F4030B040804B3036303F0023F02F9
:1010C0003F011C002AFFE4FE06FF3EFF51FF4AFFDE
:1010D00049FF47FFF8FE8BFE2BFEB8FD1CFDAAFC66
:1010E00041FCFDFBFBFB0DFC33FC5DFC87FCA8FC1D
:1010F000A8FC87FC5DFC33FC0DFCFBFBFDFB41FC0D
:10110000AAFC1CFDB8FD2BFE8BFEF8FE47FF49FF35
:101110004AFF51FF3EFF06FFE4FE2AFF1C003F018D
:101120003F02F0026303B30308040B04F403D30388
:10113000D603FB033D04A2044B05DC056206ED0665
:1011400034071D07D20631067105B30440040204BA
:1011500005043D04BD043505590508051504600264
:10116000D5FF70FC93F893F4B6F02BED4AEA54E8FF
:1011700057F966F50CF2A7EFA7EF0CF266F557F9F1
:1011800057FDFF009103FC0467051A056204BF03C5
:1011900077038803DF036D04CB04CB046B04D40313
:1011A000F00214025F01EA00AA00790095007800BD
:1011B000130099FFEAFE45FED0FDA4FD99FDD4FD84
:1011C00016FE55FE58FE55FE13FE7CFDF8FC44FD50
:1011D000F9FD93FEF7FE7AFFD6FFFAFFDBFFCCFFA7
:1011E000F3FF05003F00A90019017C01D601F601BB
:1011F000EF01D601B7019B019B01B701D601EF01B9
:10120000F601D6017C011901A9003F000500F3FF9A
:10121000CCFFDBFFFAFFD6FF7AFFF7FE93FEF9FD66
:1012200044FDF8FC7CFD13FE55FE58FE55FE16FEEF
:10123000D4FD99FDA4FDD0FD45FEEAFE99FF130003
:10124000780095007900AA00EA005F011402F0021C
:10125000D4036B04CB04CB046D04DF038803770352
:10126000BF0362041A056705FC049103FF0057FDE4
:1012700057F966F50CF2A7EF23FE23FA8BF6D9F3A4
:10128000D9F38BF623FA23FEAE01F003BD048404E8
:10129000AA03F002A702C602250359031703790225
:1012A00081018B00D9FF8DFF7CFF89FF6CFF24FF3C
:1012B000ADFE15FEEFFDFDFD33FE99FED8FEFBFEF3
:1012C000F8FEEAFEFAFE44FFA0FF4300B600F50078
:1012D0001B01D2005700A2002A01610183019C0179
:1012E000550107019A003E00470045003B003000D1
:1012F000F8FF9BFF47FFF8FEDDFEE7FEFCFE14FF54
:1013000014FFFCFEE7FEDDFEF8FE47FF9BFFF8FF43
:1013100030003B00450047003E009A0007015501A0
:101320009C01830161012A01A2005700D2001B0128
:10133000F500B6004300A0FF44FFFAFEEAFEF8FE07
:10134000FBFED8FE99FE33FEFDFDEFFD15FEADFE62
:1013500024FF6CFF89FF7CFF8DFFD9FF8B0081018B
:101360007902170359032503C602A702F002AA0354
:101370008404BD04F003AE0123FE23FA8BF6D9F3F7
:101380003AFF3AFB7BF794F494F47BF73AFB3AFF8D
:101390003A02A203B903130380027002CA02460391
:1013A0005F03FA022A025501C2007E007100630049
:1013B000090081FFE7FE89FE6FFE7CFECAFEE4FEA7
:1013C000C5FE90FE6DFE89FED4FE50FFA1FFDDFF3D
:1013D000DFFFF2FF28006800D6000101B100E9003C
:1013E0001501EF00FF001E0125012001C6006E005F
:1013F0003A00100005000400FEFFC3FF7AFF2FFF34
:1014000001FF01FF14FF2AFF2AFF14FF01FF01FF64
:101410002FFF7AFFC3FFFEFF0400050010003A0013
:101420006E00C600200125011E01FF00EF0015011E
:10143000E900B1000101D60068002800F2FFDFFFDB
:10144000DDFFA1FF50FFD4FE89FE6DFE90FEC5FEBC
:10145000E4FECAFE7CFE6FFE89FEE7FE81FF090006
:10146000630071007E00C20055012A02FA025F0388
:101470004603CA02700280021303B903A2033A02B0
:101480003AFF3AFB7BF794F48701C5FDC5F984F672
:1014900084F6C5F9C5FD870162039203C0022702E5
:1014A00024028D02B1023C0250016800E5FFCEFF2C
:1014B000CEFF93FF12FF9CFE6AFE96FEF1FE27FF11
:1014C00029FFF7FE25FF82FFFBFF5E0085007F00FE
:1014D0007D009C00D9000701FA00CE009700810032
:1014E0007E007C00DCFFE1FFC1FF7FFF7AFF76FF1B
:1014F00074FF53FF28FF12FF5CFF9BFFD2FFE2FF48
:10150000E6FFE8FF1B005E009F00B300A70093000A
:101510009300A700B3009F005E001B00E8FFE6FFFA
:10152000E2FFD2FF9BFF5CFF12FF28FF53FF74FF17
:1015300076FF7AFF7FFFC1FFE1FFDCFF7C007E00CA
:1015400081009700CE00FA000701D9009C007D00C1
:101550007F0085005E00FBFF82FF25FFF7FE29FF6D
:1015600027FFF1FE96FE6AFE9CFE12FF93FFCEFF60
:10157000CEFFE5FF680050013C02B1028D0224025B
:101580002702C002920362038701C5FDC5F984F6F4
:101590009AD1E1CFB6CE1ECE1ECEB6CEE1CF9AD135
:1015A000D6D389D6A2D911DDC3E0A3E49DE89DEC92
:1015B0008FF062F404F868FB80FE4501B003BC05BF
:1015C0006907BA08B3095A0AB90AD90AC60A8B0ABE
:1015D000350ACF096409FE08A508610837082A08FA
:1015E0003D086E08BC082409A1092E0AC40A5E0B36
:1015F000F50B820C010D6C0DC00DFB0D1B0E200EAA
:101600000C0EE10DA30D550DFE0CA20C470CF10BB9
:10161000A70B6B0B410B2B0B2B0B410B6B0BA70B76
:10162000F10B470CA20CFE0C550DA30DE10D0C0E99
:10163000200E1B0EFB0DC00D6C0D010D820CF50B69
:101640005E0BC40A2E0AA1092409BC086E083D08D5
:101650002A0837086108A508FE086409CF09350A79
:101660008B0AC60AD90AB90A5A0AB309BA0869071D
:10167000BC05B003450180FE68FB04F862F48FF0FE
:101680009DEC9DE8A3E4C3E011DDA2D989D6D6D3B1
:101690009AD1E1CFB6CE1ECED8C8ADC62EC56BC48A
:1016A0006BC42EC5ADC6D8C89ACBD7CE71D24BD697
:1016B00046DA46DE34E2FFE59AE900ED2FF02DF33D
:1016C00000F6B2F84DFBD8FD5A00D5024505A50736
:1016D000EA09050CE60D7E0FBB109211FA11EF110D
:1016E00076119710620FEE0D530CAF0A1E09BE075C
:1016F000A706EE05A105C80562066807CC08790AA9
:10170000590C530E4B102B12DF13561587166E17FC
:101710000D186C18941896187F185E184118301818
:10172000301841185E187F18961894186C180D1808
:101730006E1787165615DF132B124B10530E590CCC
:10174000790ACC0868076206C805A105EE05A70658
:10175000BE071E09AF0A530CEE0D620F97107611EB
:10176000EF11FA119211BB107E0FE60D050CEA097C
:10177000A5074505D5025A00D8FD4DFBB2F800F685
:101780002DF32FF000ED9AE9FFE534E246DE46DA6C
:101790004BD671D2D7CE9ACBD8C8ADC62EC56BC4A6
:1017A00086D1AECEA7CC9ACB9ACBA7CCAECE86D1E3
:1017B000FBD4D3D8D3DCC8E08BE406E833EB19EED6
:1017C000CDF066F3FCF5A0F856FB19FED2006203DB
:1017D000A4057207AC083E09260971083F07C00539
:1017E0002A04B7029C0102010201A101D20277047E
:1017F00063066608510AFC0B4C0D360EBF0EFB0E3D
:10180000090F090F1C0F5B0FD20F7F1052112E1200
:10181000EF126F138F13381365122011840FBA0D56
:10182000F50B680A4109A408A4084109680AF50BE8
:10183000BA0D840F2011651238138F136F13EF1236
:101840002E1252117F10D20F5B0F1C0F090F090FC0
:10185000FB0EBF0E360E4C0DFC0B510A66086306DC
:101860007704D202A101020102019C01B7022A04FD
:10187000C0053F07710826093E09AC087207A40598
:101880006203D20019FE56FBA0F8FCF566F3CDF01A
:1018900019EE33EB06E88BE4C8E0D3DCD3D8FBD4F5
:1018A00086D1AECEA7CC9ACB52D3ECCF66CD0DCCA1
:1018B0000DCC66CDECCF52D336D736DB01DF66E2F6
:1018C00054E5E0E732EA7DECE9EE8CF160F442F7B2
:1018D00000FA5FFC32FE5FFFF0FF0A00EDFFE2FF5F
:1018E0002C00F900530222042D062608BF09B50A70
:1018F000E80A5C0A3D09D407790681052C0599059B
:10190000C10678087E0A890C580EC00FB6104B111C
:10191000A511F61167120F13EA13D6149E150616B9
:10192000D715F61465135011FE0ECB0C150B240AB7
:10193000240A150BCB0CFE0E50116513F614D715A7
:1019400006169E15D614EA130F136712F611A51189
:101950004B11B610C00F580E890C7E0A7808C106CC
:1019600099052C0581057906D4073D095C0AE80A2A
:10197000B50ABF0926082D0622045302F9002C00DF
:10198000E2FFEDFF0A00F0FF5FFF32FE5FFC00FAAE
:1019900042F760F48CF1E9EE7DEC32EAE0E754E5E1
:1019A00066E201DF36DB36D752D3ECCF66CD0DCC05
:1019B0008BD1DBCD00CB6FC96FC900CBDBCD8BD119
:1019C0008BD56CD9F1DC17E00EE318E66DE91FED5D
:1019D00009F1DBF432F8B5FA39FCD2FCCEFCA2FCFA
:1019E000C7FC93FD23FF5001C0030006AE0791081A
:1019F000AE084308AC0743074307B2076108010973
:101A00004009EC080808D106B20520057805E10672
:101A10003B092D0C370FDF11CB13DE1438152215BF
:101A2000F414F0142C158815BF1580159114EA12C2
:101A3000BD10720E890C730B730B890C720EBD10E6
:101A4000EA1291148015BF1588152C15F014F414A2
:101A500022153815DE14CB13DF11370F2D0C3B097F
:101A6000E10678052005B205D1060808EC08400912
:101A700001096108B20743074307AC074308AE08F2
:101A80009108AE070006C003500123FF93FDC7FC79
:101A9000A2FCCEFCD2FC39FCB5FA32F8DBF409F139
:101AA0001FED6DE918E60EE317E0F1DC6CD98BD57C
:101AB0008BD1DBCD00CB6FC92AE02ADC7BD844D6A2
:101AC00044D67BD82ADC2AE070E37AE573E6FFE6A9
:101AD000DDE784E900EC05EF39F266F592F8D7FB13
:101AE00032FF5E02E1044E068606E1051205D304CC
:101AF00089050D07C008E009F009FE08980780066F
:101B00003E06D706CC0768082508FE067705590467
:101B100048046E0568077C09F70A7D0B280B5F0AED
:101B200095090509AB085E081108EA073A0840095B
:101B3000E50AA60CBB0D760DA50BC208D405FE0365
:101B4000FE03D405C208A50B760DBB0DA60CE50A55
:101B500040093A08EA0711085E08AB08050995092B
:101B60005F0A280B7D0BF70A7C0968076E0548049D
:101B700059047705FE0625086808CC07D7063E06F7
:101B800080069807FE08F009E009C0080D078905DE
:101B9000D3041205E10586064E06E1045E0232FF1B
:101BA000D7FB92F866F539F205EF00EC84E9DDE742
:101BB000FFE673E67AE570E32AE02ADC7BD844D6B8
:101BC000F2E9F2E508E29DDF9DDF08E2F2E5F2E9E5
:101BD000C3ECCDED4DED1AEC2BEB20EB12ECB2ED9E
:101BE00097EF8DF1A0F3FCF5A2F83FFB42FD22FE3A
:101BF000B8FD71FC25FBB6FA9CFBA0FDF6FFA80121
:101C000014024501E7FFE5FEE5FEECFF5D0156022B
:101C10003302F3003BFF0AFE2FFEE4FFB302BA05D6
:101C20001D087009D309C909DD09590A310B320CA5
:101C3000420D8D0E6E102A139E161E1AAB1C641DCB
:101C4000051C2019F615EC13EC13F6152019051CCC
:101C5000641DAB1C1E1A9E162A136E108D0E420DAB
:101C6000320C310B590ADD09C909D30970091D0865
:101C7000BA05B302E4FF2FFE0AFE3BFFF300330276
:101C800056025D01ECFFE5FEE5FEE7FF45011402AB
:101C9000A801F6FFA0FD9CFBB6FA25FB71FCB8FD80
:101CA00022FE42FD3FFBA2F8FCF5A0F38DF197EF79
:101CB000B2ED12EC20EB2BEB1AEC4DEDCDEDC3ECBD
:101CC000F2E9F2E508E29DDF86F9BEF6C8F3E0F13D
:101CD000E0F1C8F3BEF686F91FFB45FB85FAE4F98F
:101CE0004AFA09FCBEFE9901DA033C050206BC066D
:101CF000D50748099D0A380BCA0A90094108A3076D
:101D000015083E09350AF409ED076804680031FD3D
:101D1000A3FBC6FBCDFC83FDF3FCE7FAF7F734F534
:101D200092F36EF370F4D1F5DAF64BF76EF7D5F760
:101D3000EEF8B4FAACFC38FE02FF43FFA6FFEB005E
:101D40006403B006D709C80BEA0B760A6608F406E6
:101D5000F4066608760AEA0BC80BD709B0066403D6
:101D6000EB00A6FF43FF02FF38FEACFCB4FAEEF82E
:101D7000D5F76EF74BF7DAF6D1F570F46EF392F310
:101D800034F5F7F7E7FAF3FC83FDCDFCC6FBA3FBC4
:101D900031FD68006804ED07F409350A3E091508AD
:101DA000A30741089009CA0A380B9D0A4809D507BC
:101DB000BC0602063C05DA039901BEFE09FC4AFA9C
:101DC000E4F985FA45FB1FFB86F9BEF6C8F3E0F19E
:101DD00032D15ECF8FCD6CCC6CCC8FCD5ECF32D17B
:101DE00095D280D363D4DBD556D8CADBBBDF7CE386
:101DF0008EE6E9E8F6EA53ED6AF033F433F8BFFB18
:101E00005BFE05002B0170024604AD0630092C0B69
:101E10002F0C3C0CCB0B850BE20BE90C2A0E060FAA
:101E20000E0F480E2E0D670C6E0C460D7D0E710FB9
:101E3000B10F3C0F880E380EC00E1D10DA114E1374
:101E40000314F513931380132B14911539177D1870
:101E5000E5186E188C17E016E0168C176E18E5184A
:101E60007D18391791152B1480139313F513031450
:101E70004E13DA111D10C00E380E880E3C0FB10F34
:101E8000710F7D0E460D6E0C670C2E0D480E0E0F59
:101E9000060F2A0EE90CE20B850BCB0B3C0C2F0C2A
:101EA0002C0B3009AD06460470022B0105005BFEC9
:101EB000BFFB33F833F46AF053EDF6EAE9E88EE657
:101EC0007CE3BBDFCADB56D8DBD563D480D395D2A5
:101ED00032D15ECF8FCD6CCCB8E2B8DE41DB3BD9DE
:101EE0003BD941DBB8DEB8E265E641E94AEBD7EC25
:101EF00059EE14F00AF20AF4E0F57EF703F9A1FABC
:101F00006FFC4FFEF6FF14018A0187017701CB01B8
:101F1000BA021C047C0551064E068C058204C803D7
:101F2000C80386049E058106BD0640065C059D0427
:101F30007D0426056206C007D3086B09A009C00905
:101F40000F0AA60A660B150C8B0CCE0C0A0D660D3B
:101F5000D90D150EA30D250C980974069103D60111
:101F6000D601910374069809250CA30D150ED90D01
:101F7000660D0A0DCE0C8B0C150C660BA60A0F0A0B
:101F8000C009A0096B09D308C007620626057D04B5
:101F90009D045C054006BD0681069E058604C803B7
:101FA000C80382048C054E0651067C051C04BA0247
:101FB000CB01770187018A011401F6FF4FFE6FFC08
:101FC000A1FA03F97EF7E0F50AF40AF214F059EEEB
:101FD000D7EC4AEB41E965E6B8E2B8DE41DB3BD934
:101FE000C9D9C9D570D285D085D070D2C9D5C9D943
:101FF000B1DD0DE1CEE335E698E82FEBFCEDD5F051
:102000008CF309F65BF8A0FAE8FC1EFF0F018702CB
:10201000780309048C044E056D06BC07D7085609E1
:1020200009091708F80638063806FC062D08450980
:10203000D609BF093609A8087E08E608C609CF0AEE
:10204000AF0B3A0C7C0CA30CDB0C310D8D0DC70DC6
:10205000C80D9B0D650D470D330DE80C080C4A0AA1
:10206000B607BA0410027D007D001002BA04B6075C
:102070004A0A080CE80C330D470D650D9B0DC80D81
:10208000C70D8D0D310DDB0CA30C7C0C3A0CAF0B86
:10209000CF0AC609E6087E08A8083609BF09D6098E
:1020A00045092D08FC0638063806F8061708090900
:1020B0005609D708BC076D064E058C040904780341
:1020C00087020F011EFFE8FCA0FA5BF809F68CF30B
:1020D000D5F0FCED2FEB98E835E6CEE30DE1B1DD70
:1020E000C9D9C9D570D285D09ADB9AD735D43ED21A
:1020F0003ED235D49AD79ADB70DFAFE25EE5D3E704
:1021000072EA6AEDA3F0CEF39EF6EDF8D3FA8AFCFC
:1021100042FE0500B1011C03360423052A06880788
:102120004009020B4A0C9E0CD40B3A0A7B085B0751
:102130005B077E084B0A050C050D050D320C0C0BD8
:10214000190AAC09C309210A7D0AB20ACA0AEF0AB0
:102150003A0B9E0BE00BC10B220B1E0AFC08010878
:102160003F077D0651055F039C006DFD95FAE6F87B
:10217000E6F895FA6DFD9C005F0351057D063F076B
:102180000108FC081E0A220BC10BE00B9E0B3A0B48
:10219000EF0ACA0AB20A7D0A210AC309AC09190A60
:1021A0000C0B320C050D050D050C4B0A7E085B0768
:1021B0005B077B083A0AD40B9E0C4A0C020B4009C1
:1021C00088072A06230536041C03B101050042FED8
:1021D0008AFCD3FAEDF89EF6CEF3A3F06AED72EA2C
:1021E000D3E75EE5AFE270DF9ADB9AD735D43ED213
:1021F00064DF8EDB7BD8C3D6C3D67BD88EDB64DFAF
:1022000064E320E76BEA4DEDE6EF4BF27DF46CF60C
:1022100011F87CF9D5FA49FCF1FDC3FF93012A03BB
:10222000680454051306D406AE078C083A097F09E2
:102230004609AE080708AD07DF079E08AF09BB0ACD
:10224000740BBC0BAE0B830B710B8D0BC20BE00B35
:10225000C10B5D0BD20A540A0B0AFF09140A160AB5
:10226000DB094C096D084807DA050704AC01BFFE1D
:1022700068FB12F857F5CBF3CBF357F512F868FB70
:10228000BFFEAC010704DA0548076D084C09DB09FD
:10229000160A140AFF090B0A540AD20A5D0BC10B75
:1022A000E00BC20B8D0B710B830BAE0BBC0B740BD5
:1022B000BB0AAF099E08DF07AD070708AE0846094D
:1022C0007F093A098C08AE07D40613065405680442
:1022D0002A039301C3FFF1FD49FCD5FA7CF911F8FB
:1022E0006CF67DF44BF2E6EF4DED6BEA20E764E32C
:1022F00064DF8EDB7BD8C3D6BDE952E6CAE372E267
:1023000072E2CAE352E6BDE9A7EDA7F15CF57DF8FC
:10231000DFFA79FC60FDBFFDCAFDB5FDABFDC5FD73
:102320000BFE74FEF2FE70FFE1FF3D008600C90067
:1023300013017201ED0184023003E00383040A05F6
:102340006C05A905CA05DC05F10518065906B40691
:102350001F078E07F1073E0871089008AB08D308E5
:1023600018098209090A920AF40AFB0A710A2B0960
:1023700014073504B800E8FC24F9D7F562F313F22A
:1023800013F262F3D7F524F9E8FCB800350414071A
:102390002B09710AFB0AF40A920A090A8209180930
:1023A000D308AB08900871083E08F1078E071F0795
:1023B000B40659061806F105DC05CA05A9056C0521
:1023C0000A058304E00330038402ED017201130166
:1023D000C90086003D00E1FF70FFF2FE74FE0BFEB7
:1023E000C5FDABFDB5FDCAFDBFFD60FD79FCDFFAA3
:1023F0007DF85CF5A7F1A7EDBDE952E6CAE372E20C
:102400003BF79AF3D9F05CEF5CEFD9F09AF33BF726
:102410003BFB14FF4E029804CC05F6054905130456
:10242000AE0268017D00090009006200EC0079013C
:10243000E701210224020002CB019F018C019D01D2
:10244000CB01080241026202620241020802CB0192
:102450009D018C019F01CB01000224022102E701B2
:102460007901EC006200090009007D006801AE02FC
:1024700013044905F605CC0598044E0214FF3BFBF6
:102480003BF79AF3D9F05CEF5CEFD9F09AF33BF7A6
:102490003BFB14FF4E029804CC05F60549051304D6
:1024A000AE0268017D00090009006200EC007901BC
:1024B000E701210224020002CB019F018C019D0152
:1024C000CB01080241026202620241020802CB0112
:1024D0009D018C019F01CB01000224022102E70132
:1024E0007901EC006200090009007D006801AE027C
:1024F00013044905F605CC0598044E0214FF3BFB76
:102500003BF79AF3D9F05CEF69F669F20AEF1CED3C
:102510001CED0AEF69F269F634FA2DFD17FF0E0083
:1025200062006A00630068007C009A00BA00D40070
:10253000D4009C0010002FFF25FE4CFD15FDDFFD93
:10254000C8FFA002F0052909D50BB80DD50E530F11
:10255000530FD50EB80DD50B2909F005A002C8FF01
:10256000DFFD15FD4CFD25FE2FFF10009C00D40063
:10257000D400BA009A007C00680063006A00620020
:102580000E0017FF2DFD34FA69F669F20AEF1CED13
:102590001CED0AEF69F269F634FA2DFD17FF0E0003
:1025A00062006A00630068007C009A00BA00D400F0
:1025B000D4009C0010002FFF25FE4CFD15FDDFFD13
:1025C000C8FFA002F0052909D50BB80DD50E530F91
:1025D000530FD50EB80DD50B2909F005A002C8FF81
:1025E000DFFD15FD4CFD25FE2FFF10009C00D400E3
:1025F000D400BA009A007C00680063006A006200A0
:102600000E0017FF2DFD34FA69F669F20AEF1CED92
:102610006FA09A9E299DCE9BCE9B299D9A9E6FA0CE
:1026200065A2A1A4FCA68EA93BAC15AF06B21EB54F
:1026300049B895BBF1BE69C2EFC58BC934CDEFD0A7
:10264000B3D486D861DC47E032E426E81CEC19F00C
:1026500015F415F812FC11000B040308F40BE20F3B
:10266000C613A317741B3D1FF722A526432AD12D9D
:102670004D31B6340A38483B6D3E7A416A443E4794
:10268000F149844CF14E3951575349550A579858DE
:10269000EB59005BCB5B445C445CCB5B005BEB5970
:1026A00098580A57495557533951F14E844CF149BE
:1026B0003E476A447A416D3E483B0A38B6344D3154
:1026C000D12D432AA526F7223D1F741BA317C6133D
:1026D000E20FF40B03080B04110012FC15F815F4BB
:1026E00019F01CEC26E832E447E061DC86D8B3D46C
:1026F000EFD034CD8BC9EFC569C2F1BE95BB49B8E7
:102700001EB506B215AF3BAC8EA9FCA6A1A465A26E
:102710006FA09A9E299DCE9B5DCC9ACBF6CA74CAB7
:102720002BCA2BCCD1CDDFCFCFD1FED31BD665D8D2
:10273000A3DA02DD57DFC6E12BE4A5E616E997EB45
:102740000EEE92F00CF38FF507F887FAFBFC73FF9F
:10275000DF014E04AE061009630BB50DF70F3712FB
:1027600065149016A818BA1ABA1CB21E95206F22CA
:102770003424EE2591272729A52A152C6A2DB02E61
:10278000DA2FF230EC31D23298334834D434483531
:102790009635C735CF35B6356D35FE3456347D3375
:1027A0005032DC302A2F4C2D3A2B0629A52627241F
:1027B0007E21BE1ED61BDB18B9158912310FD10B35
:1027C0004608BC04000157FD57F918F6B5F51BF58E
:1027D0008DF4DAF329F35CF28DF1A6F0BDEFC0EED3
:1027E000BFEDADEC98EB75EA4FE91CE8E7E6A9E52B
:1027F00068E421E3D8E189E03BDFE9DD99DC48DBEF
:10280000F9D9ABD863D71DD6DED4A5D375D24DD1B7
:1028100032D023CF24CE36CD5DCC9ACBF6CA74CA43
:1028200011A481A08B9D069A069A8B9D81A011A46C
:102830006EA725ABBFAE95B255B641BA1BBE15C249
:10284000FDC5FDC9EDCDECD1DBD5D4D9BCDDA9E109
:1028500085E560E92AEDF0F0A3F44EF8E5FB71FFA1
:10286000E9025106A409E40C0F10231321160519DF
:10287000D11B801E17218D23EA252328412A372CBE
:10288000122EC02F5331B432F9330735F935AD3636
:1028900046379837D037B8378637F836553640350B
:1028A00022346A32CF30192E192ECF306A322234B8
:1028B00040355536F8368637B837D03798374637EB
:1028C000AD36F9350735F933B4325331C02F122EF6
:1028D000372C412A2328EA258D231721801ED11B5E
:1028E0000519211623130F10E40CA4095106E9025F
:1028F00071FFE5FB4EF8A3F4F0F02AED60E985E501
:10290000A9E1BCDDD4D9DBD5ECD1EDCDFDC9FDC548
:1029100015C21BBE41BA55B695B2BFAE25AB6EA768
:1029200011A481A08B9D069A92C524C31BC1A4BE8D
:10293000A4BE1BC124C392C5D5C750CAAECC30CFEC
:1029400099D11CD488D605D96BDBDEDD3AE09DE257
:10295000E9E438E76FE9A7EBC6EDE3EFE4F1E3F371
:10296000C5F5A2F760F918FBB0FC40FEAEFF1301FD
:1029700054028C039C04A40580065507F9079B08A4
:10298000010970099109CF0CCF106A1409186B1B4B
:10299000BC1ED921DC24AD275E2ADE2C382F603105
:1029A0005D332635BE361F384839343ADD3A3D3B73
:1029B0003D3BDD3A343A48391F38BE3626355D3363
:1029C0006031382FDE2C5E2AAD27DC24D921BC1ED5
:1029D0006B1B09186A14CF10CF0C910970090109FB
:1029E0009B08F90755078006A4059C048C03540234
:1029F0001301AEFF40FEB0FC18FB60F9A2F7C5F56D
:102A0000E3F3E4F1E3EFC6EDA7EB6FE938E7E9E4C0
:102A10009DE23AE0DEDD6BDB05D988D61CD499D186
:102A200030CFAECC50CAD5C792C524C31BC1A4BEFB
:102A3000A8CD86CBB9C981C781C7B9C986CBA8CD76
:102A40009DCFBCD1BCD3D2D5D0D7D8D9CBDBBFDDBD
:102A5000A0DF7BE145E303E5B1E64FE8DDE956EBB6
:102A6000C1EC11EE57EF7BF098F18BF27FF33DF460
:102A700007F586F532F649F654F854FCBCFF4E03D0
:102A80008F06D709E10CE30FB0126A15F517671A24
:102A9000AC1CD21ECD20A4225224D7253427622874
:102AA0006A293C2AEA2A5A2BA92BB12B9A2B2F2BC5
:102AB000AD2ABC29CE281C271C27CE28BC29AD2A2C
:102AC0002F2B9A2BB12BA92B5A2BEA2A3C2A6A29A5
:102AD00062283427D7255224A422CD20D21EAC1C34
:102AE000671AF5176A15B012E30FE10CD7098F06C4
:102AF0004E03BCFF54FC54F849F632F686F507F550
:102B00003DF47FF38BF298F17BF057EF11EEC1ECBF
:102B100056EBDDE94FE8B1E603E545E37BE1A0DFF5
:102B2000BFDDCBDBD8D9D0D7D2D5BCD3BCD19DCFDC
:102B3000A8CD86CBB9C981C7FFCAA9CA59CA19CAC3
:102B4000FFC94CCC21CE4FD046D26AD465D679D8B5
:102B500069DA66DC41DE22E0E1E1A0E33FE5D7E6A9
:102B60004FE8BCE909EB48EC66ED72EE5EEF34F03D
:102B7000EBF085F108F257F2F4F2CFF69BFA54FE2F
:102B8000DA014F058F08BB0BB20E94113E14D2161A
:102B90002D19711B781D681F1921B12207244625A4
:102BA0003D261E27B0273128572876282428EA27D3
:102BB000F3266B286E2BB62D0130D4317D33B6341D
:102BC0009C3502362636ED357935B634BD337C3248
:102BD0000631512F682D452BEE286426A523B820F9
:102BE000941D4D1AC4162D132D0FDC0B9D0BFF0ADF
:102BF000650A7D098F085D071F06A5041D035B019B
:102C00008DFF87FD74FB2DF9DBF654F4C5F102EF5F
:102C10003BEC3EE941E60DE3E0DF77DC1FD97FD5F1
:102C20000CD21ECE1DCD5ACD26CD19CDDACCA8CCD6
:102C300059CC0FCCB4CB5DCBFFCAA9CA59CA19CAAB
:102C4000A3CB6DC98BC72FC52FC58BC76DC9A3CBB0
:102C50009FCDC3CFBBD1C7D3ADD59CD766D931DB10
:102C6000D8DC7ADEF9DF6DE1BEE200E420E52CE697
:102C700016E7E8E799E82DE9A3E905EA77ED77F1AA
:102C800015F5BAF81AFC73FF8B02960563081F0B43
:102C90009B0D0610301246141916D9175119B71A80
:102CA000D11BDC1C901D401E861EE21E941E851F3B
:102CB000182315260D29A72B1D2E40303132D33372
:102CC000363548360E377B377B370E374836363544
:102CD000D333313240301D2EA72B0D291526182352
:102CE000851F941EE21E861E401E901DDC1CD11BFB
:102CF000B71A5119D91719164614301206109B0D20
:102D00001F0B630896058B0273FF1AFCBAF815F5C2
:102D100077F177ED05EAA3E92DE999E8E8E716E709
:102D20002CE620E500E4BEE26DE1F9DF7ADED8DCD6
:102D300031DB66D99CD7ADD5C7D3BBD1C3CF9FCD2F
:102D4000A3CB6DC98BC72FC550D077CED4CCAACA20
:102D5000AACAD4CC77CE50D0E4D17DD3E5D439D62D
:102D600068D770D85ED912DABDDA11DB80DB48DBB8
:102D700003DDB0E0B2E3CAE685E92DEC8FEECAF0E0
:102D8000CEF29AF43BF694F7D4F8B0F999FACEFA69
:102D9000E9FCE900320485076F0A3A0DB30FFA1116
:102DA000FE13BE1548177E188F19301AD21AB41A9E
:102DB0006E1C0220D1229C25F027172ADD2B602DC6
:102DC0008F2E682FF82F1F3009306A2FAE2E0D2D51
:102DD0000D2DAE2E6A2F09301F30F82F682F8F2E41
:102DE000602DDD2B172AF0279C25D12202206E1C96
:102DF000B41AD21A301A8F197E184817BE15FE134E
:102E0000FA11B30F3A0D6F0A85073204E900E9FCA5
:102E1000CEFA99FAB0F9D4F894F73BF69AF4CEF2D8
:102E2000CAF08FEE2DEC85E9CAE6B2E3B0E003DD2F
:102E300048DB80DB11DBBDDA12DA5ED970D868D7E7
:102E400039D6E5D47DD3E4D150D077CED4CCAACA3C
:102E500045AE98AA7BA77BA37BA37BA798AA45AE88
:102E600093B12EB58BB81CBC7CBF03C361C6DBC954
:102E700033CDA0D0EED34DD78EDADCDD0FE14CE4BC
:102E80006EE797EAA8EDBCF0B9F3B7F69FF986FCB8
:102E900056FF2502DD049207310ACA0C4E0FCC11F1
:102EA00033149316DD181E1B491D691F74217223EC
:102EB0005B253627FB28B22A522CE12D5A2FC13030
:102EC00011324D3371348035763655371838C33862
:102ED0005039C139103A3E3A3E3A103AC139503968
:102EE000C338183855377636803571344D33113242
:102EF000C1305A2FE12D522CB22AFB2836275B25F0
:102F000072237421691F491D1E1BDD18931633148B
:102F1000CC114E0FCA0C310A9207DD04250256FF70
:102F200086FC9FF9B7F6B9F3BCF0A8ED97EA6EE717
:102F30004CE40FE1DCDD8EDA4DD7EED3A0D033CDFB
:102F4000DBC961C603C37CBF1CBC8BB82EB593B173
:102F500045AE98AA7BA77BA320D3FED0F0CED3CBDF
:102F60001DCBD5CD26D020D301D649D987DC0DE0A5
:102F70008DE343E7F2EACBEE9CF28CF671FA6EFE3B
:102F80005E025E064E0A480E30121B16F119C41D71
:102F90007F213225C828522CBB2F113343365B3991
:102FA0004A3C183FB841304470468048504AE14B93
:102FB000244D154E974E844EF24D0B4DD04B554A35
:102FC0009948A84681442E42AE3F093D3E3A5437C7
:102FD0004A342631E72D932A2A27B02325208E1C38
:102FE000EB1840158E11D70D1E0A6506AF02FEFEC6
:102FF00054FBB4F722F49FF030EDD6E999E679E37B
:103000007EE0ABDD0BDBA3D884D6C8D495D3B4D295
:103010001AD2B1D17CD16AD17ED1ABD1F6D151D205
:10302000C5D240D3CFD360D4FFD49AD53FD6DBD618
:103030007DD710D8A6D827D9A8D90FDA72DAB5DA91
:10304000F2DA07DB14DBF2DAC5DA60DAEDD938D967
:1030500074D85FD73DD6B2D420D3FED0F0CED3CB38
:10306000E2C1ABBE0ABC21B921B90ABCABBEE2C108
:103070000BC58EC80BCCC6CF7BD35CD734DB2CDF23
:1030800017E317E707EB03EFEAF2D4F6A5FA71FEB0
:103090001F02C0053C09A20CDD0FF912E0159D18B6
:1030A000181B5A1D461FDE20E2215C22782248228E
:1030B000D42129214A20401F0D1EB91C441BB619DA
:1030C0000F1856168B14B512D310ED0E010D170BF9
:1030D0002F094E077805B003FA015C00DAFE79FD8E
:1030E00042FC3BFB73FAF5F9F5F973FA3BFB42FC42
:1030F00079FDDAFE5C00FA01B00378054E072F096E
:10310000170B010DED0ED310B5128B1456160F18B8
:10311000B619441BB91C0D1E401F4A202921D42179
:10312000482278225C22E221DE20461F5A1D181B0D
:103130009D18E015F912DD0FA20C3C09C0051F0215
:1031400071FEA5FAD4F6EAF203EF07EB17E717E3EF
:103150002CDF34DB5CD77BD3C6CF0BCC8EC80BC542
:10316000E2C1ABBE0ABC21B903CE9CCAD2C7D9C446
:10317000D9C4D2C79CCA03CE64D120D5D5D8C2DC6D
:10318000A2E0A2E48CE883EC5BF02EF4D7F768FBB6
:10319000C0FEED01CD0464078E09290BF10B450C2F
:1031A000310CDA0B3B0B720A770962082C07EB052E
:1031B00097044603F101AC0073FF59FE5EFD97FCD6
:1031C00006FCCAFBF7FBE2FC51FE18001F025B0481
:1031D000BC063C09CE0B6F0E1311B7135016DA184C
:1031E0004C1BA01DCC1FCA218B2308252926DF26B6
:1031F000DF26292608258B23CA21CC1FA01D4C1BA6
:10320000DA185016B71313116F0ECE0B3C09BC061B
:103210005B041F02180051FEE2FCF7FBCAFB06FC30
:1032200097FC5EFD59FE73FFAC00F1014603970465
:10323000EB052C0762087709720A3B0BDA0B310C9D
:10324000450CF10B290B8E096407CD04ED01C0FE7E
:1032500068FBD7F72EF45BF083EC8CE8A2E4A2E0E5
:10326000C2DCD5D820D564D103CE9CCAD2C7D9C47C
:1032700022D490D0A1CD92CA92CAA1CD90D022D40E
:10328000AFD792DB66DF66E348E735EBF1EE9BF202
:10329000FBF527F9E3FB34FEA0FF3F005B002000B5
:1032A00097FFDEFEF8FDFEFCF0FBE6FAE2F9FAF825
:1032B00035F8AAF76DF79CF791F853FA79FCF6FE0A
:1032C000A3017E046A07670A5C0D4A101713C31531
:1032D0003318631A2D1C821DFD1DA01DCA1C941BD2
:1032E000181A65188C169814971292109B0EB90C28
:1032F000000B7C094B08810781074B087C09000BF8
:10330000B90C9B0E9210971298148C166518181A07
:10331000941BCA1CA01DFD1D821D2D1C631A331891
:10332000C31517134A105C0D670A6A077E04A301D0
:10333000F6FE79FC53FA91F89CF76DF7AAF735F889
:10334000FAF8E2F9E6FAF0FBFEFCF8FDDEFE97FF84
:1033500020005B003F00A0FF34FEE3FB27F9FBF5F4
:103360009BF2F1EE35EB48E766E366DF92DBAFD721
:1033700022D490D0A1CD92CAA7D833D8AAD711D63B
:10338000E1D5F2D8E8DB8BDF27E319E7F4EAF4EEC6
:10339000C7F297F61EFA78FD5E00DD02750410058F
:1033A0000C05A604E903FB02E001B60080FF5CFE09
:1033B0004DFD73FCDCFBAEFB23FCA2FDB6FF32022D
:1033C000EC04D807DA0AE80DEC10DC13A1162E196C
:1033D000671B341D601E7D1ED01DB01C301B731971
:1033E00084177C1564135311520F7D0DDE0B9B0A5D
:1033F000D209F909F70A610C210E13102B1250148F
:1034000078168D18851A471CC71DE01E7E1F351FB4
:10341000EC1D181CDA1952179214AF11B80EBE0B1E
:10342000D008000662030F0123FFEDFDBAFD13FE75
:10343000CEFEC7FFEE0029027003A904CE05C30625
:103440008107E607DE0726075F05D902E7FF94FC40
:103450000BF94DF57EF199EDC5E9FBE567E203DF78
:1034600009DC85D909D846D7FAD6F0D628D76FD740
:10347000DAD72AD885D89BD8A7D833D8AAD711D6D7
:103480009ED7E2D3CCD0A0CDA0CDCCD0E2D39ED7D6
:1034900052DB52DF35E32FE7F1EA99EEE5F1DAF49A
:1034A0002DF781F8E7F8E5F876F8D9F705F729F66A
:1034B0003FF572F4BFF356F342F3CEF35DF5A7F791
:1034C0004AFA3DFD51008303AE06D109C60C8A0FAE
:1034D000F111EE1322154215B514C0137712FF1027
:1034E000600FBA0D140C8D0A2E0923087B07A7075D
:1034F000CF087B0A7F0CBD0E1C118A13F0154018F3
:10350000601A401CBB1DB51EB51EBB1D401C601AB9
:103510004018F0158A131C11BD0E7F0C7B0ACF08D2
:10352000A7077B0723082E098D0A140CBA0D600F1C
:10353000FF107712C013B51442152215EE13F111C6
:103540008A0FC60CD109AE06830351003DFD4AFA2D
:10355000A7F75DF5CEF342F356F3BFF372F43FF5F0
:1035600029F605F7D9F776F8E5F8E7F881F82DF7A9
:10357000DAF4E5F199EEF1EA2FE735E352DF52DBB9
:103580009ED7E2D3CCD0A0CD8EDD8ED92BD6BED2A5
:10359000BED22BD68ED98EDD5EE142E5A6E89FEB4A
:1035A00035ED97ED5DEDD7EC2BEC95EB3FEB71EB4B
:1035B000D1EC77EF8CF2FAF566F9C4FCBDFF34026A
:1035C0005B033F0394029101730061FF98FE4FFE7D
:1035D0003BFF66010704FB06F209D70C5A0F59118D
:1035E0000A1275115410D80E440DB90B7B0AB90993
:1035F0002F0AE20B0D0E8810091375158317081991
:10360000441936189F16AB14A1129D10E90EAE0D89
:10361000AE0DE90E9D10A112AB149F163618441979
:10362000081983177515091388100D0EE20B2F0A60
:10363000B9097B0AB90B440DD80E541075110A1242
:1036400059115A0FD70CF209FB06070466013BFF1C
:103650004FFE98FE61FF7300910194023F035B03EC
:103660003402BDFFC4FC66F9FAF58CF277EFD1ECB9
:1036700071EB3FEB95EB2BECD7EC5DED97ED35ED7A
:103680009FEBA6E842E55EE18EDD8ED92BD6BED259
:10369000FCF779F7F6F61BF698F56CF597F517F643
:1036A000E9F60BF877F92AFB1EFD4DFFB001400447
:1036B000F606C909B10CA60FA01295157D18501B6E
:1036C000061E9620F92228251C27CF283C2A5D2B90
:1036D000302CAF2CDA2CAF2C2B2C512B1F2A9928F5
:1036E000C026982425226B1F701C3B19D1153B1254
:1036F0007F0EA50AB606BB02BBFEBFFAD0F6F7F2F4
:103700003BEFA4EB3AE805E50BE251DFDEDCB6DA8D
:10371000DDD856D725D64AD5C7D49BD4C6D446D5EE
:1037200018D63AD7A7D85ADA4EDC7DDEE0E070E34F
:1037300025E6F8E8E0EBD6EECFF1C4F4ADF780FA79
:1037400035FDC5FF280257044B06FE076B09E80844
:103750006408E1075E07DB065706D4055105CE0471
:103760004A04C7034403C1023D02BA013701B40051
:103770003000ADFF2AFFA6FE23FEA0FD1DFD99FC33
:1037800016FC93FB10FB8CFA09FA86F903F97FF813
:10379000FCF779F7F6F61BF656F5E6F477F478F4CD
:1037A00008F409F478F451F591F630F826FA6BFC38
:1037B000F3FEB401A104AD07CC0AEE0D0611081406
:1037C000E5169119FF1B261EFA1F74218B223B233D
:1037D0007E235223B522AA213120501E0B1C6919C9
:1037E00074163413B50F020C29083504350036FC65
:1037F00047F874F4CAF057ED25EA40E7B0E47FE2F9
:10380000B2E04FDF59DED4DDBEDD17DEDBDE07E0E0
:1038100093E179E3AFE52AE8E1EAC6EDCEF0E9F31A
:103820000CF727FA2EFD1400CA0246057C07620930
:10383000EE0A1A0CDE0C370D210D9C0CA60B430A68
:103840007608070898072807B9064A06DB056B05BE
:10385000FC048D041D04AE033F03D0026002F1019D
:1038600082011201A3003400C4FF55FFE6FE77FE7B
:1038700007FE98FD29FDB9FC4AFCDBFB6CFBFCFA5A
:103880008DFA1EFAAEF93FF9D0F861F8F1F782F738
:1038900013F7A3F634F6C5F556F5E6F477F478F4A5
:1038A0004BF310F3D6F20DF2D3F125F203F365F4E6
:1038B00042F690F83FFB40FE8101EF047408FE0BD6
:1038C000760FC812E015AD181C1B211DAD1EB71FC9
:1038D00039202D20941F6F1EC31C981AF917F3145A
:1038E0009511F20D1B0A2606260230FE5AFAB7F68B
:1038F00059F353F0B4ED89EBDDE9B8E81EE813E8BD
:1039000095E89FE92BEB2FED9FEF6CF284F5D6F84D
:103910004EFCD7FF5D03CB060C0A0D0DBC0F0A123F
:10392000E7134915261679163F16761523144C12FF
:10393000F90F360D110A9A06E40201FFC6FE8BFE4E
:1039400050FE15FEDBFDA0FD65FD2AFDF0FCB5FC7B
:103950007AFC3FFC05FCCAFB8FFB54FB19FBDFFA2A
:10396000A4FA69FA2EFAF4F9B9F97EF943F908F9DB
:10397000CEF893F858F81DF8E3F7A8F76DF732F78B
:10398000F8F6BDF682F647F60CF6D2F597F55CF53B
:1039900021F5E7F4ACF471F436F4FCF3C1F386F3EB
:1039A0004BF310F3D6F20DF23DF63EF640F67AF503
:1039B0007BF544F6CDF707FADBFC2F00E103CE07D9
:1039C000CE0BBA0F6C13C0169419CE1B571D201EB8
:1039D000211E5B1DD61B9F19CE167D13CE0FE50B46
:1039E000E807FF035000FFFC2EFAF7F772F6ACF57C
:1039F000ADF576F6FFF739FA0DFD61001304FF0708
:103A0000FF0BEC0F9E13F216C619001C891D521EE7
:103A1000531E8D1D081CD1190017AF130010170C71
:103A20001A083104820031FD60FA29F8A3F6DEF5A8
:103A3000DFF5E1F5E2F5E4F5E5F5E7F5E8F5EAF5BA
:103A4000ECF5EDF5EFF5F0F5F2F5F3F5F5F5F6F546
:103A5000F8F5FAF5FBF5FDF5FEF500F601F603F6CF
:103A600004F606F608F609F60BF60CF60EF60FF657
:103A700011F613F614F616F617F619F61AF61CF6E2
:103A80001DF61FF621F622F624F625F627F628F66F
:103A90002AF62BF62DF62FF630F632F633F635F6FB
:103AA00036F638F639F63BF63DF63EF640F67AF550
:103AB00082F966F949F93AF81DF8F2F8ABFA2BFDEC
:103AC0004B00D8039A07570BD30ED6113114BE15ED
:103AD00064161616D814BB12DD0F6A0C94089404F1
:103AE000A60004FDE5F977F7DCF52DF572F5A5F6EE
:103AF000B2F877FBC9FE72023A06E309350DFA0FF8
:103B000007123A137F13D0123511C70EA80B0608FF
:103B10001804180042FCCFF8F1F5D4F396F248F2FD
:103B2000EEF27BF4D6F6D9F955FD1201F500D80076
:103B3000BB009E008100640047002B000E00F1FFD7
:103B4000D4FFB7FF9AFF7DFF60FF43FF27FF0AFF07
:103B5000EDFED0FEB3FE96FE79FE5CFE40FE23FE37
:103B600006FEE9FDCCFDAFFD92FD75FD58FD3CFD67
:103B70001FFD02FDE5FCC8FCABFC8EFC71FC55FC96
:103B800038FC1BFCFEFBE1FBC4FBA7FB8AFB6DFBC7
:103B900051FB34FB17FBFAFADDFAC0FAA3FA86FAF6
:103BA0006AFA4DFA30FA13FAF6F9D9F9BCF99FF925
:103BB00082F966F949F93AF881FC7BFC75FCEAFA6E
:103BC000E4FA64FC2FFFD602CB06720A3D0DBD0E4F
:103BD000B70E2C0D560AA406A402F1FE1BFC90FAA7
:103BE0008AFA0AFCD5FE7C027106180AE30C630E01
:103BF0005D0ED20CFC094A064A0297FEC1FB36FA5A
:103C000030FAB0FB7BFE22021706BE09890C090EB2
:103C1000030E780CA209F005F0013DFE37FE32FEDE
:103C20002CFE27FE21FE1BFE16FE10FE0AFE05FEE0
:103C3000FFFDFAFDF4FDEEFDE9FDE3FDDDFDD8FD40
:103C4000D2FDCDFDC7FDC1FDBCFDB6FDB0FDABFD98
:103C5000A5FDA0FD9AFD94FD8FFD89FD83FD7EFDF0
:103C600078FD73FD6DFD67FD62FD5CFD56FD51FD48
:103C70004BFD46FD40FD3AFD35FD2FFD29FD24FDA0
:103C80001EFD19FD13FD0DFD08FD02FDFCFCF7FCFA
:103C9000F1FCECFCE6FCE0FCDBFCD5FCCFFCCAFC58
:103CA000C4FCBFFCB9FCB3FCAEFCA8FCA2FC9DFCB0
:103CB00097FC92FC8CFC86FC81FC7BFC75FCEAFA90
:103CC00027002C00320067FD6DFD430043041907F7
:103CD0001E0754045F0094FD9AFD700070044607AF
:103CE0004B0781048C00C1FDC7FD9D009D04730737
:103CF0007807AE04B900EEFDF4FDCA00CA04A007BF
:103D0000A507DB04E6001BFE21FE27FE2CFE32FE8B
:103D100038FE3DFE43FE48FE4EFE54FE59FE5FFE59
:103D200065FE6AFE70FE75FE7BFE81FE86FE8CFEE1
:103D300092FE97FE9DFEA2FEA8FEAEFEB3FEB9FE69
:103D4000BFFEC4FECAFECFFED5FEDBFEE0FEE6FEF1
:103D5000ECFEF1FEF7FEFCFE02FF08FF0DFF13FF75
:103D600019FF1EFF24FF2AFF2FFF35FF3AFF40FFF8
:103D700046FF4BFF51FF57FF5CFF62FF67FF6DFF80
:103D800073FF78FF7EFF84FF89FF8FFF94FF9AFF08
:103D9000A0FFA5FFABFFB1FFB6FFBCFFC1FFC7FF90
:103DA000CDFFD2FFD8FFDEFFE3FFE9FFEEFFF4FF18
:103DB000FAFFFFFF05000B00100016001B0021009A
:103DC00027002C00320067FD60006000600060FC8E
:103DD00060FC6000600060FC60FC6000600060FCF3
:103DE00060FC6000600060FC60FC6000600060FCE3
:103DF00060FC6000600060FC60FC600060006000CF
:103E000060006000600060006000600060006000B2
:103E100060006000600060006000600060006000A2
:103E20006000600060006000600060006000600092
:103E30006000600060006000600060006000600082
:103E40006000600060006000600060006000600072
:103E50006000600060006000600060006000600062
:103E60006000600060006000600060006000600052
:103E70006000600060006000600060006000600042
:103E80006000600060006000600060006000600032
:103E90006000600060006000600060006000600022
:103EA0006000600060006000600060006000600012
:103EB0006000600060006000600060006000600002
:103EC000600060006000600060006000600060FCF6
:103ED00040F1F5F0B1F071F032F0A0F0B4F163F31D
:103EE000A2F560F88AFB0CFFCF02BC06BC0AB70E35
:103EF00095124016A419AD1C4B1F712112232724C3
:103F0000AB249D24FE23D3222421FB1E661C73199F
:103F10003316B812150F5E0BA707030484003BFD90
:103F200038FA8AF73BF554F3DEF1DCF04FF037F066
:103F300090F054F17BF2FBF3C7F5D4F712FA72FC60
:103F4000E5FE5B01C60317064008340AEA0B590D6B
:103F5000770E420FB40FCE0F8F0FFB0E160EE60C2E
:103F6000720BC509E707E405C7039A016AFF42FD22
:103F70002BFB30F959F7AEF535F4F3F2ECF121F102
:103F800093F041F028F045F094F00FF1AFF16EF2AC
:103F900045F32BF419F509F6F2F6CFF79AF84EF936
:103FA000E7F961FABBFAF3FA09FBFEFAD4FA8BFAE5
:103FB00028FAAEF921F985F8DDF72FF77EF6CEF570
:103FC00022F57EF4E3F354F3D1F25AF2F1F193F1D6
:103FD00040F1F5F0B1F071F0A1F68AF66AF644F618
:103FE0001CF6E9F69BF818FB3BFEDA01C305C30992
:103FF000A60D3B115514CD1686186C197619A41808
:104000000417AA14B6114C0E980AC60604037FFFC3
:104010005FFCC7F9D2F794F616F659F654F7F4F8A0
:1040200022FBBCFD9E00A203A0067009EF0BFE0D53
:10403000840F7010B71059105B0FCB0DBF0B5109D7
:10404000A006CC03F70043FECEFBB3F908F8DCF67C
:1040500039F620F68EF678F7CBF874FA59FC5FFE45
:104060006A005F022404A305CA068C07E007C5079F
:104070003D0752060F058703CC01F4FF15FE45FCF2
:1040800097FA1EF9E7F7FCF664F620F62FF689F6A4
:1040900025F7F6F7ECF8FAF90DFB17FC09FDD6FD4C
:1040A00076FEE0FE11FF09FFC9FE57FEBAFDFAFCDD
:1040B00023FC3FFB58FA78F9A8F8EFF752F7D4F64B
:1040C00077F639F617F60EF618F630F64FF66FF665
:1040D0008DF6A3F6AEF6AEF6A1F68AF66AF644F6CB
:1040E00046F915F9EEF8CFF8B2F8D2F90FFC31FF26
:1040F000EE02EE06D60A4F0E0C11D2127B13FB1203
:104100006011D00E830BC407E303350005FD95FA5B
:1041100015F99DF832F9BFFA1BFD0B004B038E0613
:104120008C09010CB90D8E0E710E670D890B0109FA
:104130000906E102CDFF0CFDD8FA5AF9ADF8D8F81E
:10414000CFF977FBA5FD2200B60223053407BB0893
:104150009809BB092109DC070906D2036601FAFEAA
:10416000C1FCE6FA8EF9CFF8B2F832F93DFAB6FBA7
:1041700076FD52FF1E01B202E903AB04E9049F047D
:10418000D703A402210171FFB7FD17FCB1FA9FF913
:10419000F1F8AFF8D9F862F938FA43FB67FC87FD0C
:1041A00088FE54FFD9FF0E00F2FF87FFDBFEFDFD06
:1041B00001FDFDFB05FB2AFA7BF901F9BFF8B4F814
:1041C000D9F823F987F9F6F963FAC1FA08FB32FB4B
:1041D0003DFB29FBFBFABAFA6CFA1AFACAF983F921
:1041E00046F915F9EEF8CFF8A7FB7AFB5AFB43FB2B
:1041F00030FBEFFC1F001C041C08580B320D520D45
:10420000B50BAE08D204DF0090FD82FB0FFB43FC30
:10421000D7FE4402DC05EB08DA0A4E0B330AC3076B
:104220007804F200DCFDC4FB0AFBC5FBC7FDA4005B
:10423000C9039606820831098408A006E403D70062
:104240000AFE02FC19FB71FBEEFC3DFFE601610476
:1042500033060407B00649051803890016FE33FC2F
:1042600034FB3FFB47FC0FFE38005202F503D0043D
:10427000BD04C30314020600FAFD50FC53FB28FBE7
:10428000CCFB17FDBFFE6E00CD019B02B2021102F6
:10429000DB004CFFB1FD53FC6EFB25FB7AFB53FCAE
:1042A0007DFDB8FEC4FF6E0097003B006FFF5CFE13
:1042B00037FD33FC7DFB2DFB49FBC0FB72FC35FD5C
:1042C000E0FD51FE75FE47FED5FD36FD89FCEDFB98
:1042D00079FB3AFB33FB59FB9CFBE6FB25FC4BFCD3
:1042E00052FC3CFC11FCDBFBA7FB7AFB5AFB43FBBB
:1042F000E6FCBFFCA2FC8FFC81FCC5FE8B028506A0
:104300005909160A7F0822052201D3FD49FCFBFC4E
:10431000A0FF4803B006B308A50890062B0399FF39
:1043200008FD4BFC92FD6300C1038406BF070B0729
:10433000AA046A0162FE8FFC81FC2FFEFD00EF03E0
:1043400004068C065C05DF02EDFF7EFD5BFCD9FCFC
:10435000BFFE5E01CE033B052D05AE034101B8FE55
:10436000E5FC5CFC3DFD2EFF7E0161033504B603D8
:104370001302DCFFCDFD8FFC81FC9AFD6EFF58011E
:10438000AF02020339029D00B7FE29FD6DFCB6FCA9
:10439000DDFD75FFEC00C301B501CB0058FFD6FD74
:1043A000C3FC6EFCE8FCF9FD3BFF3F00AB00600086
:1043B0007CFF4DFE37FD8FFC81FC04FDE0FDC1FE5E
:1043C0005AFF78FF17FF5AFE82FDD3FC7EFC93FC58
:1043D000FCFC8BFD09FE4BFE3DFEE9FD6EFDF5FC90
:1043E000A0FC80FC92FCC3FCF9FC1CFD21FD0BFD34
:1043F000E6FCBFFCA2FC8FFCF3FCFEFC02FDFBFC18
:10440000EFFC72FF66031807F6083A083805380112
:10441000E7FDA2FCE3FD1401CF047D07FE071E06A5
:10442000AF0221FFF0FCFAFC2CFF8B02A305220750
:104430006C06D2037000AFFDAFFCCEFD83009E037F
:10444000CB0520067F049B01ACFEE9FC02FDDDFEEE
:10445000A40124044C05A4047702B3FF7FFDBDFC36
:10446000B2FDE6FF610212044404E702930042FE3B
:10447000E6FC06FD84FEB1009C027403E102270104
:1044800002FF56FDCBFC8EFD3EFF190153026A026E
:10449000590197FFE1FDE7FC05FD20FEB3FF0C018C
:1044A0009A012401E2FF5DFE34FDD8FC63FD8AFE23
:1044B000C6FF90009300D5FFA7FE89FDEBFC00FD31
:1044C000B2FDA8FE73FFBFFF6EFFA9FEC3FD18FD7E
:1044D000E5FC2FFDCAFD69FEC8FEBFFE59FEC4FD06
:1044E0003CFDF1FCF6FC39FD91FDD3FDE3FDBFFD84
:1044F0007BFD34FD03FDF0FCF3FCFEFC02FDFBFC48
:10450000A3FD84FD69FD59FD4EFD0300030435073D
:10451000F207DD050F027EFEF8FC39FE8901260553
:104520002F079A06B8030A0072FD3AFD6FFFDE02FC
:10453000B8058406DD04A3017FFE09FDF3FDB30089
:10454000D103AD055305F802D5FF85FD2FFDEDFE26
:10455000CB0144041105CC03230174FE1BFDBBFDFC
:10456000F0FF8B022E04020425028FFF93FD2BFD2A
:104570007CFECA00DA029A03AC0290005CFE2DFDBC
:1045800090FD41FF5401B202A7023F0138FF99FD9F
:104590002DFD1DFEDCFF7B0121027D01EAFF37FEC0
:1045A0003EFD71FDA5FE2E003B0144014800CEFEFC
:1045B00096FD35FDCDFD01FF2700A600410030FF2F
:1045C00002FE4BFD5CFD1BFE18FFCBFFD9FF40FF39
:1045D00052FE89FD40FD8DFD39FEE1FE2CFFF7FE08
:1045E00064FEBEFD55FD51FDA4FD15FE63FE68FE93
:1045F00027FEC4FD70FD4DFD5BFD85FDA9FDB4FDED
:10460000A3FD84FD69FD59FD96FE99FE88FE7AFEA4
:1046100074FE31020605770377FFEFFDAD003C0421
:104620003604A900F6FD60FF12037504D9017AFE75
:1046300074FEB7013004D30257FF00FE6100780317
:1046400071035E0008FE3FFF6E029F0360017AFE69
:1046500074FE3E015A032F0236FF12FE1600B3020B
:10466000AD0213001AFE1FFFCA01C802E6007AFE5F
:1046700074FEC50083028B0115FF24FECBFFEE0103
:10468000E801C8FF2BFEFEFE2601F2016D007AFE56
:1046900074FE4B00AD01E700F5FE35FE80FF2A01F8
:1046A00024017DFF3DFEDDFE82001C01F4FF7AFE49
:1046B00074FED2FFD7004300D4FE47FE35FF6500ED
:1046C0005F0031FF4FFEBDFEDEFF46007AFF7AFE3F
:1046D00074FE59FF0100A0FFB4FE59FEE9FEA1FFE0
:1046E0009BFFE6FE60FE9CFE3AFF70FF01FF7AFE34
:1046F00074FEDFFE2BFFFCFE93FE6AFE9EFEDCFED8
:10470000D6FE9BFE72FE7BFE96FE99FE88FE7AFE2A
:1047100042EC38EC29EC11ECBFEB28EC42EDFDEE5D
:104720004AF115F44BF7D4FA9CFE8B028B06860AED
:10473000690E1F129815C518991B091E0E20A3217A
:10474000C5227423B2238323EE22FC21B420231F2D
:10475000531D501B2819E51695144112F60FBC0D78
:104760009B0B9C09C407170699044C032F024301B5
:104770008500F3FF89FF43FF1DFF10FF1AFF33FF82
:1047800057FF81FFAEFFD8FFFDFF1A002C00340059
:104790002E001D00FFFFD6FFA3FF67FF25FFDFFEF2
:1047A00097FE4FFE09FEC6FD89FD54FD25FD00FD67
:1047B000E3FCCEFCC0FCBAFCB9FCBCFCC0FCC5FCF4
:1047C000C7FCC5FCBDFCABFC8FFC67FC31FCECFB03
:1047D00098FB33FBBFFA3AFAA7F906F958F8A0F7A5
:1047E000DFF617F64BF57DF4B0F3E6F222F265F151
:1047F000B2F00AF06FEFE1EE63EEF3ED93ED42ED10
:10480000FFECC9ECA0EC81EC6BEC5CEC51EC4AECFD
:1048100042EC38EC29EC11EC5CF938F90BF9DAF8D8
:10482000BCF841FA1CFDD400D40487086C0B2A0D97
:104830009D0DD60C150BC20851063604CC024C0255
:10484000C1020D04EA05FC07DD09340BBD0B580B52
:104850000C0A03088405E8028800B2FE9DFD5EFD97
:10486000ECFD1FFFBA00740205043205D205DA051B
:104870005405640439030C020E0168003000660020
:10488000F900C801AA027303FD033004FE036F039D
:104890009602900181008BFFC9FE4DFE1EFE36FE82
:1048A00083FEF0FE64FFC7FF07001C000300C4FF87
:1048B0006AFF06FFA6FE59FE27FE12FE17FE2FFE18
:1048C0004FFE6DFE7FFE7EFE66FE3AFEFEFDB7FDEC
:1048D0006DFD28FDEBFCB9FC92FC74FC5AFC42FC1B
:1048E00028FC0AFCE7FBC2FB9DFB7CFB61FB4DFB4C
:1048F00042FB3CFB3AFB36FB2CFB1AFBFCFAD3FADF
:10490000A1FA6AFA32FAFEF9D2F9B1F99CF991F9F1
:104910008CF989F983F974F95CF938F90BF9DAF84B
:1049200093FB80FB51FB18FB04FB41FD00010005DC
:104930000608430997088B061C045702F601210359
:104940006805EA07B109040AAD080706D902110093
:1049500070FE4DFE7FFF70015B039004B304D30330
:104960005F02F7002D005500660103039E04AD05AC
:10497000DA051A05B2031602BF000300FDFF850029
:104980004801E8011F02D50127015600ABFF62FF75
:104990008EFF1B00D6007E01E001E60197011601A3
:1049A00090002B00F8FFF5FF0B001E001700ECFF36
:1049B000A6FF55FF0FFFE3FED4FEDCFEEEFEFCFE7D
:1049C000FDFEF4FEE6FEDCFEDDFEE6FEEFFEECFEA6
:1049D000D3FEA2FE5FFE19FEE1FDC2FDBFFDD0FDCC
:1049E000E3FDE6FDCDFD96FD4BFD02FDCFFCC0FCD9
:1049F000D8FC09FD3FFD60FD5BFD2CFDDCFC83FC6C
:104A000038FC0FFC0FFC2FFC5BFC7AFC78FC4FFCA5
:104A100004FCACFB5DFB2CFB22FB3AFB62FB86FB40
:104A200093FB80FB51FB18FBABFA91FA75FA5BFA2A
:104A300044FA14FC57FF570346076E0A520CC60C83
:104A4000EE0B2A0AF907D6051A04EC024602FD010C
:104A5000D901AE0169011B01ED001001AD01CE02CB
:104A60005504000676075B086B088D07D805980388
:104A7000370127FFCBFD5BFDDFFD29FFE600B2021A
:104A80002D0414054B05DF04FF03EB02E4011701BD
:104A90009B006900670073006C0046000300BAFFCA
:104AA00089FF8DFFD7FF60001001BD01370258025A
:104AB000090251014B0029FF23FE6AFD1EFD48FD3E
:104AC000D4FD9BFE6CFF160076007C002E00A4FF38
:104AD00001FF67FEF2FDAEFD98FDA3FDB9FDC6FD29
:104AE000BFFDA0FD73FD47FD2AFD2AFD48FD7CFDAD
:104AF000B5FDDEFDE4FDBBFD63FDE8FC5DFCDDFB1B
:104B00007EFB50FB58FB8DFBDEFB33FC76FC96FCFA
:104B10008AFC56FC05FCA8FB4FFB08FBDAFAC4FA3A
:104B2000BFFAC2FAC3FABCFAABFA91FA75FA5BFAA9
:104B3000CDE95CE9F0E88EE831E890E957EC07F060
:104B400007F4BDF7A6FA67FCDBFC12FC50FAFDF790
:104B500097F597F368F250F26AF3A4F5C2F86BFC8C
:104B60003600BA039F06A808BC09E9095D095F0879
:104B700042075C06F20535063707EC082F0BC10D1E
:104B80005F10C012A914F21587167116CF15D01434
:104B9000AC139E12D611771190111D12041321141B
:104BA00045154116EC162917EA1634161815B513D3
:104BB0003312B810680F5C0EA20D390D140D1C0DC8
:104BC000320D360D0D0DA10CE60BDE0A920916080A
:104BD0008406F7048703480245018100F4FF90FF33
:104BE00042FFF4FE92FE0CFE58FD74FC65FB38FAA1
:104BF000FCF8C4F7A0F6A0F5CCF428F4AFF35AF310
:104C00001CF3E6F2A9F259F2EFF168F1C4F00CF0EE
:104C100049EF86EED0ED30EDAEEC4AEC06ECD9EB88
:104C2000BEEBAAEB93EB71EB3FEBF9EAA2EA3BEAAE
:104C3000CDE95CE9F0E88EE80BFBFCFAFDFAFFFA3F
:104C4000ECFA12FDB400B404FA07CF090C0A1209F9
:104C50008D072C0653050505F304AB04DD03830221
:104C6000EB0095FFFEFE6AFFC2009B026304920503
:104C7000E6056F058904AA0332034103AA030D0464
:104C800000044303E0012D00ADFEDCFD07FE25FF1F
:104C9000E200BB022A04DA04B804F703EF02F901C8
:104CA0004F01F600C90092002A008EFFE2FE67FE67
:104CB00057FED0FEBEFFE300E90183028802010235
:104CC000220135007FFF21FF18FF3AFF52FF38FF16
:104CD000E2FE67FEF8FDC8FDF4FD7BFE35FFE8FF50
:104CE0005B006B00150078FFC5FE2AFEC7FD9DFD29
:104CF00099FD9CFD8DFD63FD2CFD01FDFEFC31FD4C
:104D000093FD09FE6AFE94FE74FE0FFE7FFDEAFC31
:104D100074FC30FC21FC33FC4FFC5CFC52FC35FC89
:104D200015FC03FC0CFC2FFC5EFC84FC8DFC6EFC73
:104D30002BFCD3FB7BFB35FB0BFBFCFAFDFAFFFAEC
:104D4000A8FD93FDA7FDBAFDB1FDB101DA0405048C
:104D50008A018201180486056B03F1FFCAFE8400F4
:104D60005B023F0238016001CF02BC031703BC01A4
:104D7000F100CB00AB008A00E600A201F901AE0110
:104D80008A0114028102B8011D006AFF6A00C10194
:104D9000AA016900FBFF4701B60247024E001DFF52
:104DA000F4FF6A016801FFFF38FF3F00CF01F00107
:104DB0008E006FFFC6FFBF00D700EBFF3FFFACFFC9
:104DC0009500DD005E00DEFFE1FF18000400B4FF87
:104DD0008CFF9FFFADFFA4FFBBFFF9FF0600A9FFFB
:104DE0003BFF40FFA1FFB9FF41FFC5FEF5FEA2FF5B
:104DF000E9FF64FFB9FEBEFE57FF9AFF13FF63FE93
:104E000066FE0CFF72FF17FF79FE63FED9FE24FFDA
:104E1000D4FE49FE28FE7EFEC5FEA1FE4DFE34FEF8
:104E200061FE81FE63FE2CFE14FE1CFE1FFE12FEC0
:104E300009FE0CFE04FEEBFDDAFDE3FDEDFDD6FD03
:104E4000A8FD93FDA7FDBAFD5CFE8AFE76FE45FE39
:104E50003EFE3E022503CB0069018204E2032100ED
:104E60006CFF9C01660148FF19000A0347033F01DC
:104E700012014B027E017FFF9CFF35017801D200B9
:104E800051013E02D101B7006F00940057003B0072
:104E9000AE001501310154014201AE00450072001F
:104EA0006C00F4FF21000A01370176005A0000016E
:104EB000BA0097FF90FF9F00AF00CAFFFEFF1A01E4
:104EC000E900A5FF95FF8D00590041FF7DFFB0006F
:104ED0009C008DFFA7FF9300450028FF44FF38008A
:104EE000180045FF7DFF54001D0041FF50FFEEFFFD
:104EF000B7FF11FF3FFFDAFFBDFF3DFF55FFB2FFD8
:104F00007EFF0FFF1FFF66FF4FFF19FF32FF5BFFA2
:104F100041FF17FF15FF15FFFFFEF8FEFEFEF6FE30
:104F2000F2FE03FFFDFED4FEC9FEE2FED3FEA1FEAB
:104F3000A5FED5FECAFE90FE94FEC3FEACFE68FE42
:104F40006DFEA0FE8DFE52FE5CFE8AFE76FE45FEE4
:104F50008FE758E71AE7D5E66AE6E0E858EC2DF067
:104F600024F424F820FC1000F003BE07760B180F81
:104F7000A21212166819A01CB51F9F223E252627D3
:104F80003528F0287A29D029D7293F290028422618
:104F9000E8233621671E911BBE18F31535138810C0
:104FA000F30D880B8D092F080A07FC05FC04080483
:104FB0001D033B0263019600D9FF3AFFD9FEB4FE00
:104FC000A9FEAFFED1FE2EFFC4FF3B004F00400004
:104FD00025000500E1FFBAFF90FF64FF36FF05FFE3
:104FE000D3FE9EFE66FE2DFEF1FDB2FD6CFD18FDAA
:104FF000D0FCCCFCE0FCF8FC0BFD12FDFEFCB8FC88
:105000004EFCD6FB58FBD7FA54FAD0F94CF9C6F847
:105010003FF8B5F724F77FF6A6F5B8F4C8F3DBF24E
:10502000FAF124F153F087EFBEEEF9ED37ED7BECAA
:10503000C5EB1AEB85EA0DEAA5E946E9F5E8C6E80D
:10504000A6E88BE86FE851E831E80EE8E8E7BEE74C
:105050008FE758E71AE7D5E659F606F6BAF58AF566
:1050600061F5D5F8C0FCC000B7049608440C380FB1
:105070005E0F820E7F0D6D0C550B3D0A4D099A098E
:10508000380A0E0BDE0BA60C610DF50D460D1E0C3D
:10509000D5092E078904F50188FFF6FD3DFD2CFD9D
:1050A000A3FE7A0059022A049E051F067E06B20658
:1050B000F8050B051D04510367039303AB0383033A
:1050C000000492041005CF045904DC035803B6020F
:1050D0006901140038FFC2FE5BFE04FEDAFD01FE2A
:1050E000C1FE60FF7AFF87FF90FF95FF94FF70FF7E
:1050F000E7FED4FECFFEC9FEC0FEADFE7CFE56FE2E
:1051000023FEDEFD97FD50FD0AFDC5FC82FC5FFC21
:1051100021FCE2FBA3FB66FB2BFBFAFABFFA6AFA5F
:105120004BFA31FA18FA00FAE9F9DEF916FA2AFA16
:1051300014FAF9F9DBF9BAF98FF921F9A5F851F860
:105140001AF8E6F7B5F788F77FF78DF797F77CF74A
:1051500050F721F7F0F6B1F659F606F6BAF58AF5EA
:1051600099F94FF90FF90BF9F0F8A7FCA700A30480
:105170006E08290A6A097D0885079F067107B50927
:10518000CE0AAA0B540C3F0B8E087F057C02B4FF9D
:1051900094FE5FFE6EFF8501A5036304CE04EF035A
:1051A00001035802DC0282034C050E07C0073407D6
:1051B0008206E6040003C401220196006F000A0182
:1051C000EB00CA00FA0015015C006F00A900E700BF
:1051D000300133027C02A502A90257027A011201B2
:1051E000B6005E000900D0FF81FF32FFE8FEADFE91
:1051F000BBFED0FEE1FEF1FEFDFED8FECDFED5FEEB
:10520000DDFEE7FE3AFF5AFF29FFF1FEB3FE12FE74
:105210006CFD2FFDFAFCCDFC09FD4EFD3AFD2FFD86
:105220001FFDADFC37FC17FC0CFC0CFC64FCBDFC4A
:10523000E6FCD4FCA3FC21FC9DFB2AFBFFFAEAFA66
:1052400015FB41FB65FB48FB0BFBACFA51FAFBF984
:10525000D9F9E9F913FA3BFA5EFA6AFA2EFAE5F996
:1052600099F94FF90FF90BF914F909F917F91EF922
:1052700002F9B0FCAD00AD049608420C080E480FD0
:10528000FB0FA40D4E0A2507A2054B040703D60108
:10529000C400E8FF40000001CF01A3028803A2057B
:1052A000F5070C0ACE0A3F0A4A091107C2047A021E
:1052B00046003BFE1DFDE6FD8BFF4A010503A904E8
:1052C0006105BD05EE054A053504BA021E029C01C2
:1052D0002001AB003D00DBFF6BFF44FF68FF96FF42
:1052E000CEFF97009F019502F7021703DD02D2015E
:1052F000B0008EFF75FE6CFDB5FC0CFD84FD35FE27
:10530000F5FEACFF02000D000700A1FF0DFF78FEC7
:1053100030FEF5FDBCFD85FD51FD22FDE5FCAFFC39
:1053200084FC79FC76FCAAFC15FD7AFDA1FD9DFDAF
:105330008CFD1EFD8CFCF8FB68FBDEFA72FA92FA1B
:10534000C2FAF6FA31FB73FB96FB86FB6FFB34FB6C
:10535000DBFA84FA5FFA40FA1DFAFAF9D9F9B9F9D9
:1053600092F96FF94DF92DF914F909F917F91EF9A8
:10537000CDEA76EA40EA0BEAB4E9F2ECB9F0B0F42F
:10538000B0F8A1FC610039034602670073FE87FC98
:10539000AEFAF6F89DF766F8FFFA05FE0E0107046F
:1053A000E7069009D10A4C0B520A1909DB07A60639
:1053B00089050A05760537062508300A330C230EC1
:1053C000CF0F881014113F117410940FB50EEE0D0D
:1053D000E00DF90D210EBD0EFB0F3D116C122113D6
:1053E0008513D313FF138213801253112A10480F11
:1053F0005F0E730D920C4A0C360C150C9B0B140BA4
:105400008B0AFC095B092808DE06D205DB04E803E9
:10541000F90210024101F20096001E00A4FF2CFFC9
:10542000B2FE35FE9EFDAAFCD2FBFEFA2BFA5CF919
:1054300090F8CAF729F7B9F64CF6E2F579F510F5C8
:10544000A8F43DF4B8F30AF35BF2ADF102F159F0C0
:10545000B5EF12EF9CEE46EEF9EDB6ED7FED53EDB4
:105460002FED16EDCEEC7AEC26ECD1EB7DEB28EBB4
:10547000CDEA76EA40EA0BEA9CFA89FA76FA63FA10
:105480004DFA13FE13020906C409620BF20B870AD8
:10549000E60887063005EE030803DC0362037D029D
:1054A0009901D9003301FD01C30288034404620459
:1054B0009F03F5036204DD035D04F8047E053105F6
:1054C0004A0440023A0070FEA9FD56FEFDFFAE01FF
:1054D0005603DB0446056005A7042F03F40176019B
:1054E0000501AC00D20034007EFF06FF23FF62FFFF
:1054F000FDFF91002101A801AB01560105016300E8
:10550000C6FFD3FFEDFF0400E6FF7CFF95FEFFFD25
:10551000B3FD7BFDE1FD93FE47FFF4FF89008C00A6
:10552000260069FFA9FE2DFEF8FDC9FDA0FD99FD2D
:1055300036FD16FD10FD0EFD1FFD6DFDB8FDFFFDD6
:105540003EFE22FEABFD38FDCDFC6CFC5DFC54FC48
:105550004BFC37FC05FCD9FBB5FB94FB78FBA0FBAF
:10556000DCFB16FC4AFC65FC1FFCD0FB77FB21FB37
:10557000F2FAD5FABAFAA2FA9CFA89FA76FA63FA3A
:1055800077FD3DFD08FD17FD0CFD0C01E50442040F
:105590006C03860471054A054E02ECFEC5FD7000E1
:1055A000AD0189025502540322052F041D030A028E
:1055B00019013A00E100B10197024E0391022C0259
:1055C000CD010202420133FFBBFE7D004C0293027B
:1055D000BE01B20185023903AA01F3FF9DFEC9FF96
:1055E0003E01B800F4FF2B006701F6016B011100CA
:1055F000B2FF3C008700B70027005F00CC00D2005C
:105600008B003100ECFFA2FF6AFF8EFF0D0031001E
:10561000C1FFD4FFC2FF3000FBFF23FFC7FE27FFFF
:10562000DAFFEAFF64FFF5FE91FF00008AFFD6FE75
:1056300034FE93FE12FF07FF93FE71FEE8FE5AFF51
:1056400038FFABFE87FE95FEABFEAAFE53FE55FE6D
:105650005EFE64FE59FE30FE18FEFEFDE4FDD1FD47
:1056600012FE12FEF3FDE2FDE2FD15FE03FEB2FDA9
:1056700068FD69FD97FD96FD59FD20FD48FD71FD12
:1056800077FD3DFD08FD17FD09FE2FFE2BFE06FEF2
:10569000FEFDFE01DA021102450487054D03B9FF44
:1056A00017FF05006300A6FF630126044B045802A0
:1056B000BE01F9009DFF82FFB10096011A02CB02E4
:1056C0007C02B701C60008006FFFF8FF1D01B7019B
:1056D0004101960125028E01DFFF5EFF7B00DF00A6
:1056E0003800B5002202A70131005600EF00ACFFE0
:1056F000F9FE42007E01CE001000B5003D01010020
:10570000EBFECEFFB6001000E9FFEA00CD00C4FFBB
:1057100086FF0F00DAFF40FF6CFF41005C00C7FF0F
:10572000A2FF0300CEFF57FF5AFF87FF9AFFA9FF92
:10573000C1FFA8FF81FF5DFF3CFF1FFF30FF40FF5F
:105740003FFF4BFF8CFF72FFF6FEDAFE26FF22FFC3
:10575000C5FECEFE37FF3BFFCAFEB9FEFEFEDDFEF4
:1057600074FEA3FEF9FEB6FE6AFEB0FEEAFE91FEEE
:105770003AFE6EFEA9FE68FE2CFE68FE97FE52FE03
:105780002CFE52FE4BFE10FE09FE2FFE2BFE06FEE7
:10579000008A00860082E085C189A18D8291629590
:1057A0004399239D04A1E4A4C5A8A5AC86B066B422
:1057B00047B827BC08C0E8C3C9C7A9CB8ACF6AD3FA
:1057C0004BD72BDB0CDFECE2CDE6ADEA8EEE6EF2D2
:1057D0004FF62FFA10FEF001D105B109920D7211AA
:1057E00053153319141DF420D524B528962C763082
:1057F00057343738183CF83FD943B9479A4B7A4F5A
:105800005B533B571C5BFC5EDD62BD669E6A7E6E31
:105810005F723F76207A007E007A00760072006E1A
:10582000006A00660062005E005A00560052004E98
:10583000004A00460042003E003A00360032002E88
:10584000002A00260022001E001A00160012000E78
:10585000000A0006000200FE00FA00F600F200EE68
:1058600000EA00E600E200DE00DA00D600D200CE58
:1058700000CA00C600C200BE00BA00B600B200AE48
:1058800000AA00A600A2009E009A00960092008E38
:10589000008A00860082E085A79BD4980096009A33
:1058A000009E00A200A600AA00AE00B200B600BA98
:1058B00000BE00C200C600CA00CE00D200D600DA88
:1058C00000DE00E200E600EA00EE00F200F600FA78
:1058D00000FE00020006000A000E00120016001A68
:1058E000001E00220026002A002E00320036003A58
:1058F000003E00420046004A004E00520056005A48
:10590000005E00620066006A2C6759648561B15EC2
:10591000DE5B0A59375663538F50BC4DE84A144832
:1059200041456D429A3FC63CF2391F374B347731BF
:10593000A42ED02BFD28292655238220AE1DDA1A4D
:105940000718331560128C0FB80CE50911073D04D8
:105950006A0196FEC3FBEFF81BF648F374F0A0ED66
:10596000CDEAF9E726E552E27EDFABDCD7D903D7F3
:1059700030D45CD189CEB5CBE1C80EC63AC366C07F
:1059800093BDBFBAECB718B544B271AF9DACC9A90D
:10599000F6A622A44FA17B9EA79BD4980096009ABE
:1059A00031AC18AA00A800AC00B000B400B800BC2C
:1059B00000C000C400C800CC00D000D400D800DC77
:1059C00000E000E400E800EC00F000F400F800FC67
:1059D000000000040008000C001000140018001C57
:1059E000002000240028002C003000340038003C47
:1059F000004000440048004C005000540058E85556
:105A0000CF53B7519E4F864D6E4B55493D47254567
:105A10000C43F440DB3EC33CAB3A92387A366234F6
:105A200049323130182E002CE829CF27B7259E2384
:105A300086216E1F551D3D1B25190C17F414DB1212
:105A4000C310AB0E920C7A0A6208490631041802A0
:105A50000000E8FDCFFBB7F99EF786F56EF355F130
:105A60003DEF25ED0CEBF4E8DBE6C3E4ABE292E0BE
:105A70007ADE62DC49DA31D818D600D4E8D1CFCF4B
:105A8000B7CD9ECB86C96EC755C53DC325C10CBFDA
:105A9000F4BCDBBAC3B8ABB692B47AB262B049AE6A
:105AA00031AC18AA00A800ACC7C064BF00BE00C2D9
:105AB00000C600CA00CE00D200D600DA00DE00E246
:105AC00000E600EA00EE00F200F600FA00FE000236
:105AD0000006000A000E00120016001A001E002226
:105AE0000026002A002E00320036003A003E004216
:105AF0009C40393FD53D713C0D3BAA394638E236D2
:105B00007F351B34B7325431F02F8C2E282DC52B06
:105B1000612AFD289A273626D2246E230B22A7203D
:105B2000431FE01D7C1C181BB5195118ED16891573
:105B30002614C2125E11FB0F970E330DCF0B6C0AA9
:105B40000809A4074106DD0479031602B2004EFFDE
:105B5000EAFD87FC23FBBFF95CF8F8F694F531F415
:105B6000CDF269F105F0A2EE3EEDDAEB77EA13E94A
:105B7000AFE74BE6E8E484E320E2BDE059DFF5DD82
:105B800092DC2EDBCAD966D803D79FD53BD4D8D2B6
:105B900074D110D0ACCE49CDE5CB81CA1EC9BAC7ED
:105BA00056C6F3C48FC32BC2C7C064BF00BE00C2B9
:105BB00023CC12CB00CA00CE00D200D600DA00DE21
:105BC00000E200E600EA00EE00F200F600FA00FE55
:105BD00000020006000A000E00120016001A001E45
:105BE00000220026002A002E00320036EE34DD337B
:105BF000CB32B931A730962F842E722D602C4F2BCB
:105C00003D2A2B2919280827F625E424D223C1226E
:105C1000AF219D208B1F7A1E681D561C441B331A12
:105C200021190F18FD16EC15DA14C813B612A511B8
:105C30009310810F700E5E0D4C0C3A0B290A170958
:105C40000508F306E205D004BE03AC029B018900FF
:105C500077FF65FE54FD42FC30FB1EFA0DF9FBF7A1
:105C6000E9F6D7F5C6F4B4F3A2F290F17FF06DEF48
:105C70005BEE4AED38EC26EB14EA03E9F1E7DFE6E8
:105C8000CDE5BCE4AAE398E286E175E063DF51DE8E
:105C90003FDD2EDC1CDB0ADAF8D8E7D7D5D6C3D532
:105CA000B1D4A0D38ED27CD16AD059CF47CE35CDD6
:105CB00023CC12CB00CA00CE3ADF9DDE00DE00E22C
:105CC00000E600EA00EE00F200F600FA00FE000234
:105CD0000006000A000E00120016001A001E002224
:105CE0006321C6202A208D1FF01E531EB61D191DCC
:105CF0007D1CE01B431BA61A091A6C19D018331817
:105D00009617F9165C16BF1523158614E9134C1364
:105D1000AF1212127611D9103C109F0F020F650EB0
:105D2000C90D2C0D8F0CF20B550BB90A1C0A7F09FB
:105D3000E2084508A8070C076F06D2053505980448
:105D4000FB035F03C20225028801EB004E00B2FF95
:105D500015FF78FEDBFD3EFDA1FC05FC68FBCBFAE0
:105D60002EFA91F9F4F858F8BBF71EF781F6E4F52E
:105D700047F5ABF40EF471F3D4F237F29BF1FEF079
:105D800061F0C4EF27EF8AEEEEED51EDB4EC17ECC5
:105D90007AEBDDEA41EAA4E907E96AE8CDE730E712
:105DA00094E6F7E55AE5BDE420E483E3E7E24AE25E
:105DB000ADE110E173E0D6DF3ADF9DDE00DE00E208
:105DC0009BEE4DEE00EE00F200F600FA00FE00023F
:105DD0000006000A000E0012B31165111811CA1056
:105DE0007D102F10E20F940F470FFA0EAC0E5F0ECE
:105DF000110EC40D760D290DDB0C8E0C410CF30B2E
:105E0000A60B580B0B0BBD0A700A220AD50988098C
:105E10003A09ED089F0852080408B70769071C07EC
:105E2000CF0681063406E60599054B05FE04B0044D
:105E300063041604C8037B032D03E00292024502AB
:105E4000F701AA015D010F01C20074002700D9FF0C
:105E50008CFF3EFFF1FEA3FE56FE09FEBBFD6EFD6C
:105E600020FDD3FC85FC38FCEAFB9DFB50FB02FBCC
:105E7000B5FA67FA1AFACCF97FF931F9E4F897F82C
:105E800049F8FCF7AEF761F713F7C6F678F62BF68C
:105E9000DEF590F543F5F5F4A8F45AF40DF4BFF3EC
:105EA00072F325F3D7F28AF23CF2EFF1A1F154F14B
:105EB00006F1B9F06CF01EF0D1EF83EF36EFE8EEAB
:105EC0009BEE4DEE00EE00F253F62AF600F600FAD5
:105ED00000FE00020006000AD609AD09830959092F
:105EE00030090609DD08B3088908600836080C087F
:105EF000E307B907900766073C071307E906BF06E3
:105F000096066C0643061906EF05C6059C05720544
:105F100049051F05F604CC04A20479044F042504A6
:105F2000FC03D203A9037F0355032C030203D80209
:105F3000AF0285025C0232020802DF01B5018B016B
:105F4000620138010F01E500BB00920068003E00CD
:105F50001500EBFFC2FF98FF6EFF45FF1BFFF1FE30
:105F6000C8FE9EFE75FE4BFE21FEF8FDCEFDA4FD93
:105F70007BFD51FD28FDFEFCD4FCABFC81FC57FCF5
:105F80002EFC04FCDBFBB1FB87FB5EFB34FB0AFB56
:105F9000E1FAB7FA8EFA64FA3AFA11FAE7F9BDF9BA
:105FA00094F96AF941F917F9EDF8C4F89AF870F81C
:105FB00047F81DF8F4F7CAF7A0F777F74DF723F77E
:105FC000FAF6D0F6A7F67DF653F62AF600F600FAB2
:105FD0008B9DD299E0963D953D95E096D2998B9D0B
:105FE00080A14BA5CAA811AC54AFC3B271B650BAC8
:105FF0003CBE17C2D3C57BC928CDF0D0DBD4DBD8DB
:10600000DADCC7E09BE460E826ECFBEFE0F3CAF7DC
:10601000A7FB6AFF1203A706370ACA0D5D11E61433
:106020005618A51BD31EE821F024EF27E22ABD2D28
:10603000753004336B35B537EA390D3C1A3E0440F0
:10604000C3415243B744FB45244736482949F449E4
:106050008E4AF64A334B4E4B4E4B334BF64A8E4AE2
:10606000F449294936482447FB45B7445243C341C4
:1060700004401A3E0D3CEA39B5376B3504337530B0
:10608000BD2DE22AEF27F024E821D31EA51B5618C8
:10609000E6145D11CA0D370AA70612036AFFA7FBB3
:1060A000CAF7E0F3FBEF26EC60E89BE4C7E0DADC3C
:1060B000DBD8DBD4F0D028CD7BC9D3C517C23CBE1A
:1060C00050BA71B6C3B254AF11ACCAA84BA580A1E7
:1060D0008B9DD299E0963D95F2A77AA44FA2A4A1F8
:1060E000A4A14FA27AA4F2A7DBAB75AF82B231B5FF
:1060F000DAB7CDBA30BEEFC1C8C57FC9FBCC52D02C
:10610000B3D348D71CDB1CDF1CE3F5E69FEA2CEE7B
:10611000BCF168F533F907FDC1004C04A307D90AA7
:10612000050E3611681488177D1A391DC01F2022EC
:106130006C24AA26D628E12ABA2C5C2ECF2F1E3139
:1061400056327A33863471353436D0364C37B237DE
:10615000093852388C38B438CB38D638D938DA3890
:10616000DA38D938D638CB38B4388C385238093880
:10617000B2374C37D0363436713586347A335632AE
:106180001E31CF2F5C2EBA2CE12AD628AA266C24E9
:106190002022C01F391D7D1A881768143611050E7C
:1061A000D90AA3074C04C10007FD33F968F5BCF117
:1061B0002CEE9FEAF5E61CE31CDF1CDB48D7B3D3CB
:1061C00052D0FBCC7FC9C8C5EFC130BECDBADAB75B
:1061D00031B582B275AFDBABF2A77AA44FA2A4A10E
:1061E00039B638B30BB2EEB1EEB10BB238B339B643
:1061F0000CBA4ABD9EBF6BC130C35CC53BC8BCCBAB
:1062000070CFE2D2EBD5B6D891DBC5DE71E271E694
:106210006FEA24EE7EF1A5F4D2F731FBC9FE7202DB
:10622000EC050F09D90B6D0EF1107D130B167B18C1
:10623000AB1A891C221E8B1FDC201F224D235724E2
:106240003225DD256326D0262F278327C927FF2760
:1062500024283C284B2855285C2862286528662875
:1062600067286728672867286728672867286728B6
:106270006628652862285C2855284B283C28242855
:10628000FF27C92783272F27D0266326DD25322520
:1062900057244D231F22DC208B1F221E891CAB1A82
:1062A0007B180B167D13F1106D0ED90B0F09EC0541
:1062B0007202C9FE31FBD2F7A5F47EF124EE6FEA3B
:1062C00071E671E2C5DE91DBB6D8EBD5E2D270CFD4
:1062D000BCCB3BC85CC530C36BC19EBF4ABD0CBACA
:1062E00039B638B30BB2EEB1A7C765C50CC50CC53E
:1062F0000CC50CC565C5A7C74FCBF0CD4ACF1AD08A
:10630000E2D011D21FD431D7A0DA98DDE5DFD9E190
:10631000E2E372E6D1E9D1EDCEF13CF50DF888FA71
:106320000DFDE4FF200379067F09F30BE60D8F0FC7
:106330002411C3126514E2151317F31796181519D3
:106340008419EA19431A881AB71AD31AE51AF11AE6
:10635000FA1A001B051B081B091B0A1B0A1B0A1B38
:106360000A1B0A1B0A1B0A1B0A1B0A1B0A1B0A1B05
:106370000A1B0A1B0A1B0A1B0A1B0A1B0A1B0A1BF5
:106380000A1B0A1B0A1B091B081B051B001BFA1A08
:10639000F11AE51AD31AB71A881A431AEA19841996
:1063A00015199618F3171317E2156514C312241163
:1063B0008F0FE60DF30B7F0979062003E4FF0DFD37
:1063C00088FA0DF83CF5CEF1D1EDD1E972E6E2E3C1
:1063D000D9E1E5DF98DDA0DA31D71FD411D2E2D0C0
:1063E0001AD04ACFF0CD4FCBA7C765C50CC50CC599
:1063F000D8D991D889D889D889D889D891D8D8D9E5
:106400002FDDE9DE5EDF88DFAFDF09E017E172E351
:1064100065E698E8ECE9DFEAE9EB8DED63F063F41B
:106420005FF850FB4BFDD5FE6B0070020C05DA07E0
:10643000230AA50B980C480DE80D900E3B0FC80FD2
:10644000231054106E107E108A1094109C10A1100E
:10645000A310A410A410A410A410A410A410A4109D
:10646000A410A410A410A410A410A410A410A4108C
:10647000A410A410A410A410A410A410A410A4107C
:10648000A410A410A410A410A410A410A410A4106C
:10649000A410A410A410A410A410A410A410A3105D
:1064A000A1109C1094108A107E106E1054102310AE
:1064B000C80F3B0F900EE80D480D980CA50B230A52
:1064C000DA070C0570026B00D5FE4BFD50FB5FF840
:1064D00063F463F08DEDE9EBDFEAECE998E865E65B
:1064E00072E317E109E0AFDF88DF5EDFE9DE2FDD71
:1064F000D8D991D889D889D840E9D8E8D8E8D8E857
:10650000D8E8D8E8D8E840E90AECC8ECD6ECD8ECF2
:10651000D9ECE1EC28ED8CEEB8F0EEF15FF298F2F8
:10652000DDF28AF38DF58DF983FDAEFFA800400101
:10653000E101E6029A049106E0077108AA08C90879
:10654000E208FD081A092D09350938093809390901
:10655000390939093909390939093909390939092B
:10656000390939093909390939093909390939091B
:10657000390939093909390939093909390939090B
:1065800039093909390939093909390939093909FB
:1065900039093909390939093909390939093909EB
:1065A00039093909390939093909390939093909DB
:1065B00039093809380935092D091A09FD08E20891
:1065C000C908AA087108E00791069A04E602E101E9
:1065D0004001A800AEFF83FD8DF98DF58AF3DDF251
:1065E00098F25FF2EEF1B8F08CEE28EDE1ECD9EC28
:1065F000D8ECD6ECC8EC0AEC40E9D8E8D8E8D8E802
:106600007EF374F374F374F374F374F374F37EF33E
:1066100070F593F594F594F594F594F599F514F6D1
:1066200042F7A0F7ACF7B0F7B4F7D1F7D4F8D4FC41
:10663000C200EE012B0241025B029D0257034E0491
:10664000BB04D004D304D404D504D504D604D704A1
:10665000D704D704D704D704D704D704D704D70462
:10666000D704D704D704D704D704D704D704D70452
:10667000D704D704D704D704D704D704D704D70442
:10668000D704D704D704D704D704D704D704D70432
:10669000D704D704D704D704D704D704D704D70422
:1066A000D704D704D704D704D704D704D704D70412
:1066B000D704D704D704D704D704D704D704D70402
:1066C000D704D604D504D504D404D304D004BB0421
:1066D0004E0457039D025B0241022B02EE01C200F1
:1066E000D4FCD4F8D1F7B4F7B0F7ACF7A0F742F781
:1066F00014F699F594F594F594F594F593F570F5F1
:106700007EF374F374F374F39CF89CF89CF89CF893
:106710009CF89CF89CF89CF88EF98FF98FF98FF90A
:106720008FF98FF98FF99EF9F7F900FA00FA00FA5C
:1067300000FA01FA42FA42FE1D027502790279025C
:106740007A027E02A002DC02E702E802E802E80226
:10675000E802E802E802E802E802E802E802E802E9
:10676000E802E802E802E802E802E802E802E802D9
:10677000E802E802E802E802E802E802E802E802C9
:10678000E802E802E802E802E802E802E802E802B9
:10679000E802E802E802E802E802E802E802E802A9
:1067A000E802E802E802E802E802E802E802E80299
:1067B000E802E802E802E802E802E802E802E80289
:1067C000E802E802E802E802E802E802E802E80279
:1067D000E802E802E802E702DC02A0027E027A0296
:1067E0007902790275021D0242FE42FA01FA00FAAC
:1067F00000FA00FA00FAF7F99EF98FF98FF98FF98C
:106800008FF98FF98FF98EF99CF89CF89CF89CF819
:1068100047D24DD0E5CE00CE00CEE5CE4DD047D20A
:10682000CFD4E2D750DB06DFEBE2E7E6E7EAE4EEBF
:10683000C1F265F6BEF9DAFCA7FF200240040C069F
:106840007B079F088109200A740A9A0AA60A960AF9
:10685000600A150AC4096C09040998083008CC07B5
:106860006E071F07D6069E06800681069606C1069D
:1068700016078007FB0789082E09D809870A3F0BEE
:10688000FB0BA60C4D0DF60D980E250FA50F17103E
:106890007910BE10F0100C110C11F010BE10791010
:1068A0001710A50F250F980EF60D4D0DA60CFB0B1E
:1068B0003F0B870AD8092E098908FB0780071607AE
:1068C000C1069606810680069E06D6061F076E073D
:1068D000CC073008980804096C09C409150A600A35
:1068E000960AA60A9A0A740A200A81099F087B0759
:1068F0000C0640042002A7FFDAFCBEF965F6C1F2DF
:10690000E4EEE7EAE7E6EBE206DF50DBE2D7CFD4DE
:1069100047D24DD0E5CE00CE07D306D1A1CFAECE23
:10692000AECEA1CF06D107D3B3D5E1D844DCF3DF97
:10693000EAE3EAE7D2EBC1EF9FF342F7ACFAFCFDE2
:106940001501EB038706F508270B190DDB0E6D10FB
:10695000BF11E412D81395141415601573153D1565
:10696000D8143D145D1359123211EF0F9A0E4A0DCF
:10697000020CC30A9D099708AC07CD0610066B05EB
:10698000C9042E049E0312037D02E7015901C000D1
:1069900024009AFF20FF9FFE32FEE4FDB0FD8CFD37
:1069A0008CFDB0FDE4FD32FE9FFE20FF9AFF240027
:1069B000C0005901E7017D0212039E032E04C904A1
:1069C0006B051006CD06AC0797089D09C30A020C9B
:1069D0004A0D9A0EEF0F321159125D133D14D8145F
:1069E0003D157315601514159514D813E412BF11D5
:1069F0006D10DB0E190D270BF5088706EB0315014B
:106A0000FCFDACFA42F79FF3C1EFD2EBEAE7EAE311
:106A1000F3DF44DCE1D8B3D507D306D1A1CFAECEA6
:106A2000B7E148DF87DD5CDC5CDC87DD48DFB7E1B0
:106A3000DFE496E87EEC7EF07EF457F8E0FB10FF92
:106A4000DC0135041E06A907C8087F09E809100AF9
:106A5000F2099B09170967089107B006BE05B9043A
:106A6000AE03C402F7013E01AB0058004F007900AD
:106A7000D800820165027703A304E3052B075F08B2
:106A80007009440AD20A180B0C0B9B0AD109C508DD
:106A90007C07FD056204BF021A0185FF17FEDAFCC0
:106AA000C9FBF8FA6EFA25FA25FA6EFAF8FAC9FB6C
:106AB000DAFC17FE85FF1A01BF026204FD057C07A0
:106AC000C508D1099B0A0C0B180BD20A440A70099D
:106AD0005F082B07E305A304770365028201D80052
:106AE00079004F005800AB003E01F701C402AE032D
:106AF000B904BE05B0069107670817099B09F2099A
:106B0000100AE8097F09C808A9071E063504DC0138
:106B100010FFE0FB57F87EF47EF07EEC96E8DFE4B1
:106B2000B7E148DF87DD5CDCA5CD40CC77CB6CCA14
:106B30006CCA77CB40CCA5CDB1CF1DD2ACD4AFD7EA
:106B40000FDB9EDE3DE21EE61BEA07EE07F2FEF5D6
:106B5000BDF96AFDE3001C040207B909350C4D0EAE
:106B600006109C11F1129B133314B914CF14851421
:106B70003514DB131E1347127A119710860F840EFB
:106B8000A00DAD0CC90B010B590AD809580902090F
:106B9000CB08960885088D089D08C20806093B09A0
:106BA0007509CC09260A5A0A760AC00AF20AE00ACE
:106BB000E00AF20AC00A760A5A0A260ACC097509BE
:106BC0003B090609C2089D088D0885089608CB0870
:106BD00002095809D809590A010BC90BAD0CA00DBF
:106BE000840E860F97107A1147121E13DB1335148B
:106BF0008514CF14B91433149B13F1129C11061091
:106C00004D0E350CB90902071C04E3006AFDBDF9FD
:106C1000FEF507F207EE1BEA1EE63DE29EDE0FDB05
:106C2000AFD7ACD41DD2B1CFA5CD40CC77CB6CCAF9
:106C30000CE45EE17BDE38DB38DB7BDE5EE10CE41E
:106C4000A8E7A8EB77EE26F0B0F1CEF24DF323F3F0
:106C500076F2D4F195F1DFF158F213F3BCF464F756
:106C60000BFA5DFCD5FE5C01360362046A0537064B
:106C700079065A060B06D605F20544069F06460716
:106C800035081409E409BC0AA60B9D0C520DA40D8D
:106C9000C30DEE0DED0D590D590C640B880A6D09ED
:106CA00010086407770785079C0748086809750A74
:106CB000360BCC0B5C0CC20CC20C5C0CCC0B360B38
:106CC000750A680948089C07850777076407100854
:106CD0006D09880A640B590C590DED0DEE0DC30DAD
:106CE000A40D520D9D0CA60BBC0AE409140935082D
:106CF00046079F064406F205D6050B065A06790696
:106D000037066A05620436035C01D5FE5DFC0BFAAA
:106D100064F7BCF413F358F2DFF195F1D4F176F295
:106D200023F34DF3CEF2B0F126F077EEA8EBA8E70F
:106D30000CE45EE17BDE38DBA4E0A7DE4DDBF3D7BD
:106D4000F3D74DDBA7DEA4E058E2A7E43EE763EA11
:106D500060EE60F250F55CF741F918FBA8FC27FEE5
:106D6000CFFF7401A5020A03DC02F402D1030F0570
:106D70000B069306BD06C006F306BC07C3087409DC
:106D8000DA09720A2A0B8F0BBF0B220CD30C5D0D94
:106D90004D0DD10C490CAD0BF20A4A0A9D0982082F
:106DA000FC06A805BD04D903C6020002CC01BB0144
:106DB0009001A10110027E02B002D3020D033F0335
:106DC0003F030D03D302B0027E021002A101900125
:106DD000BB01CC010002C602D903BD04A805FC0614
:106DE00082089D094A0AF20AAD0B490CD10C4D0DDF
:106DF0005D0DD30C220CBF0B8F0B2A0B720ADA0924
:106E00007409C308BC07F306C006BD0693060B064B
:106E10000F05D103F402DC020A03A5027401CFFFBF
:106E200027FEA8FC18FB41F95CF750F560F260EE14
:106E300063EA3EE7A7E458E2A4E0A7DE4DDBF3D720
:106E40005ED01BD0BACE87CC87CCBACE1BD05ED05A
:106E50004ED1A7D336D6CFD89ADBDDDEF7E1F3E407
:106E600015E8D9EBD9EF7CF342F61AF9BAFC8100A8
:106E70006703F405A808420B990D09105C123E1433
:106E80009B15EF166B18C219B41A4C1B8D1B931B64
:106E9000B31BAB1B4F1B9C1A8D193D182F173216B5
:106EA000A8149C12AB10F60E320D410B5209560776
:106EB0002F054003C10139008AFE0EFDBEFB98FA82
:106EC000F6F99FF903F959F859F803F99FF9F6F91A
:106ED00098FABEFB0EFD8AFE3900C10140032F0562
:106EE00056075209410B320DF60EAB109C12A81436
:106EF00032162F173D188D199C1A4F1BAB1BB31B55
:106F0000931B8D1B4C1BB41AC2196B18EF169B15E3
:106F10003E145C120910990D420BA808F405670392
:106F20008100BAFC1AF942F67CF3D9EFD9EB15E8E7
:106F3000F3E4F7E1DDDE9ADBCFD836D6A7D34ED126
:106F40005ED01BD0BACE87CC01D31AD266D1C5CFC2
:106F5000C5CF66D11AD201D319D5A2D7E7D9D6DCCD
:106F60002FE09FE30EE7C7EA99EE7CF27CF64CFA3D
:106F7000E0FD8901520586086F0B9E0E691193137F
:106F8000E11511189B19FC1A681C701DF31D901E49
:106F9000E91EB41E611E121E3A1D021CDB1A79196D
:106FA000C317FC150E14CE117A0F300DAE0A2D0842
:106FB000A30506036300EDFDAAFB53F9FEF60FF5EA
:106FC00038F360F1F8EFEAEEC5EDE8EC71EC39EC7E
:106FD00039EC71ECE8ECC5EDEAEEF8EF60F138F36E
:106FE0000FF5FEF653F9AAFBEDFD63000603A305BA
:106FF0002D08AE0A300D7A0FCE110E14FC15C317F2
:107000007919DB1A021C3A1D121E611EB41EE91EFC
:10701000901EF31D701D681CFC1A9B191118E115B8
:10702000931369119E0E6F0B860852058901E0FDCE
:107030004CFA7CF67CF299EEC7EA0EE79FE32FE06C
:10704000D6DCE7D9A2D719D501D31AD266D1C5CFDC
:107050006DF97BF60DF30DEF0DEF0DF37BF66DF98A
:107060000AFC0FFF0902030543073508CC07AC06ED
:10707000690517046502050127001B008300DE0077
:10708000E700EC00D700AC009500FAFF0DFF4FFEC3
:1070900011FED4FD34FD9DFCA5FC78FD58FE1DFFBE
:1070A00084FFE8FF82000D0191012902B002EE0287
:1070B000050343032F0329033B03E002820254022A
:1070C0003502C701D600F3FF6DFFE4FE0CFE4CFD58
:1070D000E0FC76FCDCFB4EFB4EFBDCFB76FCE0FCD4
:1070E0004CFD0CFEE4FE6DFFF3FFD600C701350238
:1070F00054028202E0023B0329032F0343030503EA
:10710000EE02B002290291010D018200E8FF84FF26
:107110001DFF58FE78FDA5FC9DFC34FDD4FD11FE3D
:107120004FFE0DFFFAFF9500AC00D700EC00E70022
:10713000DE0083001B0027000501650217046905B6
:10714000AC06CC0735084307030509020FFF0AFC0C
:107150006DF97BF60DF30DEF90F799F5E8F2E8EE97
:10716000E8EEE8F299F590F72AF9F8FA68FCB0FD34
:107170002000B903B105840666061E0672051E05C9
:107180001E0511057D04890345021101ADFFA4FE12
:1071900019FE0BFEF1FD09FE5EFEC3FECAFEB2FE45
:1071A00021FF2D001D01B101F1013E027D02B3025C
:1071B000F60290034804DF04DB04990400049F03F3
:1071C0004C03A302FA017E01EE000D00DAFEEBFD96
:1071D00066FD03FD85FC47FC40FC08FC65FBCFFA1F
:1071E000CFFA65FB08FC40FC47FC85FC03FD66FD0F
:1071F000EBFDDAFE0D00EE007E01FA01A3024C0366
:107200009F0300049904DB04DF0448049003F602A2
:10721000B3027D023E02F101B1011D012D0021FFEB
:10722000B2FECAFEC3FE5EFE09FEF1FD0BFE19FEB4
:10723000A4FEADFF1101450289037D0411051E0561
:107240001E0572051E0666068406B105B9032000F8
:10725000B0FD68FCF8FA2AF990F799F5E8F2E8EE43
:1072600015FC1AF974F574F174F174F51AF915FC3A
:107270009AFE4C01C403C205BC06980626051D03F0
:107280001001FEFE80FC16FA49F9F7FADEFC72FEE8
:1072900093FFCE000B02460321045604DF033D0397
:1072A000A302DC01BF00C0FF76FFF6FFB8005E015D
:1072B000A501E7014D02A702B902800242020802BD
:1072C000B401FC00EBFF08FF7CFE66FE87FEC1FEFA
:1072D000DCFEDEFEF5FE14FF55FF71FF64FF70FF5C
:1072E00078FF50FFBDFE38FE38FEBDFE50FF78FF30
:1072F00070FF64FF71FF55FF14FFF5FEDEFEDCFE3C
:10730000C1FE87FE66FE7CFE08FFEBFFFC00B401B9
:10731000080242028002B902A7024D02E701A5015C
:107320005E01B800F6FF76FFC0FFBF00DC01A302DC
:107330003D03DF035604210446030B02CE0093FFF6
:1073400072FEDEFCF7FA49F916FA80FCFEFE100127
:107350001D0326059806BC06C205C4034C019AFE0F
:1073600015FC1AF974F574F15DF844F581F181EDBD
:1073700081ED81F144F55DF812FBE7FDA800930370
:107380007C068A080E0951084B079A068F050704E8
:1073900070026E0199008CFF6FFE85FD9CFC5BFB0B
:1073A0007CFA23FB29FC47FD56FE1CFF8BFFF2FFF6
:1073B000CC00D9019902CE029102390204020E02D8
:1073C0003C029A020C0351035C03FF026402D401E5
:1073D0006601C800EEFF36FFA9FE39FEF7FDD8FDB5
:1073E000F4FD3AFE9FFE2DFFC7FF1E00FDFFCFFFFD
:1073F000CFFFFDFF1E00C7FF2DFF9FFE3AFEF4FDED
:10740000D8FDF7FD39FEA9FE36FFEEFFC800660184
:10741000D4016402FF025C0351030C039A023C0294
:107420000E02040239029102CE029902D901CC0067
:10743000F2FF8BFF1CFF56FE47FD29FC23FB7CFA65
:107440005BFB9CFC85FD6FFE8CFF99006E0170025A
:1074500007048F059A064B0751080E098A087C0617
:107460009303A800E7FD12FB5DF844F581F181ED7F
:1074700035FAE8F6E8F20CEF0CEFE8F2E8F635FA48
:10748000B9FC78FF8B029405EE070809A9084407A8
:10749000950506047802270169007900EF003D0197
:1074A0006101E80173027B027801BCFF08FEC4FCA5
:1074B000E7FBEBFA68F9D1F741F7D9F854FB7CFD0B
:1074C00038FFBA004B02D1030005B905FD05AA0536
:1074D000D804B80378027701D20075004D00260069
:1074E000EDFFBDFFC2FFE5FFF8FFBDFF5CFF0CFF36
:1074F000EBFED3FE74FE00FE00FE74FED3FEEBFE38
:107500000CFF5CFFBDFFF8FFE5FFC2FFBDFFEDFF15
:1075100026004D007500D20077017802B803D80428
:10752000AA05FD05B9050005D1034B02BA0038FFD5
:107530007CFD54FBD9F841F7D1F768F9EBFAE7FB8A
:10754000C4FC08FEBCFF78017B027302E801610104
:107550003D01EF00790069002701780206049505D6
:107560004407A9080809EE0794058B0278FFB9FCC7
:1075700035FAE8F6E8F20CEFE5FA03F873F473F085
:1075800073F073F403F8E5FA04FD4AFFBE01310419
:10759000380650071307E7054B04C702630157007D
:1075A000BAFFAFFFB4FF9EFF6EFF94FFF5FF3400FC
:1075B0001300C2FF87FFB4FF2B009F007300D4FFAE
:1075C0003DFFFDFEFDFEE1FEA4FE97FE8DFE5AFE90
:1075D000F1FD8BFE82005F028503E403B8039B0389
:1075E000BB03DF03A703D8028F01320038FFC2FEBE
:1075F000A5FE68FE0BFEF8FD3FFE81FE6CFE3EFE22
:107600003EFE6CFE81FE3FFEF8FD0BFE68FEA5FE11
:10761000C2FE38FF32008F01D802A703DF03BB038D
:107620009B03B803E40385035F0282008BFEF1FD38
:107630005AFE8DFE97FEA4FEE1FEFDFEFDFE3DFF1F
:10764000D4FF73009F002B00B4FF87FFC2FF13001D
:107650003400F5FF94FF6EFF9EFFB4FFAFFFBAFF4B
:1076600057006301C7024B04E705130750073806AC
:107670003104BE014AFF04FDE5FA03F873F473F028
:1076800065FA20F76FF36FEF6FEF6FF320F765FA8E
:10769000F2FC7FFF2802D004DA06AD07FB06760570
:1076A000A803E40115008DFEBBFDDEFD41FE85FE55
:1076B000B5FE29FFD7FF6F009E0063000700F0FFB3
:1076C00026003D00D2FF5BFF8EFFA30020025D037A
:1076D0002504F004DF057A06470669056B043D03BF
:1076E0009E01B0FF9BFDBEFB13FA44F937FA8FFBF6
:1076F000D1FCF6FD11FF21003001DD01FE01B301D7
:107700001301310038FF97FE97FE38FF3100130157
:10771000B301FE01DD013001210011FFF6FDD1FCB6
:107720008FFB37FA44F913FABEFB9BFDB0FF9E01B5
:107730003D036B04690547067A06DF05F00425045E
:107740005D032002A3008EFF5BFFD2FF3D002600F9
:10775000F0FF070063009E006F00D7FF29FFB5FE12
:1077600085FE41FEDEFDBBFD8DFE1500E401A80394
:107770007605FB06AD07DA06D00428027FFFF2FC8F
:1077800065FA20F76FF36FEF71F7F7F3F7EF36EC69
:1077900036ECF7EFF7F371F774FA5EFD6F00AB03A9
:1077A00096063E08450869073F06C80400036A01BB
:1077B00098008000A300B000B300DE0013011D019B
:1077C0000001CB0081004F002500D2FF57FFFDFED6
:1077D0002EFFECFFE900A501F8014B02CE026E037B
:1077E000FF037A04FA04760598054305BC040204F5
:1077F000DE0245018FFF07FE87FC3FFB4EFAA2F930
:10780000FDF8D0F84FFAC5FCE2FEF5FFF6FFB5FF34
:10781000B5FFF6FFF5FFE2FEC5FC4FFAD0F8FDF824
:10782000A2F94EFA3FFB87FC07FE8FFF4501DE02FF
:107830000204BC04430598057605FA047A04FF03A4
:107840006E03CE024B02F801A501E900ECFF2EFF0A
:10785000FDFE57FFD2FF25004F008100CB00000145
:107860001D011301DE00B300B000A30080009800EA
:107870006A010003C8043F06690745083E089606EA
:10788000AB036F005EFD74FA71F7F7F3F7EF36ECB8
:107890008AAFF1AE8CAE4FAE4FAE8CAEF1AE8AAFCA
:1078A00053B04EB179B2D5B35DB514B7F9B80DBBCD
:1078B00047BDABBF35C2E6C4BCC7B5CACCCD03D14A
:1078C0005AD4C9D750DBF0DEA3E268E63EEA1FEEE9
:1078D0000DF203F600FA00FE00020006FD09F30DAA
:1078E000E111C21598195D1D1021B0243728A62B6F
:1078F000FD2E34324B3544381A3BCB3D5540B9420E
:10790000F3440747EC48A34A2B4C874DB24EAD4F8A
:1079100076500F517451B151B15174510F5176508D
:10792000AD4FB24E874D2B4CA34AEC480747F3446A
:10793000B9425540CB3D1A3B44384B353432FD2ECD
:10794000A62B3728B02410215D1D9819C215E1110E
:10795000F30DFD090006000200FE00FA03F60DF229
:107960001FEE3EEA68E6A3E2F0DE50DBC9D75AD448
:1079700003D1CCCDB5CABCC7E6C435C2ABBF47BD89
:107980000DBBF9B814B75DB5D5B379B24EB153B0EC
:107990008AAFF1AE8CAE4FAE84D8CDD69BD5E5D4B0
:1079A000E5D49BD5CDD684D8AEDA57DD65E0C9E302
:1079B0006FE748EB3FEF3AF32BF706FBBCFE3402D0
:1079C00059051D087B0A670CD30DC40E3B0F3A0FF7
:1079D000BF0ED00D780CC40AC308830614048501B9
:1079E000EAFE4FFCCDF978F766F5A4F33CF23DF1E1
:1079F000B1F0A5F015F10CF284F377F5E1F7B1FAE7
:107A0000DDFD57011105F708F30CF310E114AA1876
:107A10003E1C8C1F872218253A27DC28F2297D2A54
:107A20007D2AF229DC283A27182587228C1F3E1C44
:107A3000AA18E114F310F30CF70811055701DDFD46
:107A4000B1FAE1F777F584F30CF215F1A5F0B1F096
:107A50003DF13CF2A4F366F578F7CDF94FFCEAFE70
:107A6000850114048306C308C40A780CD00DBF0E28
:107A70003A0F3B0FC40ED30D670C7B0A1D08590546
:107A80003402BCFE06FB2BF73AF33FEF48EB6FE7FF
:107A9000C9E365E057DDAEDA84D8CDD69BD5E5D411
:107AA00013BA5AB88DB6E4B4E4B48DB65AB813BA62
:107AB000E4BB59BE19C1F8C310C7ABCA7BCE0AD20A
:107AC000A1D578D96CDD16E17AE4D5E70DEB04EEAB
:107AD000ACF03AF39EF5A3F73FF9DCFA83FCCCFD5A
:107AE000ABFE59FF1500BD0021015601A8012D0272
:107AF000E302E1034105C9065D082B0A520CD90EC9
:107B0000A211AC14F1177E1B441F222322270C2B39
:107B1000BB2E3D32B835FD38E93BA93E1E414243FC
:107B2000F0445C469B478D488D489B475C46F0443B
:107B300042431E41A93EE93BFD38B8353D32BB2EDC
:107B40000C2B22272223441F7E1BF117AC14A211F9
:107B5000D90E520C2B0A5D08C9064105E103E30268
:107B60002D02A80156012101BD00150059FFABFEF1
:107B7000CCFD83FCDCFA3FF9A3F79EF53AF3ACF0B9
:107B800004EE0DEBD5E77AE416E16CDD78D9A1D5EA
:107B90000AD27BCEABCA10C7F8C319C159BEE4BB29
:107BA00013BA5AB88DB6E4B428D872D472D041CD85
:107BB00041CD72D072D428D844DA1CDB36DB5ADBD4
:107BC00045DC2ADE91E013E366E5CAE71CEA44ECF3
:107BD00029EEBEEF26F17CF217F469F613F994FB57
:107BE0007EFD9FFE6EFF3D009E01C90381061D09BB
:107BF0000C0B3D0CE70C7C0D0A0EA90E580F031060
:107C0000E8102512EE13D4153417A6170B17CB1551
:107C10009114F313351445159D168517BA172F17B0
:107C200038167B15471595150E168516ED16541743
:107C30005417ED1685160E16951547157B15381633
:107C40002F17BA1785179D1645153514F313911480
:107C5000CB150B17A6173417D415EE132512E81001
:107C60000310580FA90E0A0E7C0DE70C3D0C0C0BEF
:107C70001D098106C9039E013D006EFF9FFE7EFD2A
:107C800094FB13F969F617F47CF226F1BEEF29EEA6
:107C900044EC1CEACAE766E513E391E02ADE45DC22
:107CA0005ADB36DB1CDB44DA28D872D472D041CDE3
:107CB000A0C4C8C0B4BDD2BBD2BBB4BDC8C0A0C4F0
:107CC00071C8DCCB95CE9CD0E1D1A6D205D34ED3E2
:107CD000BBD38BD4EDD50ED8DCDA43DE13E20EE64F
:107CE0000EEAEAED81F1B1F468F7A6F977FB04FD3D
:107CF00070FEDEFF79016003A70554085A0BA60E3B
:107D00000A124A152918901A6C1CCF1DCC1E781F18
:107D1000E31F32208020F720B321D8225D243026B3
:107D20002628EF29512B252C5A2C042C402B242AB1
:107D3000F028C427D6265C265C26D626C427F02841
:107D4000242A402B042C5A2C252C512BEF29262891
:107D500030265D24D822B321F72080203220E31F73
:107D6000781FCC1ECF1D6C1C901A29184A150A12B8
:107D7000A60E5A0B5408A70560037901DEFF70FEBA
:107D800004FD77FBA6F968F7B1F481F1EAED0EEA9C
:107D90000EE613E243DEDCDA0ED8EDD58BD4BBD38E
:107DA0004ED305D3A6D2E1D19CD095CEDCCB71C801
:107DB000A0C4C8C0B4BDD2BB25E4BDE0BDDC0DD9B4
:107DC0000DD9BDDCBDE025E433E76BEAC5ED5EF01F
:107DD00013F2D1F34DF52FF6E4F6F8F76AF90FFB3D
:107DE000D9FC0BFF4601120310053107D608D40950
:107DF000040AD609A9091C094508A80722076E0626
:107E0000DF05E8053406B4067D072D089F08A108A4
:107E1000FF07760751070B0789063206F305CB05E6
:107E2000CE05D905010641067206AB06BB06B306B0
:107E3000AB0620065105140463023801D500A700E3
:107E4000A700D50038016302140451052006AB06D3
:107E5000B306BB06AB06720641060106D905CE0580
:107E6000CB05F305320689060B0751077607FF0796
:107E7000A1089F082D087D07B4063406E805DF0534
:107E80006E062207A80745081C09A909D609040A95
:107E9000D409D60831071005120346010BFFD9FC9F
:107EA0000FFB6AF9F8F7E4F62FF64DF5D1F313F26C
:107EB0005EF0C5ED6BEA33E725E4BDE0BDDC0DD92E
:107EC00068DBCFD9FDD9FDD5FDD5FDD9CFD968DB8C
:107ED0003BDEC9DFAFE1D5E436E82EEA70ED11F103
:107EE00023F3DAF5FDF889FBE3FDD7002F030B053B
:107EF0003E073609430BDF0C630EE00FE9100D124D
:107F000099122C13B613D2130014B61322138A122B
:107F10001E120F11DD0F610F470ED60C070C990BC7
:107F20001F0AE608DD0854070606C1054C04D802FE
:107F3000CE016400FAFEE7FD0FFDF1FB24FB58FAC9
:107F400070F9E7F897F8A6F8A6F897F8E7F870F947
:107F500058FA24FBF1FB0FFDE7FDFAFE6400CE01A9
:107F6000D8024C04C10506065407DD08E6081F0ABE
:107F7000990B070CD60C470E610FDD0F0F111E1267
:107F80008A122213B6130014D213B6132C139912AB
:107F90000D12E910E00F630EDF0C430B36093E07AC
:107FA0000B052F03D700E3FD89FBFDF8DAF523F37A
:107FB00011F170ED2EEA36E8D5E4AFE1C9DF3BDE22
:107FC00068DBCFD9FDD9FDD5C2EEC2ED6AEF6AEB11
:107FD0006AEB6AEFC2EDC2EEBDF04EF1F2F180F352
:107FE00033F502F6CBF686F837F9EAF97AFB22FC8C
:107FF000A4FC12FE08FF6DFFD300FD0151027703C0
:108000009D04C30464056A06F206E506760729089E
:108010002B08C907F9071F083107500764076406D2
:10802000E505190686050B053205B104AA042004EE
:108030002F04AE04970383035D03D1029402570219
:10804000C3018A011F01A100AF005E006F0056004E
:1080500056006F005E00AF00A1001F018A01C3013E
:1080600057029402D1025D0383039703AE042F04E9
:108070002004AA04B10432050B0586051906E5059E
:1080800064066407500731071F08F907C9072B0862
:1080900029087607E506F2066A066405C3049D040E
:1080A00077035102FD01D3006DFF08FF12FEA4FC0F
:1080B00022FC7AFBEAF937F986F8CBF602F633F5BB
:1080C00080F3F2F14EF1BDF0C2EEC2ED6AEF6AEB61
:1080D0008FB298B1C9B035B035B0C9B098B18FB2D0
:1080E0008FB3A5B4C4B5F6B63BB8B6B970BB7BBD0B
:1080F000D2BF63C21AC5DEC795CA4ACD0AD0EBD239
:10810000FBD545D9C1DC6CE02BE4F9E7C4EB78EF93
:1081100010F3A6F655FA21FE0B020406040A010E1E
:10812000E711A8153819951CD31F0D235026A22935
:10813000F82C44306E3365361B398C3BBF3DCA3F4B
:10814000B4418A4351451347BF483B4A6F4B534C98
:10815000EE4C4A4D774D844D844D774D4A4DEE4C53
:10816000534C6F4B3B4ABF48134751458A43B44178
:10817000CA3FBF3D8C3B1B3965366E334430F82C0B
:10818000A22950260D23D31F951C3819A815E711D5
:10819000010E040A04060B0221FE55FAA6F610F39E
:1081A00078EFC4EBF9E72BE46CE0C1DC45D9FBD5F3
:1081B000EBD20AD04ACD95CADEC71AC563C2D2BF78
:1081C0007BBD70BBB6B93BB8F6B6C4B5A5B48FB32A
:1081D0008FB298B1C9B035B07FD5CCD36FD28BD127
:1081E0008BD16FD2CCD37FD55AD762D99BDB31DE0E
:1081F00030E1A2E467E85FEC5FF04FF419F8C9FBE7
:1082000071FF2E03FA06B50A3D0E72114314B6161D
:10821000DB18C31A741CEF1D221FFE1F62204A20A8
:10822000C61FFE1E161E151DE91B821AC218AA16AD
:108230004D14D911650F010DB20A6D082B06D0033C
:108240005A01DBFE72FC43FA57F8A7F624F5BFF398
:1082500062F213F1E7EFFCEE55EEF5EDC1EDACED9A
:10826000ACEDC1EDF5ED55EEFCEEE7EF13F162F28A
:10827000BFF324F5A7F657F843FA72FCDBFE5A0168
:10828000D0032B066D08B20A010D650FD9114D14EC
:10829000AA16C218821AE91B151D161EFE1EC61F3D
:1082A0004A206220FE1F221FEF1D741CC31ADB1818
:1082B000B616431472113D0EB50AFA062E0371FF6D
:1082C000C9FB19F84FF45FF05FEC67E8A2E430E116
:1082D00031DE9BDB62D95AD77FD5CCD36FD28BD11D
:1082E000B0B352B24BB1A2B0A2B04BB152B2B0B324
:1082F0003FB508B70CB962BB12BE1EC174C4F9C742
:1083000097CB3ACFDED288D647DA29DE1FE21FE6C6
:108310000AEACDED5AF1BBF4FBF72DFB58FE7301D1
:108320006D043907CF092C0C5C0E6F107A12801483
:108330007A1661181D1AAB1B131D6F1ED41F48211E
:10834000C5224524B7251327532874298F2AAD2B1E
:10835000D42C032E2A2F2C300431B2314332CC32AC
:108360004C33C33323345B345B342334C3334C3357
:10837000CC324332B23104312C302A2F032ED42C8C
:10838000AD2B8F2A742953281327B7254524C522DE
:108390004821D41F6F1E131DAB1B1D1A61187A16BE
:1083A00080147A126F105C0E2C0CCF0939076D0403
:1083B000730158FE2DFBFBF7BBF45AF1CDED0AEA31
:1083C0001FE61FE229DE47DA88D6DED23ACF97CB06
:1083D000F9C774C41EC112BE62BB0CB908B73FB561
:1083E000B0B352B24BB1A2B058B809B57FB205B123
:1083F00005B17FB209B558B817BC14C014C4EEC794
:108400007BCBC1CECAD1B1D483D746DAFBDCA6DFA1
:1084100052E205E5B9E76BEA16EDCCEF95F272F59D
:1084200048F8FCFA7DFDC4FFD101AE0369050D07D4
:10843000A6084E0A170CF70DDF0FCA11BF13C61599
:10844000D717EB19FF1B1F1E4A20742278243426ED
:10845000882774280429562985299F29B429DB29CE
:10846000232A862AF32A642BD42B3F2C962CC82C43
:10847000C82C962C3F2CD42B642BF32A862A232A33
:10848000DB29B4299F29852956290429742888279E
:108490003426782474224A201F1EFF1BEB19D7179D
:1084A000C615BF13CA11DF0FF70D170C4E0AA60829
:1084B0000D076905AE03D101C4FF7DFDFCFA48F844
:1084C00072F595F2CCEF16ED6BEAB9E705E552E2ED
:1084D000A6DFFBDC46DA83D7B1D4CAD1C1CE7BCBD1
:1084E000EEC714C414C017BC58B809B57FB205B1A3
:1084F0009EDC11D931D673D473D431D611D99EDC18
:108500007BE07BE458E8D6EBE9EEB0F13FF495F67A
:10851000B7F8B4FA95FC61FE0B008601C102BB03FB
:108520008F04720577069207A5088B09210A470A6E
:10853000FD096309A908F2074E07D80696067806D2
:1085400074068706BD0610076A07C4072708A10836
:108550003209D709720AD90AE20A7C0AB909BB08AA
:10856000A707A706DE055805F6049C0443040E047D
:1085700009041F0430043504350430041F040904C1
:108580000E0443049C04F6045805DE05A706A7075D
:10859000BB08B9097C0AE20AD90A720AD70932096A
:1085A000A1082708C4076A071007BD0687067406D6
:1085B00078069606D8064E07F207A9086309FD0952
:1085C000470A210A8B09A5089207770672058F04CE
:1085D000BB03C10286010B0061FE95FCB4FAB7F83B
:1085E00095F63FF4B0F1E9EED6EB58E87BE47BE09A
:1085F0009EDC11D931D673D450F07DEE7DEAB3E61E
:10860000B3E67DEA7DEE50F0DEF0EEF13BF3AAF347
:1086100099F35DF425F6FBF76AF9FEFAF6FCD3FE52
:10862000350026017E01E300A0FFC2FEFAFE0D0028
:108630006C01CC02AF035B03A50189FF45FE32FE4E
:10864000E1FEEBFF0C01F5017302DB0293036B0407
:10865000CD0488041C042C04F3045E061D0895094F
:10866000350AF5092F091908C106B605E5056F0792
:10867000100948090908A6061F0628060706B905B5
:10868000B905070628061F06A606090848091009A5
:108690006F07E505B605C10619082F09F509350A62
:1086A00095091D085E06F3042C041C048804CD04FF
:1086B0006B049303DB027302F5010C01EBFFE1FE97
:1086C00032FE45FE89FFA5015B03AF03CC026C01BE
:1086D0000D00FAFEC2FEA0FFE3007E012601350078
:1086E000D3FEF6FCFEFA6AF9FBF725F65DF499F382
:1086F000AAF33BF3EEF1DEF050F07DEE7DEAB3E657
:1087000053E7C8E5C8E1D3DDD3DDC8E1C8E553E7E9
:10871000ABE7D4E859EADCEACEEAC9EBF3ED0DF0B9
:1087200097F159F3B8F50BF8BCF9DFFA82FB59FB66
:1087300094FA22FAADFA10FCD4FDB2FF22014D01E9
:1087400008005CFE90FDF4FD0EFF780002025B0362
:108750004D042B056006BF07A008CA08CB084A09CC
:10876000790A310C1A0EB90FA910E2109210D20F2B
:10877000C40E150E9F0E5E100A1251123E11041007
:10878000810F800F6E0F3D0F3D0F6E0F800F810F19
:1087900004103E1151120A125E109F0E150EC40EE7
:1087A000D20F9210E210A910B90F1A0E310C790AEB
:1087B0004A09CB08CA08A008BF0760062B054D046C
:1087C0005B03020278000EFFF4FD90FD5CFE0800E2
:1087D0004D012201B2FFD4FD10FCADFA22FA94FA49
:1087E00059FB82FBDFFABCF90BF8B8F559F397F1A6
:1087F0000DF0F3EDC9EBCEEADCEA59EAD4E8ABE7D9
:1088000053E7C8E5C8E1D3DD6FB40BB30FB024ADB7
:1088100024AD0FB00BB36FB42AB5B8B6B9B81FBA50
:108820002DBB07BDCABF9DC22EC50CC86FCBDCCE09
:10883000EFD1D2D4A1D718DA31DC75DE64E1F6E4E9
:10884000D8E8D8EC9BF09BF3C7F5CBF75DFA97FD22
:108850002701EB04DB08B90C40109E133117E51A11
:10886000411E0E219D2367269D291D2D9E30D1334B
:1088700077369138473AA23BA53CB13D4D3F864102
:10888000A543E24433453B458345014662468A465B
:108890008A466246014683453B453345E244A5434B
:1088A00086414D3FB13DA53CA23B473A91387736D2
:1088B000D1339E301D2D9D2967269D230E21411EFB
:1088C000E51A31179E134010B90CDB08EB042701A1
:1088D00097FD5DFACBF7C7F59BF39BF0D8ECD8E892
:1088E000F6E464E175DE31DC18DAA1D7D2D4EFD139
:1088F000DCCE6FCB0CC82EC59DC2CABF07BD2DBB39
:108900001FBAB9B8B8B62AB56FB40BB30FB024AD5F
:108910009FD7A3D474D230D130D174D2A3D49FD7EF
:108920001BDBF1DEE3E2E3E6C7EA8BEE18F274F557
:1089300092F879FB1DFE84009C025F04C405BD060D
:108940003C073107A206A2054904BB02100160FFE3
:10895000C0FD3FFCE8FAC9F9EFF85FF80FF80CF832
:108960004BF8C5F873F957FA7BFBEDFCC3FEFE002C
:1089700088033E060009AC0B290E6510651226140B
:10898000A515E116E317B8185C19DF194A1AA51ADC
:10899000F71A3B1B6F1B8C1B8C1B6F1B3B1BF71AA7
:1089A000A51A4A1ADF195C19B818E317E116A515BC
:1089B000261465126510290EAC0B00093E068803CB
:1089C000FE00C3FEEDFC7BFB57FA73F9C5F84BF8CC
:1089D0000CF80FF85FF8EFF8C9F9E8FA3FFCC0FDB2
:1089E00060FF1001BB024904A205A20631073C0743
:1089F000BD06C4055F049C0284001DFE79FB92F84D
:108A000074F518F28BEEC7EAE3E6E3E2F1DE1BDB76
:108A10009FD7A3D474D230D144E332E0DEDD45DC0D
:108A200045DCDEDD32E044E3A3E6F6E968ED20F163
:108A3000E7F4E7F8CCFC1800C402C70418063207B4
:108A400050084209260AC10ACC0A940A310AA90927
:108A50005D093609CC0828080207390529030601F3
:108A6000D6FEEBFC1AFB1BF90CF7EBF4DAF259F12A
:108A70008FF079F04DF1B3F26BF48EF6F9F8B1FBAB
:108A8000E2FE5702BF05FB08B20BCD0D940F0C118F
:108A9000441279136914E3140815C6144E141714FC
:108AA00017144E14C6140815E314691479134412EC
:108AB0000C11940FCD0DB20BFB08BF055702E2FE5F
:108AC000B1FBF9F88EF66BF4B3F24DF179F08FF05B
:108AD00059F1DAF2EBF40CF71BF91AFBEBFCD6FEBA
:108AE00006012903390502072808CC0836095D0963
:108AF000A909310A940ACC0AC10A260A4209500877
:108B000032071806C704C4021800CCFCE7F8E7F4E3
:108B100020F168EDF6E9A3E644E332E0DEDD45DC72
:108B2000A3E339E093DDC9DBC9DB93DD39E0A3E3DF
:108B300057E7F4EA9EEE7DF256F656FA31FE8B01C7
:108B40007004E006CD08A80AA10C810E5110D311C3
:108B5000AB12211354134B1359137A1363132A13B3
:108B600095127C113A10D90E4C0DC90B1D0AE10764
:108B70002105D90136FEDCFA06F8D1F567F485F354
:108B8000EFF2D8F224F3CFF3F8F468F6D8F730F91F
:108B900028FACBFA87FB77FCA9FD4AFFE9003202ED
:108BA0003803C503EE0311041104EE03C5033803B3
:108BB0003202E9004AFFA9FD77FC87FBCBFA28FACD
:108BC00030F9D8F768F6F8F4CFF324F3D8F2EFF2DF
:108BD00085F367F4D1F506F8DCFA36FED9012105F4
:108BE000E1071D0AC90B4C0DD90E3A107C119512E4
:108BF0002A1363137A1359134B1354132113AB1213
:108C0000D3115110810EA10CA80ACD08E006700402
:108C10008B0131FE56FA56F67DF29EEEF4EA57E7E6
:108C2000A3E339E093DDC9DBA5DCD2D8B3D5CAD341
:108C3000CAD3B3D5D2D8A5DC9EE083E42EE8A1EB5D
:108C4000CBEEB4F165F4F5F678F9FCFB9BFE65011B
:108C50005C046D07640A060D320FEB1043125813C3
:108C60004714331533166217D118891A731C6F1EF7
:108C7000612025227D23032462238621AB1E3F1B16
:108C8000A417131496102C0DDA099E066E033500F6
:108C9000DFFC5BF9A6F5BBF1BBED03EAF6E6F7E412
:108CA0001BE42CE4CFE4AFE593E657E7F0E748E8B0
:108CB00048E8F0E757E793E6AFE5CFE42CE41BE4A0
:108CC000F7E4F6E603EABBEDBBF1A6F55BF9DFFCE2
:108CD00035006E039E06DA092C0D96101314A417A6
:108CE0003F1BAB1E8621622303247D2325226120A6
:108CF0006F1E731C891AD118621733163315471467
:108D000058134312EB10320F060D640A6D075C0412
:108D100065019BFEFCFB78F9F5F665F4B4F1CBEE4A
:108D2000A1EB2EE883E49EE0A5DCD2D8B3D5CAD36C
:108D3000CFE1CFDD6FDA60D860D86FDACFDDCFE179
:108D4000A6E5F2E88EEBA1ED5CEFFBF0AEF29BF452
:108D5000C2F625F9AEFB4EFEE2006903E5055B08AD
:108D6000D60A4A0D940FA4116113CE14F9150417F5
:108D70000318F818D8199E1A521BFE1B851CA51C37
:108D8000101C9F1A6E18D01514137E10290E0E0C8D
:108D9000120A19080A06BB031301F8FD5FFA71F6FF
:108DA0007CF2F6EE3AEC87EAD3E9D5E930EAA6EAB6
:108DB00010EB70EBB7EBE7EBE7EBB7EB70EB10EB1F
:108DC000A6EA30EAD5E9D3E987EA3AECF6EE7CF296
:108DD00071F65FFAF8FD1301BB030A061908120ABF
:108DE0000E0C290E7E101413D0156E189F1A101C2D
:108DF000A51C851CFE1B521B9E1AD819F8180318B7
:108E00000417F915CE146113A411940F4A0DD60A54
:108E10005B08E5056903E2004EFEAEFB25F9C2F6EC
:108E20009BF4AEF2FBF05CEFA1ED8EEBF2E8A6E571
:108E3000CFE1CFDD6FDA60D8F2DFF2DB75D83AD65A
:108E40003AD675D8F2DBF2DFB7E3DCE616E99EEA44
:108E5000EAEB61ED1EEF34F19EF32BF669F821FA8F
:108E60003DFBE7FB5DFCFEFC24FEE2FFF5011C047C
:108E70003C062B08C409120B390C510D510E520F30
:108E80008410E911451359140F153C15C514C2136C
:108E9000861252113310190F080EE20C810BD30900
:108EA000E807C6056903FE00E0FE58FD73FC3FFCC1
:108EB000B7FC92FD76FE41FFF6FF9F0014014E01C4
:108EC0004E0114019F00F6FF41FF76FE92FDB7FCB4
:108ED0003FFC73FC58FDE0FEFE006903C605E80791
:108EE000D309810BE20C080E190F331052118612B0
:108EF000C213C5143C150F1559144513E9118410FC
:108F0000520F510E510D390C120BC4092B083C069F
:108F10001C04F501E2FF24FEFEFC5DFCE7FB3DFBCB
:108F200021FA69F82BF69EF334F11EEF61EDEAEBBE
:108F30009EEA16E9DCE6B7E3F2DFF2DB75D83AD653
:108F4000A9E4B5E115DF25DD25DD15DFB5E1A9E4EF
:108F50001AE81AEC0AF0CFF3B1F7B0FB34FF0E02B7
:108F6000850484069C07B4071907FD055E048E027C
:108F70000401EDFFF7FE41FE1AFE8AFE44FF520097
:108F80000E0274041807DD09EA0CED0F4412BF133A
:108F9000AE141F15C5149013EF110310940D990A08
:108FA00061071904A4003DFD5CFA40F8C7F6E4F53A
:108FB000D1F55EF630F731F8ADF98DFB6DFD28FF88
:108FC000E7009202B70334043404B7039202E700C7
:108FD00028FF6DFD8DFBADF931F830F75EF6D1F568
:108FE000E4F5C7F640F85CFA3DFDA40019046107FA
:108FF000990A940D0310EF119013C5141F15AE14A8
:10900000BF134412ED0FEA0CDD09180774040E02B9
:10901000520044FF8AFE1AFE41FEF7FEEDFF0401F6
:109020008E025E04FD051907B4079C0784068504BB
:109030000E0234FFB0FBB1F7CFF30AF01AEC1AE8D6
:10904000A9E4B5E115DF25DDE4F4CAF1AFEEEBEB01
:10905000EBEBAFEECAF1E4F412F777F791F76DF8A6
:1090600041FAC6FDC6016A04A8055305AE039A027B
:10907000C702E303AE05D3063D06850424021300B0
:10908000D5FF2F010103AA041C051904C902EF0131
:109090004E0255049F06C6078E07A3059F02430094
:1090A0002EFF58FF7500ED00EAFFF1FD66FB57F952
:1090B00029F999FAAEFC9DFE43FF75FE66FDD7FCCB
:1090C0009FFD360043038105A0061C0688047D032E
:1090D0007D0388041C06A0068105430336009FFD1E
:1090E000D7FC66FD75FE43FF9DFEAEFC99FA29F99B
:1090F00057F966FBF1FDEAFFED00750058FF2EFF02
:1091000043009F02A3058E07C6079F0655044E0223
:10911000EF01C90219041C05AA0401032F01D5FFA0
:109120001300240285043D06D306AE05E303C702FF
:109130009A02AE035305A8056A04C601C6FD41FAAA
:109140006DF891F777F712F7E4F4CAF1AFEEEBEBB5
:1091500055F276EFC9ECD4E9D4E9C9EC76EF55F2D3
:1091600055F610F930FA41FCE5FEC7000F03AC05D7
:109170009C06FB05D904BB02EDFFFCFDE2FCE6FB0F
:1091800073FB66FBC4FAF0F9E9F96FFA77FBBFFDF0
:10919000B9001D030805AF0652073F079B073708B4
:1091A0007708AA08AE08C60723067804F102B001C2
:1091B000F700B00093006A001A00BDFF90FF99FF0E
:1091C000D3FF4D00F4007B01C001EC011302220229
:1091D00040029302DB02E402E402DB02930240025B
:1091E00022021302EC01C0017B01F4004D00D3FF09
:1091F00099FF90FFBDFF1A006A009300B000F700CE
:10920000B001F10278042306C607AE08AA08770861
:1092100037089B073F075207AF0608051D03B90033
:10922000BFFD77FB6FFAE9F9F0F9C4FA66FB73FB4F
:10923000E6FBE2FCFCFDEDFFBB02D904FB059C064E
:10924000AC050F03C700E5FE41FC30FA10F955F6F6
:1092500055F276EFC9ECD4E991ECD7E8D7E47AE19E
:109260007AE1D7E4D7E891EC01F056F2A3F30FF5D9
:10927000D9F62CF961FC90FF8B014802C201F4FF82
:10928000BEFDEDFB9DFAF6F9CEF95EF95EF821F729
:10929000B6F57CF454F49DF5BEF72CFAC4FC3EFF01
:1092A00066016703740589079E09B50B760D590E93
:1092B000280E0E0D590B5B095D07BA059904B7031B
:1092C000F802A0029F029302AF026203A4044706C1
:1092D0005808B00AE60CBE0E0C10A810BE10A8105C
:1092E000A810BE10A8100C10BE0EE60CB00A58084C
:1092F0004706A4046203AF0293029F02A002F80291
:10930000B7039904BA055D075B09590B0E0D280ECA
:10931000590E760DB50B9E09890774056703660122
:109320003EFFC4FC2CFABEF79DF554F47CF4B6F570
:1093300021F75EF85EF9CEF9F6F99DFAEDFBBEFD78
:10934000F4FFC20148028B0190FF61FC2CF9D9F6B1
:109350000FF5A3F356F201F091ECD7E8D7E47AE1E8
:10936000F0E44CE100DE58DB58DB00DE4CE1F0E4D9
:10937000F0E80EEC00EE14F084F2E4F472F7E6F993
:1093800038FB3EFB38FA2EF8C8F5F3F3C6F223F2A9
:1093900033F284F275F262F2C1F287F3ECF481F7F2
:1093A000E0FA34FE5C0140044C06BA073A09A90A07
:1093B000BC0BB70C600D190D3C0C690B750A8809C4
:1093C0004F099209C609380AEE0A550B9B0B510C3E
:1093D000330D000E1A0F4610E9104911C9111B1266
:1093E0004F12DB125C13701370135C13DB124F12FD
:1093F0001B12C9114911E91046101A0F000E330D46
:10940000510C9B0B550BEE0A380AC60992094F09FD
:109410008809750A690B3C0C190D600DB70CBC0B63
:10942000A90A3A09BA074C0640045C0134FEE0FA86
:1094300081F7ECF487F3C1F262F275F284F233F251
:1094400023F2C6F2F3F3C8F52EF838FA3EFB38FBE8
:10945000E6F972F7E4F484F214F000EE0EECF0E8B2
:10946000F0E44CE100DE58DBB2BDB1BBA8B9E7B611
:10947000E7B6A8B9B1BBB2BD56C1E3C4CDC7A2CB54
:109480003ACF7BD124D42FD7ADD876D9CFDA7FDBB2
:1094900086DB59DC51DDB4DDD8DEE3E079E23EE481
:1094A00025E73DEA48ED2BF12BF58DF840FC320025
:1094B00051034006B609D10C700F4612D414ED16B4
:1094C0005119B01B5E1D151F3121FD228F2461260D
:1094D0001D28AB296E2B442D072FFC300733D434C5
:1094E0007F3611385039613A793B5F3CE63C213D8B
:1094F000213DE63C5F3C793B613A503911387F367B
:10950000D4340733FC30072F442D6E2BAB291D2894
:1095100061268F24FD223121151F5E1DB01B5119BC
:10952000ED16D4144612700FD10CB6094006510343
:10953000320040FC8DF82BF52BF148ED3DEA25E794
:109540003EE479E2E3E0D8DEB4DD51DD59DC86DBD0
:109550007FDBCFDA76D9ADD82FD724D47BD13ACFE1
:10956000A2CBCDC7E3C456C1B2BDB1BBA8B9E7B663
:1095700045C9EBC6E0C4D7C2D7C2E0C4EBC645C9F3
:109580008CCC79CF9AD135D42AD7A7D906DC74DE12
:1095900014E0DCE056E177E138E149E1CAE16FE24D
:1095A00075E315E5C8E69CE80CEBE1EDC7F04BF47C
:1095B0004BF8EDFB5CFFE802D3050508550A890C62
:1095C0002C0EE90FE8117313B014231668176818EE
:1095D000CB19821B281D0C1F2B21F9229E246B26E0
:1095E000FB272829892AF02BD42CB22DCD2E682FC9
:1095F000962F1A3070303030303070301A30962F4D
:10960000682FCD2EB22DD42CF02B892A2829FB27A8
:109610006B269E24F9222B210C1F281D821BCB199F
:10962000681868172316B0147313E811E90F2C0E8D
:10963000890C550A0508D305E8025CFFEDFB4BF8E1
:109640004BF4C7F0E1ED0CEB9CE8C8E615E575E3DB
:109650006FE2CAE149E138E177E156E1DCE014E08C
:1096600074DE06DCA7D92AD735D49AD179CF8CCC31
:1096700045C9EBC6E0C4D7C2F8B9A4B773B5D4B333
:10968000D4B373B5A4B7F8B931BCE3BD04BF52C0BD
:109690003FC2BAC493C794CA58CD88CF2AD19DD2AD
:1096A00043D42ED678D847DB55DE3BE1F1E3A8E67C
:1096B00065E951ECA5EF6DF36DF762FB35FFD6025E
:1096C00025062F094B0C890FB612CF15DD18A81BE4
:1096D000051E2B203E22402448267628AA2ABD2C8F
:1096E0009E2E5430F5317C33F73482360F386A3988
:1096F000903A973B693CFE3C7A3DF43D423E5C3EED
:109700005C3E423EF43D7A3DFE3C693C973B903ADC
:109710006A390F388236F7347C33F53154309E2E57
:10972000BD2CAA2A7628482640243E222B20051E3E
:10973000A81BDD18CF15B612890F4B0C2F09250673
:10974000D60235FF62FB6DF76DF3A5EF51EC65E9CD
:10975000A8E6F1E33BE155DE47DB78D82ED643D4CB
:109760009DD22AD188CF58CD94CA93C7BAC43FC2DC
:1097700052C004BFE3BD31BCF8B9A4B773B5D4B3CC
:1097800012B419B291B07AAF7AAF91B019B212B4E3
:1097900061B6B8B800BB78BD1AC0C5C277C522C8CB
:1097A000A1CAEACCF0CED7D0CED2E7D433D7D1D924
:1097B000B0DCA3DFA4E2CEE517E97DEC19F0F8F305
:1097C000F8F7F5FBEAFFC6036207CC0A270E711112
:1097D00092149A17911A501DCB1F252261248326BB
:1097E0009E28C32AE42CEA2ED1309B325134ED3529
:1097F0006837DC383B3A653B6F3C6C3D383ED33EC6
:109800005F3FCD3F0E402E402E400E40CD3F5F3F8C
:10981000D33E383E6C3D6F3C653B3B3ADC386837A5
:10982000ED3551349B32D130EA2EE42CC32A9E28E8
:10983000832661242522CB1F501D911A9A1792145A
:109840007111270ECC0A6207C603EAFFF5FBF8F791
:10985000F8F319F07DEC17E9CEE5A4E2A3DFB0DC64
:10986000D1D933D7E7D4CED2D7D0F0CEEACCA1CA63
:1098700022C877C5C5C21AC078BD00BBB8B861B6EA
:1098800012B419B291B07AAF0CB364B1D4AF8DAE4B
:109890008DAED4AF64B10CB3D0B44FB66AB7C9B80B
:1098A000C7BA4BBD3AC085C3DCC6ECC9ADCC5BCFF3
:1098B00030D24FD5CBD8ABDCABE072E4F4E75FEB52
:1098C000BBEE14F2ABF58DF95EFDF0007004C90734
:1098D000C10A8F0D81107E1360163D19051C7A1E7A
:1098E000A020A422A324AE26C428D62AD32C9E2EA0
:1098F00025308831EE3246348E35E03623382A3929
:10990000003ABB3A493BB33B223C9F3CFF3C2C3DD9
:109910002C3DFF3C9F3C223CB33B493BBB3A003AC9
:109920002A392338E0368E354634EE3288312530F8
:109930009E2ED32CD62AC428AE26A324A422A0204F
:109940007A1E051C3D1960167E1381108F0DC10A09
:10995000C9077004F0005EFD8DF9ABF514F2BBEEA3
:109960005FEBF4E772E4ABE0ABDCCBD84FD530D2A1
:109970005BCFADCCECC9DCC685C33AC04BBDC7BA22
:10998000C9B86AB74FB6D0B40CB364B1D4AF8DAE1A
:109990001142E945D949D94D994A62473A441B4198
:1099A000033EFC3AFD3705351632372F602C9129DE
:1099B000D2261B246C21CD1E361CAF193017B914CA
:1099C0005312F40FA50D5F0B2809FA06DB04C5023C
:1099D000BF00C1FED2FCECFA16F948F78AF5D4F3C1
:1099E0002EF290F002EF85ED0FECA9EA4CE9FEE7CC
:1099F000C1E68BE566E450E343E246E159E074DFFB
:109A00009FDEDADD1DDD70DCD3DB46DBC1DA4DDA4B
:109A1000E8D994D94FD913D9E6D8CAD8BED8C2D874
:109A2000D6D8F1D81DD95AD9A6D902DA6EDAEADA2F
:109A300077DB13DCC0DC7CDD49DE1EDF02E0F7E013
:109A4000FCE111E336E473E5C0E61EE88BE908EBC0
:109A500096EC33EEE1EF9EF16CF34AF538F73EF900
:109A600054FB7AFDB0FFF6014C04BB063909C80B64
:109A7000660E1511DB13B2169919901C9F1FBE229A
:109A8000ED2534298C2CF32F6B33FA369A3A493E64
:109A90001142E945D949D94DFD72FD76FD7AFD7E29
:109AA0000D7B1D772D733D6F4D6B5D676D637D5F26
:109AB0008C5B9C57AC53BC4FCC4BDC47EC43FC3F1E
:109AC0000C3C1C382C343C304C2C5C286C247C2006
:109AD0008B1C9B18AB14BB10CB0CDB08EB04FB00FE
:109AE0000BFD1BF92BF53BF14BED5BE96BE57BE1E6
:109AF0008ADD9AD9AAD5BAD1CACDDAC9EAC5FAC1DE
:109B00000ABE1ABA2AB63AB24AAE5AAA6AA67AA2C5
:109B1000899E999AA996B992C98ED98AE986F982BD
:109B2000FD82FD86FD8AFD8EFD92FD96FD9AFD9ECD
:109B3000FDA2FDA6FDAAFDAEFDB2FDB6FDBAFDBEBD
:109B4000FDC2FDC6FDCAFDCEFDD2FDD6FDDAFDDEAD
:109B5000FDE2FDE6FDEAFDEEFDF2FDF6FDFAFDFE9D
:109B6000FD02FD06FD0AFD0EFD12FD16FD1AFD1E8D
:109B7000FD22FD26FD2AFD2EFD32FD36FD3AFD3E7D
:109B8000FD42FD46FD4AFD4EFD52FD56FD5AFD5E6D
:109B9000FD62FD66FD6AFD6EFD72FD76FD7AFD7E5D
:109BA00003248A27422B332F332B6327CB236420B4
:109BB0002D1D261A5717B8144A120410EE0D080C62
:109BC0004A0AB50847070206E504E8030B034F02FB
:109BD000B2012E01C2006D0031000500E9FFDDFF7A
:109BE000D9FFDEFFEAFFF6FF0A0016002200270079
:109BF00023001700FBFFCFFF93FF3EFFD2FE4EFE78
:109C0000B1FDF5FC18FC1BFBFEF9B9F84BF7B6F5F6
:109C1000F8F312F2FCEFB6ED48EBA9E8DAE5D3E28F
:109C20009CDF35DC9DD8CDD4CDD0BED476D8FDDB3D
:109C300055DF7CE26BE52AE8B9EA20ED56EF5CF1EE
:109C40003AF3F0F47EF6E4F721F93EFA3BFB18FC18
:109C5000D5FC7AFD07FE7BFED8FE24FF61FF8DFF59
:109C6000B1FFCDFFE2FFF6FF0A001E0033004F00F8
:109C700073009F00DC0028018501F90186022B0397
:109C8000E803C504C205DF061C088209100BC60CD8
:109C9000A40EAA10E0124715D617951A841DAB2002
:109CA00003248A27422B332F2DB4A7B221B19CAFB6
:109CB0009FAFA3AFA6AFAAAFADAFB1AFB4AFB8AFD0
:109CC0003DB1C1B246B4CBB550B7D5B85ABADEBB78
:109CD000B4BE8AC160C436C70CCAE2CCB8CF8ED23B
:109CE0003DD6ECD99ADD49E1F8E4A7E855EC04F05B
:109CF00003F402F801FC0000FF03FE07FD0BFC0F5C
:109D0000AB135917081BB71E66221426C329722DE0
:109D100048301E33F435CA38A03B763E4C412244CD
:109D2000A6452B47B048354ABA4B3F4DC34E485025
:109D30004C504F50535056505A505D5061506450E3
:109D4000DF4E594DD34B4D4AC7484147BC45364479
:109D50005F41883EB13BDA3803362C3355307E2DD7
:109D6000CE291E266F22BF1E0F1B5F17B0130010D7
:109D7000000C00080004000000FC00F800F400F0F3
:109D800050ECA1E8F1E441E191DDE2D932D682D292
:109D9000ABCFD4CCFDC926C74FC478C1A1BECABBC6
:109DA00044BABFB839B7B3B52DB4A7B221B19CAF8F
:109DB000B4AF1FAFBBAE87AE83AEB7AE1BAFB0AF15
:109DC00074B069B197B2ECB371B527B70DB91BBBCD
:109DD00051BDB0BF36C2E5C4BCC7B3CACACD01D1FC
:109DE00058D4C8D74FDBEFDE9FE266E63EEA1EEEB0
:109DF0000EF206F6FEF9FEFDFE01FE05F609EE0D79
:109E0000DE11BE1596195D1D0D21AD243428A42B3D
:109E1000FB2E323249354038173BC63D4C40AB42F1
:109E2000E144EF46D5488B4A104C654D934E884F20
:109E30004C50E150455179517D514951E5505050B8
:109E40008C4F974E694D144C8F4AD948F346E544E0
:109E5000AF425040CA3D1B3B44384D353632FF2E91
:109E6000A82B3828B1241121611D9A19C215E211BD
:109E7000F20DFA090206020202FE02FA0AF612F2D4
:109E800022EE42EA6AE6A3E2F3DE53DBCCD75CD4EF
:109E900005D1CECDB7CAC0C7E9C43AC2B4BF55BD1B
:109EA0001FBB11B92BB775B5F0B39BB26DB178B0CC
:109EB000B4AF1FAFBBAE87AEB3C9AFC9ABC9A7C9FB
:109EC000AAC9AEC9B2C9B6C9BAC9C6C9E2C906CA21
:109ED00043CA8FCAFBCA88CB34CC09CD0ECE43CF40
:109EE000B0D04ED224D43AD688D80EDBCDDDC4E033
:109EF000EBE342E7C1EA69EE31F210F600FA00FE48
:109F000000020006F009CF0D97113F15BE18151C71
:109F10003C1F3322F2247827C629DC2BB22D502F88
:109F2000BD30F231F732CC33783405357135BD357B
:109F3000FA351E363A3646364A364E36523656369A
:109F40005936553651364D3649363D362136FD3572
:109F5000C035743508357B34CE33F932F431BF3037
:109F6000522FB42DDE2BC8297A27F32434223D1F2B
:109F7000161CBF183F159811D00DF00900060002FD
:109F800000FE00FA10F630F268EEC1EA41E7EAE3BB
:109F9000C3E0CCDD0DDB86D838D622D44CD2AED08F
:109FA00041CF0CCE07CD32CC85CBF8CA8CCA40CA83
:109FB00003CADFC9C3C9B7C9B3C9AFC9ABC9A7C948
:109FC00085D481D47DD479D47DD481D485D489D4E9
:109FD0008DD491D495D499D4A5D4B1D4C5D4E9D491
:109FE0001DD569D5D6D562D617D7FCD719D96EDA63
:109FF00003DCE1DD07E06DE21CE513E84AEBB9EEB6
:10A0000059F220F608FA00FE0002F805E009A70D53
:10A010004711B614ED17E41A931DF91F1F22FD23F3
:10A020009225E7260428E9289E292A2A972AE32A46
:10A03000172B3B2B4F2B5B2B672B6B2B6F2B732B18
:10A04000772B7B2B7F2B832B872B832B7F2B7B2BC0
:10A05000772B722B6E2B6A2B5E2B522B3E2B1A2BDF
:10A06000E52A992A2D2AA029EB280628E9269425F5
:10A07000FE232022FA1F941DE51AEE17B71447118C
:10A08000A80DE009F805000200FE08FA20F658F2D3
:10A09000B9EE49EB12E81BE56CE206E0E0DD02DC1C
:10A0A0006CDA17D9FAD715D760D6D3D567D51BD5B3
:10A0B000E6D4C2D4AED4A2D496D492D48ED489D4C9
:10A0C00085D481D47DD479D4A00BE00700040000AE
:10A0D00000FC20F860F4C1F041EDE2E9A3E684E37E
:10A0E00085E0A6DDE7DA50D8DAD584D34DD137CF75
:10A0F00041CD6BCBB6C920C8ABC655C520C40BC378
:10A1000016C241C18DC0F8BF84BF2FBFFBBEE7BEE2
:10A11000FBBE2FBF84BFF8BF8DC041C116C20BC3A9
:10A1200020C455C5ABC620C8B6C96BCB41CD37CF0F
:10A130004DD184D3DAD550D8E7DAA6DD85E084E3C3
:10A14000A3E6E2E941EDC1F060F420F800FC000074
:10A150000004E007A00B3F0FBF121E165D197C1C08
:10A160007B1F5A221925B027262A7C2CB32EC930F2
:10A17000BF3295344A36E0375539AB3AE03BF53CCF
:10A18000EA3DBF3E733F08407C40D1400541194144
:10A190000541D1407C400840733FBF3EEA3DF53C5D
:10A1A000E03BAB3A5539E0374A369534BF32C930D7
:10A1B000B32E7C2C262AB02719255A227B1F7C1C03
:10A1C0005D191E16BF123F0FA00BE0070004000030
:10A1D000BE1B6D1F452345270624D620BE1DBF1A72
:10A1E000D017F81439128A0FF30C740A0D08BF0542
:10A1F00088036A0163FF75FD9FFBE0F93AF8ADF64D
:10A2000037F5E1F3A4F27EF179F08CEFBEEE09EEC2
:10A2100075EDF8EC9BEC57EC32EC2EEC4AEC7EEC56
:10A22000D2EC46EDDAED8FEE64EF58F06DF1A2F26C
:10A23000F7F36DF502F7B8F895FA93FCB1FEF80064
:10A240005E03EC059B08720B690E8811C7142E186B
:10A25000BE1B6D1F452345270624D620BE1DBF1AF1
:10A26000D017F81439128A0FF30C740A0D08BF05C1
:10A2700088036A0163FF75FD9FFBE0F93AF8ADF6CC
:10A2800037F5E1F3A4F27EF179F08CEFBEEE09EE42
:10A2900075EDF8EC9BEC57EC32EC2EEC4AEC7EECD6
:10A2A000D2EC46EDDAED8FEE64EF58F06DF1A2F2EC
:10A2B000F7F36DF502F7B8F895FA93FCB1FEF800E4
:10A2C0005E03EC059B08720B690E8811C7142E18EB
:10A2D000BE1B6D1F45234527FB32FB36FB3AFB3E79
:10A2E0001B3B3A375A337A2F992BB927D823F81FBB
:10A2F000181C371857147710960CB608D604F500BA
:10A3000015FD34F954F574F193EDB3E9D3E5F2E1B9
:10A3100012DE31DA51D671D290CEB0CAD0C6EFC2B9
:10A32000FBC2FBC6FBCAFBCEFBD2FBD6FBDAFBDED5
:10A33000FBE2FBE6FBEAFBEEFBF2FBF6FBFAFBFEC5
:10A34000FB02FB06FB0AFB0EFB12FB16FB1AFB1EB5
:10A35000FB22FB26FB2AFB2EFB32FB36FB3AFB3EA5
:10A360001B3B3A375A337A2F992BB927D823F81F3A
:10A37000181C371857147710960CB608D604F50039
:10A3800015FD34F954F574F193EDB3E9D3E5F2E139
:10A3900012DE31DA51D671D290CEB0CAD0C6EFC239
:10A3A000FBC2FBC6FBCAFBCEFBD2FBD6FBDAFBDE55
:10A3B000FBE2FBE6FBEAFBEEFBF2FBF6FBFAFBFE45
:10A3C000FB02FB06FB0AFB0EFB12FB16FB1AFB1E35
:10A3D000FB22FB26FB2AFB2EFB32FB36FB3AFB3E25
:10A3E0009C0DAB102314FB17FB136410350D660A8C
:10A3F000F807EA053404CF02BA01ED005900FDFF69
:10A40000D1FFC5FFD1FFEEFF12002F003B002F0050
:10A410000300A7FF13FF46FE31FDCCFB16FA08F838
:10A420009AF5CBF29CEF05EC05E8DDEB55EF64F215
:10A4300014F562F759F9FFFA54FC62FD37FED4FEB9
:10A4400048FF95FFC9FFEEFF120037006B00B80010
:10A450002C01C9019E02AC030105A7069E08EC0A67
:10A460009C0DAB102314FB17FB136410350D660A0B
:10A47000F807EA053404CF02BA01ED005900FDFFE8
:10A48000D1FFC5FFD1FFEEFF12002F003B002F00D0
:10A490000300A7FF13FF46FE31FDCCFB16FA08F8B8
:10A4A0009AF5CBF29CEF05EC05E8DDEB55EF64F295
:10A4B00014F562F759F9FFFA54FC62FD37FED4FE39
:10A4C00048FF95FFC9FFEEFF120037006B00B80090
:10A4D0002C01C9019E02AC030105A7069E08EC0AE7
:10A4E0009C0DAB102314FB175FDCD9DA54D9CED7FF
:10A4F000D1D7D5D7D8D7DCD761D9E6DA6ADCEFDD9A
:10A50000C5E09BE371E647E9F6ECA5F053F402F8E9
:10A5100001FC0000FF03FE07AD0B5B0F0A13B91629
:10A520008F19651C3B1F112296231A259F2624286C
:10A5300028282B282F283228AC262725A1231B22A8
:10A54000441F6D1C9619BF160F135F0FB00B000848
:10A550000004000000FC00F850F4A1F0F1EC41E927
:10A560006AE693E3BCE0E5DD5FDCD9DA54D9CED707
:10A57000D1D7D5D7D8D7DCD761D9E6DA6ADCEFDD19
:10A58000C5E09BE371E647E9F6ECA5F053F402F869
:10A5900001FC0000FF03FE07AD0B5B0F0A13B916A9
:10A5A0008F19651C3B1F112296231A259F262428EC
:10A5B00028282B282F283228AC262725A1231B2228
:10A5C000441F6D1C9619BF160F135F0FB00B0008C8
:10A5D0000004000000FC00F850F4A1F0F1EC41E9A7
:10A5E0006AE693E3BCE0E5DD5FDCD9DA54D9CED787
:10A5F0009BD96ED8A9D745D748D7ADD771D89ED9A2
:10A6000024DB09DD3FDFC6E19CE4B3E70AEB92EE11
:10A6100041F219F608FA00FE0002F805E709BF0D3D
:10A620006E11F6144D18641B3A1EC120F722DC246B
:10A6300062268F275328B828BB28572892276526DB
:10A64000DF24F922C3203C1E651B4E18F7146F113E
:10A65000C00DE809F805000200FE08FA18F640F2FD
:10A6600091EE09EBB2E79BE4C4E13DDF07DD21DBBE
:10A670009BD96ED8A9D745D748D7ADD771D89ED921
:10A6800024DB09DD3FDFC6E19CE4B3E70AEB92EE91
:10A6900041F219F608FA00FE0002F805E709BF0DBD
:10A6A0006E11F6144D18641B3A1EC120F722DC24EB
:10A6B00062268F275328B828BB285728922765265B
:10A6C000DF24F922C3203C1E651B4E18F7146F11BE
:10A6D000C00DE809F805000200FE08FA18F640F27D
:10A6E00091EE09EBB2E79BE4C4E13DDF07DD21DB3E
:10A6F0009BD96ED8A9D745D7F6E4DAE4D6E4D2E4FC
:10A70000D6E4DAE4DDE4F9E435E5A2E54EE653E724
:10A71000C0E896EAE4ECA3EFCAF249F610FA00FEAC
:10A720000002F005B709360D5D101C136A154017BD
:10A73000AD18B2195E1ACB1A071B231B261B2A1B46
:10A740002E1B2A1B261B0A1BCD1A611AB419AF181F
:10A7500041176C151D135E10370DB809F005000286
:10A7600000FE10FA48F6C9F2A2EFE3EC94EABFE863
:10A7700051E74CE69FE533E5F6E4DAE4D6E4D2E4CB
:10A78000D6E4DAE4DDE4F9E435E5A2E54EE653E7A4
:10A79000C0E896EAE4ECA3EFCAF249F610FA00FE2C
:10A7A0000002F005B709360D5D101C136A1540173D
:10A7B000AD18B2195E1ACB1A071B231B261B2A1BC6
:10A7C0002E1B2A1B261B0A1BCD1A611AB419AF189F
:10A7D00041176C151D135E10370DB809F005000206
:10A7E00000FE10FA48F6C9F2A2EFE3EC94EABFE8E3
:10A7F00051E74CE69FE533E5F6E4DAE4D6E4D2E44B
:10A8000043EA3FEA3BEA37EA3BEA3FEA43EA47EA00
:10A8100052EA66EA9AEA07EBBBEBD8EC6EEE94F0EC
:10A8200042F379F618FA00FE0002E8058709BE0C2B
:10A830006C0F921128134514F91466159A15AE156C
:10A84000B915BD15C115C515C915C515C115BD1558
:10A85000B0159C156815FB144714291394116E0F3D
:10A86000BF0C8809E805000200FE18FA78F641F3EB
:10A8700092F06CEED7ECB9EB05EB98EA64EA50EA9B
:10A8800043EA3FEA3BEA37EA3BEA3FEA43EA47EA80
:10A8900052EA66EA9AEA07EBBBEBD8EC6EEE94F06C
:10A8A00042F379F618FA00FE0002E8058709BE0CAB
:10A8B0006C0F921128134514F91466159A15AE15EC
:10A8C000B915BD15C115C515C915C515C115BD15D8
:10A8D000B0159C156815FB144714291394116E0FBD
:10A8E000BF0C8809E805000200FE18FA78F641F36B
:10A8F00092F06CEED7ECB9EB05EB98EA64EA50EA1B
:10A9000043EA3FEA3BEA37EAE40B8508E504050140
:10A9100005FD45F9C6F587F288EFC9EC52EA1CE857
:10A9200026E670E4FBE2C6E1D1E01CE0A8DF73DFBD
:10A9300088DFDCDF70E045E15AE2B0E345E51BE784
:10A9400031E988EB1EEEFDF01CF47BF71BFBFBFEF0
:10A95000FB02BB063A0A790D78103713AE15E417DF
:10A96000DA19901B051D3A1E2F1FE41F58208D2059
:10A9700078202420901FBB1EA61D501CBB1AE51872
:10A98000CF167814E211030FE40B8508E5040501E6
:10A9900005FD45F9C6F587F288EFC9EC52EA1CE8D7
:10A9A00026E670E4FBE2C6E1D1E01CE0A8DF73DF3D
:10A9B00088DFDCDF70E045E15AE2B0E345E51BE704
:10A9C00031E988EB1EEEFDF01CF47BF71BFBFBFE70
:10A9D000FB02BB063A0A790D78103713AE15E4175F
:10A9E000DA19901B051D3A1E2F1FE41F58208D20D9
:10A9F00078202420901FBB1EA61D501CBB1AE518F2
:10AA0000CF167814E211030FE40B8508E504050165
:10AA10000060014030040240030000000400000018
:10AA200010000400000400480400000000000000C2
:10AA3000200005000004004802000000060000009D
:10AA400040000600000400480100000000640140CE
:10AA500044040240020000000200000080000700E1
:10AA6000001000480002000007000000000108007C
:10AA7000001000480001000000000000000000007D
:10AA8000000000000000000000680140580402407F
:10AA9000030000000300000040000600000C004816
:10AAA00000010000050000008000070000040048CD
:10AAB00000800000010000000001080000040048C0
:10AAC0000040000001000000FEFFFFFF000000004A
:10AAD00035CE000801000000FEFFFFFF010000006E
:10AAE00051D0000801000000FFFFFFFF0000000040
:10AAF00029D2000801000000FFFFFFFF0100000055
:10AB0000B9D30008010000000000000000000000B0
:10AB10001DD5000801000000000000000100000039
:10AB200005D700080300000002000000010000003B
:10AB300025D900080200000001000000010000000B
:10AB40002DDC0008000000000000000000000000F4
:10AB5000000000007111111401140111111471147D
:10AB600071111401111431115401111471140114D3
:10AB7000011431540114011471110514011401114F
:10AB800075140114011105147114010514711114C7
:10AB900071051401111401050514711471050514D2
:10ABA00001147105111401140105111471147111AE
:10ABB00002250514011102257514011111750514E2
:10ABC0007114140111140105147114140114147179
:10ABD0001414711414140114711414011404711454
:10ABE00014140404711414040404710514011404ED
:10ABF0000105147114040471111401147114011469
:10AC0000040404711114040471140404040474048D
:10AC100004040404000040C10000000000004041A2
:10AC20000A2898410000C041B4E7DE410A28F841F3
:10AC3000C7C00642000010420A281842DA731F42B9
:10AC40007F0D264205142C42019F3142C7C0364277
:10AC5000DF873B4200004042BE3244420A2848425D
:10AC600088E64B42DA734F42CCD452427F0D5642B3
:10AC70008721594205145C42B4E75E42019F61425C
:10AC80000F3C6442C7C06642DF2E6942DF876B42D9
:10AC90002ACD6D42000000000130CB3E0000003F95
:10ACA0000486123F1D45213F09B92D3FA69B383F21
:10ACB0007D57423FF82F4B3FC952533F80E05A3FE8
:10ACC0003CF1613F6A97683F78E16E3FEFDA743F8D
:10ACD000318D7A3F0000803F000000006F81843E8C
:10ACE0002CD4DA3E0000803F000000000000A03DB0
:10ACF0000000203E0000843E0000DC3E0000383FA3
:10AD00000000993F00000040000000000AD7233CEB
:10AD10000AD73F4100004041000000000000E04031
:10AD2000EC51E04000004041000000000000A04065
:10AD30000000E040000040410000000000004040F2
:10AD40000000E040000040410000000000004040E2
:10AD50000000E040000020410000000000004040F2
:10AD60000000204100006041000000000000404061
:10AD70000000204100008841000000000000004069
:10AD800000001041000080410000000000008040F1
:10AD900000003041000060410000000000008040E1
:10ADA0000000E04000003041000000000000804052
:10ADB0000000E040000040410000000001000000F1
:10ADC0000200000003000000050000000700000072
:10ADD000090000000B00000000000000010000005E
:10ADE0000200000003000000040000000500000055
:10ADF0000600000007000000080000000900000035
:10AE00000A0000000B0000000C0000000D00000014
:10AE10000E0000000F0000001000000011000000F4
:10AE200012000000130000001400000015000000D4
:10AE300016000000170000000000000000000000E5
:10AE400099E700082DE8000895E70008DDEA00080A
:10AE50000000000000000000B5F700084DF80008F1
:10AE6000B1F7000851F80008000000000000803F22
:10AE700000000000000000000000000000000000D2
:10AE80000000803F00000000000000000000000003
:10AE900000000000000000000000003F0000000073
:10AEA0000000003F00000000000000000000000063
:10AEB000C3F5A83E00000000C3F5A83E0000000056
:10AEC000C3F5A83E00000000C3F5A83E0000000046
:10AED00000000000C3F5A83E00000000C3F5A83E36
:10AEE0000000003F00000000000000000000000023
:10AEF000000000000000003F000000000000003FD4
:10AF00000000000000000000000000000000003F02
:10AF100000000000CDCCCC3DCDCCCC3D00000000ED
:10AF2000CDCC4C3E9A99193F000000000000000073
:10AF3000550801086909010851080108250A010896
:10AF4000CDCC0C3FD7A3F03E48E1FA3E5C8F023FE8
:10AF500014AE073F000000000000000000000000E9
:10AF600059150108751501085515010879150108CD
:10AF70000000000000000000151A01085D1A010819
:10AF8000111A0108611A0108000000000000000009
:10AF9000813501087D35010879350108D53601086C
:10AFA0000000000000000000F954010825550108C8
:10AFB000F55401082D5501080000000000000000B4
:10AFC00065570108D957010861570108DD57010885
:10AFD0000000000000000000955F0108595F0108B3
:10AFE000555F0108696001080000000000000000D2
:10AFF000696B0108696C0108656B01086D6C0108DB
:10B000000000000000000000317D0108C17D010842
:10B010002D7D0108C97D010800000000000000002E
:10B02000F181010801830108ED8101084D830108C8
:10B03000000000000000000045860108718601083C
:10B04000418601086987010800000000EC51E040DA
:10B05000F62840417B1498417B14C0410000000059
:10B060000000000000000000659201080193010843
:10B0700061920108F5930108000000000000000043
:10B080006DA90108ADA9010869A90108B1A90108C4
:10B090000000000000000000B5B1010801B2010885
:10B0A00005B20108A9B3010800000000000000007B
:10B0B00029BC0108D9BC010825BC0108E1BC010874
:10B0C00000000000000000006DCC0108C5CC0108A4
:10B0D00069CC0108C9CC0108000000000000000094
:10B0E0002DDC010895D6010899D601089DF50108C7
:10B0F0000000803F00000000000000000000000091
:10B1000000000000000000000000003F0000000000
:10B110000000003F000000000000000000000000F0
:10B12000CDCCCC3E00000000CDCC4C3E0000000059
:10B13000CDCCCC3E000000009A99993E0000000062
:10B14000000000009A99993E00000000CDCCCC3E52
:10B150009A99993E000000000000000000000000E5
:10B16000000000003333333FCDCC4C3E00000000E4
:10B1700000000000CDCC4C3E000000009A99193F21
:10B1800000000000CDCC4C3ECDCCCC3D00000000FA
:10B19000CDCC4C3E0000003F000000009A99993E43
:10B1A000000000009A99993E00000000CDCCCC3EF2
:10B1B00000000000CDCCCC3E000000009A99993EE2
:10B1C000000000009A99993E000000000000003F36
:10B1D000000000000000003F000000000000000030
:10B1E000000000000000803F0000000000000000A0
:10B1F000000000000000000000000000000000004F
:10B200009D0602087D0702089906020871080208D7
:10B2100000000000000000009D140208151502083F
:10B22000991402081915020800000000000000002F
:10B230001D20020859200208192002085D2002087A
:10B24000CDDFF10416203B4D00101112131415161A
:10B250001718191A1B1C1D1E1F2021222324252606
:10B260002728292A2B2D2F31333536393B3D3F42B4
:10B270004547494D4F5155575C5F63666A6E73771A
:10B280007B80858A8F959AA0AEBCCAD8E6F4010F60
:10B290001D2B39475563717EC0828083C0834084F3
:10B2A000C08440850086808780888089C08A008C21
:10B2B000408D008FC090C092009940A180AB40B8F3
:10B2C00040C7C0D8C0EB000040144027C038C0477A
:10B2D0008054C05E0067406DC0D4E8FC1025394D35
:10B2E000C0D8F0071F374F66AEBAC5D1DDE8F4FF0E
:10B2F0000B17222E3945515C00AE80B480BB40C391
:10B3000080CB40D4C0DD80E780F1C0FB0006401058
:10B31000401A0024402D0036403EC045C04C00532A
:10B320008058C05D40624066C069C06C806FC0716B
:10B33000C07380750077807E0002030405070A0F42
:10B34000142029395172A1FFC0CBD6E1ECF7030ECE
:10B3500019242F3A45505B66929FADBAC8D5E3F0E9
:10B36000FE0B192634414F5CB3BFCBD7E3EFFB078D
:10B37000131F2B37434F5A66C05040B8402D341D21
:10B38000170EEF4F2504C05040C70006261D0B0EB8
:10B39000D74F3904C050C038002419CABA24134FFB
:10B3A0003916C05040C780CB2639390ECB07254D02
:10B3B000C050009940100B0FFF24D71F4D160F00EF
:10B3C00040140024E3F40000000000000A00406D77
:10B3D000C045192BE8ECCB37FCCD80A0C03880F1FC
:10B3E000D5E6E8ECCB37FCCD80A04027402DF00F10
:10B3F000000000000000E064C04780CB9FE6F4CB73
:10B40000D7073920C050C0D80024BA0F22ECEF1F54
:10B41000E81660A040B8C045E3F4DD03FB0725163D
:10B42000405080AB80E7AD1D3903FB071020C050B2
:10B430000000C0FB0BE6E8F7FB37251640508054B0
:10B4400080BB9F5539ECEF1FFC3B000063AC21B47F
:10B450003C16AFB284D20A5FB3F2E2DA32F4CDCA5C
:10B4600092DF28D7272BCDE25B9357AFACD01B0BD5
:10B47000EEB2B224AEC3284B290AAF0E134702A87E
:10B48000A64C004D5708A0990C0174EDB18A22BA60
:10B49000D4A9CD2A2AEFD6E0BD6B6CAC5A83F7AEA7
:10B4A000ADB16A0BDE3296A23AC27973DDF301FFC9
:10B4B00002102C349446AFC88ABD5484A9E62DFCF2
:10B4C000461E7B48872A5F597613E9BA7AA73B9DC7
:10B4D0005929A3AB48D7D5B10E6DF7A1E62A3BB6E3
:10B4E000A50DA95255568DB2926A77F1BBDA86B294
:10B4F0003A44FDECDB5048D738B9EF739DC3EC7D7F
:10B5000067B0F4896BDCE0FF06D82D2C0133B767F8
:10B51000A0B9C58DC8B2B71616BF2687F95A94F3DD
:10B52000B01F751951CECD71D465C4398EDA71B69C
:10B5300091C730E96E694B5B518F156649E38031E5
:10B54000A2E67DCD55B659D8EAB10EDECAE59BC755
:10B55000D66592556C2EFB304992B13AEDC3047218
:10B56000E7E67074EBA893ABE1FF0A28306C8DC35B
:10B57000A7AA70D755765D22EE5B57D6F9B8A66DAF
:10B580005959169BA1DE7B15996DA558DE5564119E
:10B590005DC2694A3B255B8532214096260E584A9A
:10B5A00033004BB5ADAA9AF030DFB2BBD13755E9C5
:10B5B000215D7B3F96AAC63CA5735FE1FF2B6EB170
:10B5C000D9D336DFF2163727A908E52E221B200033
:10B5D00025AC2A20CFD39245536AA99E4F99544750
:10B5E000B9E4DFED6C479B4565BB789FC31CD2E88F
:10B5F0004367B0E5CD73589DAD2C15377185FF04B9
:10B6000018B68200D3570860BAF491C75815CA8B90
:10B61000479EFC641AAF19454A9DA1FA6414A965B6
:10B6200086E4E251A5EE9992AB04E0A2930408905F
:10B630009D33039E7165C04F290AF8ADD402089E60
:10B64000A254856A8000862157C04853011836BC31
:10B6500015A94BAA4B9BD6C7EE11416BDB9AEC9414
:10B6600036ED6D5B76939EFCA55DD94D58EA9A7ECA
:10B67000B537C5764F7F14FED8CD2B7AB2FA9BF240
:10B6800088F0AE0816A1DC45640380008EE030C06F
:10B69000B253F00A88A171658576458AFF9BDE78F2
:10B6A000C5995CB772DE1DEF7CD7B36F6354356309
:10B6B000E4A6AE793347943963E4861F049834DDF9
:10B6C000020E98325D0312E000FC08C84A0C01C566
:10B6D0007411A0CAEAD1355ADD46DE565D497607B7
:10B6E00079DBD5A80AEE6E61FFBDAA2D82447017E2
:10B6F00011D90002E8542D00D58405602AB3933790
:10B7000067669C6B4E5EBD9B6ADD3979F1AE6EBD9E
:10B71000F854C5A785E5E25317D59E2E9FCF58E470
:10B72000A607BF595BC53319D8A59C89CE94619BE8
:10B730007479DD13C44BFCE52EA7AE0AA50DFCA35E
:10B7400098D69932178F7C8616745FB3F2E14AC49B
:10B75000F4CE4E47DC1D5A463A99718BAB82AC0849
:10B76000273E5DE50C2542BC7B55D31761F8965DFD
:10B77000ED7AF4CD8A44C6E331551B6269AFC792B6
:10B780009C7B662C6E5BF66911F6AA1C29A487DBEC
:10B79000E774E6141E1AABDD95627A68AC82FF612D
:10B7A0005D964934D20660C7900C8C66F615224D22
:10B7B00037AA6AC82C6DCD28B2158BE435B36879E9
:10B7C00051E6DA9CBE154389F0A2DB9577A7A66601
:10B7D0004977B19A9E0AD575EBEEF6B0C6E683D2EC
:10B7E000E3EB5ED7DA5C48876D9E7BDFF38940111F
:10B7F000CA5D4436003860EA8C002CB36D01011438
:10B800005F8E01F806E812D9021268EE8C86D4F534
:10B81000767AD31DEE744A541E6FFA2B5CDC429389
:10B82000B2ED66B5957B8E53DF3DACA1B0CC2AEE70
:10B83000BBA7B62453D94A7DFB52361F2B1B754D2F
:10B84000DCE21E8EA0A632C8AFBB9218AF207DF0FE
:10B85000A15F90BAC0D7A67E0019856ADACACD2446
:10B86000D9CCCB4A477666F5373B9EE1887A50D4EF
:10B870008ED93DAD452BB362EEF4B8B5ACF5A81B3F
:10B88000AFCCA2CEBBDDCBD8B2DAC8D055FDAC5719
:10B89000BDE0FF66313C7C52E3C469F585578651B3
:10B8A000AAD35675A1699D6F7DCA6A57236DF5CDE0
:10B8B00057D14B50782CDA75694677B4CEDBB14559
:10B8C000AD08E52E221B0018D03C91035A09B18027
:10B8D00000B21386FF662C02624BE38EA1EB107759
:10B8E0006EB3B22A2A3974CB4A0BCBB2E4AE2B4DDD
:10B8F000BCDB9CFAB62C8A2933EE93F2A0A6C4B91D
:10B9000055A892A854A7C4AE1D32CC542DB7B1A9E6
:10B91000725351BCB2E2532CB4F54A8B2BB5D2D53D
:10B920002B2DA6D4DA5AAF34FB322B4BD3D214DCF6
:10B93000DAC84EC952246B53B9AAF551B542E93160
:10B94000C09BB0D4A7A6D4856FCA58C20A2EE66B96
:10B950006B89C3B4D82F6D250DD352DF7414DF4427
:10B9600047FBD25172A21E750947898D7CB407FE30
:10B97000ABCDE2B2423ADFE2A62749AE7DC417B7AB
:10B980003845AFA4B66D8003D80CF0A79B073CE008
:10B9900080EBB5113845A90AD50002347565E6A6D5
:10B9A000AEA2346EAA8B9B2413A5ADCAA9C886F398
:10B9B000CE7A766DCCCDB05A7ACFB92E754B4789F9
:10B9C000833AA937DFE129AD4887B3C0FF0A28567B
:10B9D000B9E545558449CC9367D719264B4E91DD7F
:10B9E00044BAAEBEC52C102442B98BC8066080F1A3
:10B9F000E9ABC9A623D436DFE9CC5574866B9F71B9
:10BA000066BDE1E6BBDB9F534588CFAE3FFC0C88AB
:10BA10007E8C02A50C31DD5CB2AC3A5BCF4CEEBB48
:10BA2000BBDEA5CDA8B4754D1CB7D1D528EEE65B1D
:10BA30007673EA1AC433F3F1AD7737A7B6B6EC12D2
:10BA4000919BF28E4011CA5D443680007A2F53409C
:10BA50002D241480FF22D73938CAECDBBEB4A1985C
:10BA60005AB9F253466FE969CA4ED689570E693FF3
:10BA70007161D995986587256C86644CACF5F8A4FE
:10BA8000CD867AD0E6554FD702A57B76BDDBDDAFFC
:10BA9000A1AA541DDBB2A6ECC3D364739962C82C6F
:10BAA000D5DF6909A133D8F2E625AE6E0FB6B254E0
:10BAB000DCF81DFE0CF8AD540306F82DD501BF943B
:10BAC00039E0E7320BB4B03B25755FBDE2110D39AB
:10BAD00063F5484634E0EA4D231D4991BB568D6C11
:10BAE0007845D97CB2F2E19C78E2F1C9870992B13C
:10BAF000D7276B2ED9C75E9FAC84E41C79BDD2D406
:10BB0000C4B279CDC85297F0A63CA34C53C39AF265
:10BB10008C26550B1DEAB3A6143D2D35CF99B21BCB
:10BB2000F3D03E6B297ADC53368F35C5D6707FD57E
:10BB3000F614DBC27C5539734C2FF197E9CA6AB50C
:10BB4000C276962B87D2D25809FF0ED85CCD03CB94
:10BB50002BD9D4232BADA826578F58B2E2565C2D93
:10BB600063F68A5B36F5CC592B6E91B5DB42B7A4F0
:10BB70005AEA34575DB262685C55B52BA2A209132C
:10BB8000A7A5AD2A9853568FBEB23019DDB3FA225D
:10BB9000CBA4B4EBE8B2EA90922E6D0ABEC3523A3F
:10BBA000A735C40A4BD95BF650323CA473B8430B9B
:10BBB0003793D5E6F635DD957FABDB87F234DE07CC
:10BBC000FFA13F5698D4B6E6AED5C7A801C5DA5353
:10BBD0002D970612D94FDC6D30A665DF61F38B110E
:10BBE000CFE0AEC9CF4E5D38EA75FF04454784CA41
:10BBF000E61DF78C01CD976A40031A2845D0DB611A
:10BC0000EC7D17BB3E4D16DB9AEAF576AB2F6A4307
:10BC100046BCCDB96DD9B5DA70DFB2E694EACD9DF8
:10BC2000DD9ABC73A928355B1241E196D46D4D2491
:10BC3000A78A94B8FB3D1CCD767850EA78C0FFAE59
:10BC40006F5255CDDDA8B972559570E3E6E9DDD4A4
:10BC5000844E99A74B0B65A52B6C2E4D42B6ACA814
:10BC6000DB12495DBDE21E022D6C3530A072460428
:10BC70004E51AA423500400133493A605AF1D295FB
:10BC80006C2C2D5D5A9F63219FE62F73294DBC9428
:10BC9000AF2DA534F172B6B494BA82C3FECB5A4626
:10BCA0009334E52B5BE9855AE2C7EDE50AA74B27FC
:10BCB000F80488AE8C0312085E7465E9EC680459D8
:10BCC000467841D7E3376D62C35BAFDFC2EA54D237
:10BCD000E389017E2BF7800714D0E51538608C705E
:10BCE00003042936AA5E143472F6A8A66F82F42DD6
:10BCF000B3EB4B5A676AC0F02F714FC7A88A1CB9C3
:10BD0000D8DFEE1EBB59D0D6C2FF2BAEDEB46266C2
:10BD10009FB07573D36E72FC5654CBBAB60192C7FE
:10BD200026404B430CC829C501CFB81AE0A7140719
:10BD3000FC56EA010598605A92D429B5B8EBC8526E
:10BD400017B3966E232F29545BF68DAEA9325EDBB6
:10BD500037FAA1DBB174CB68BB4991F6CD631E3ACB
:10BD6000853A56B7799862EAF8DCF69E83D4E349BF
:10BD7000387A7154AFD9E1E85355B8E7C2FF6EE89D
:10BD80004258B66BA7616825CC59B4861182C86A3F
:10BD9000F12A472E128D3727EFC9C9A36E9F6CD4A5
:10BDA00022737FB492510B2D62E2484643D72E296D
:10BDB0002E4B92AA285C8BA66AEB2495E3801D93F8
:10BDC0003590F2590345B3752947279698C56518EC
:10BDD000CD88BC16D721AD6310496EEDB8F91DFEB4
:10BDE0006DF8DEC4C4E82960002E0F9C7829712A02
:10BDF0004E77C315742AAEC3CE7630C2A54478D12F
:10BE00006D4F4639B8BB07F65B6D916EA9F265F4CC
:10BE1000C99897699F3AE72D6CC19A8FCADE700462
:10BE20009DEEC979E2E11FF814D10308D1040000A6
:10BE3000E8D50308840300006CD90308100600004D
:10BE40004CB40308DC09000050BE0308C212000015
:10BE5000A7A851C33BA49CBC66738FB273F21A357A
:10BE6000BC52F6496B32F348C927A95ED33A649FA6
:10BE7000A478758FB272D26CA43543CEC882D6D660
:10BE800030272DF35A5B22928EDC1B6D3373B20A7E
:10BE90006F234DCDF1A87C8D20CBD4A3F6359D2505
:10BEA00013B7DAC6359698DA3A67CE597CCEE86C85
:10BEB0005867AE2AA78B6E5339A39D3EBA4DA51A7B
:10BEC0007DFA183694ABCAE993BB50CE516748E16E
:10BED000C238C79C21F90B159F7CC65856CD7CF201
:10BEE0001993BB30D3D9672C663254E69CB9A88A23
:10BEF00052997DD622538B654ED9A2354BA8B96A8B
:10BF000083C94FD4ED980DA69A6489AC00277808B0
:10BF100020041D00C0FF0C98B24D0047850BE0E8DF
:10BF20000C03BC90E1806FDD0370B579012A513FAD
:10BF30006572EAE919FB94298A5758A353A5425E12
:10BF40006E8D4F950AEB382F5975ACA46B3265D4C2
:10BF500079620CC6E8D6E68D3E14B308C0133601EC
:10BF600054C1020554A3628020254FDF2D8B674604
:10BF70003E4373229A59E7CCCD8A5A66E5B3342FF3
:10BF8000665955CF5A3DBB57853D6B35621155F902
:10BF90006CD5A84656E9B64461D569A608E0700C90
:10BFA0000106A66AF1F6A691116BC54BA9796664E4
:10BFB000A33611DC5DB50000FEA08072351490360A
:10BFC000A501F2753540324B0688BA5901CAB6B69A
:10BFD000DA8435D5B4576A53C758C74EAB5C2B3299
:10BFE0006D6BA3F22354B59DAC2ACE0CF155BA9AD1
:10BFF000B8223947F1E9E28CE46CC56788DB4B3A3B
:10C000009CAC391E0FF792D3B6582395C34A3B73A5
:10C010008A720ACBE3AFC92638221B2078110104AB
:10C02000AF448010040810B312011C77417E136ED8
:10C03000519EB8F8B5B5867B9CE6B7DEE4EE751484
:10C040005092A9026A61614089CC04485A8900D1A2
:10C05000080300FC5082DA56323DCE095A38B172DC
:10C06000CB2769754D4D939EB2065557AF759A1AF9
:10C07000452D22D6696A10558FC6A7A9969C231311
:10C08000AE364ACAF0B23D9AA8A82CDAD16882E44A
:10C09000D41C45A3899A9DA71DB5C62B09ED9533E0
:10C0A0009AA2D02C33690066110AC09C1D09987DA4
:10C0B0003C01BDA725A0D7B400B41471D216C25557
:10C0C00055EE4963E1B030B7278B5DD24CD29E224A
:10C0D00036693169BDCA302CC5B4D5A943CB10D35C
:10C0E0004EA70DA54355569D2EE409765DB8FA90EE
:10C0F00036C975D5EA43DA24D75563F0759CDC66FA
:10C10000B6D15F17A92ADC467743A4B25099DC095F
:10C1100092F1D065F27D0CCB4B95D9CD36F2A89932
:10C1200016DB46A1A2665A6CDA00F3596935710B29
:10C13000CC6B13006F6700F82080C46C4EB69CB2C5
:10C1400069C6397977C21A13E7E4DD2A9B7795939C
:10C1500037ABE459954FDEAD91464D3E79B7CAEA0B
:10C160005DA5E599B36756A0501AE695134252595A
:10C17000314675D76EE972CAA49E24008DA225A00F
:10C18000108CD38CA02A66AD4E57A49A65A53A5D53
:10C1900051E2D2DE38002A50054046EED5872CA168
:10C1A000138ECFE093A679D45E83EF6AD619650D1E
:10C1B0003EA77165A531F8E1A25D61D710520579FE
:10C1C0008D5E63B45D247E7B8DD17513FBEC3546AB
:10C1D00037C5EC93C614EC34714C195370D3C8397D
:10C1E000A64CC1CD20E7590080FFA7EFD2C5DD2BBB
:10C1F0009FBE7817AF8A72BA625DCDB3CCE9B2F652
:10C2000050AB29AB8FDCD335A68E3ED00E331FD377
:10C210003A4F36B9A276EB3C5D978829AB0D36CD07
:10C220006CC29E3679378D9172DA1CDDB546CA69CB
:10C230004B32F76AD9A72D51C3B22C9FA6260E897F
:10C24000921DEAECD553DD32A99B32CD8A340A68BF
:10C250008E950199531020110A0734A39D8055D360
:10C260001330FA54025AEB4C408E6C27CF8DDDD33D
:10C27000EC9C2235AE704D738AD4B4CDADC9295231
:10C28000F5768D29A748353338AB9C32E5CAE4A84A
:10C290007A9A942A5D32CAE9528B342F39A74F39E2
:10C2A000C335AC9CB184280DB7BCE66AA57824746C
:10C2B000DB829294762B6B2FCA4A2B449F2D1BB79F
:10C2C0008A1073F61A542B3DF0D95B118DF0D067AC
:10C2D0006B4DC4DD4B0BC06A3202C8E04E006AD31E
:10C2E00013D9C779982A29646FCD6ADE44013D3A93
:10C2F00029A079250114C3CC80AC5408900D090005
:10C30000C0FF8C9F692A3DE2387EFA9D728FAB8018
:10C3100011CA05D04D9A0286737340576909902A55
:10C32000E21445BB8666E55345331A9E455615E42F
:10C33000A7A9955A5512B145527B55816D074B956A
:10C340005105BE9DA0934BE5C58592CF315D04910B
:10C35000E9E1141CD058590036314F40C666A7CFCA
:10C36000C1CCDD2B9FBE2489088DB3A654A8C2ACD6
:10C37000CA9A53A32AF5CA638E85B35D268D3957B1
:10C38000EC521BD2E65CB1DA74505B52A12CD3089C
:10C3900065C905234D23A63567F470ACE4D6143186
:10C3A000DCA88A28638052D7B062CE114C5D2A0384
:10C3B00000FC04E8219C00A39433607833035413F9
:10C3C000E68061221CD06D78009A0A7340D3612701
:10C3D0002E2ADCDD9C8C304CB4345DBD82D8C8C3C1
:10C3E00074CA0972250DD7C527A895C4DD6E9FB004
:10C3F00026E2CC9872A2EA892773544A8A272EA98A
:10C40000B1AC60B6ADC26A9728E7B20E4F32DC9489
:10C41000CA4B3476CBB32B7705C7AB8FC9C230E696
:10C420009C3E598E569B7DFAE22843ABCA198A235B
:10C43000779F286BCC86226CA38C316ACAF4B53CFA
:10C44000A6242956C76C9982E47A49B163ECC445A5
:10C45000C3132BA00077052C16AE8023CD15B07822
:10C46000A801964C7540C1AE0910D6F38CDD2A792F
:10C47000D494337623145993CFD48D50544D3E53D6
:10C480003742D135E5CC4D33674FD93337C31CBD67
:10C49000A5C75224664D84194BB728B119652CC322
:10C4A00022FB7698B60C03625B61CBD20DA85F8548
:10C4B000296B65A47D1E0600E0FFC82998CB2324C4
:10C4C0001B607ACE04AC289A80D5DB0B9005C54959
:10C4D0008B678DCECA272D5E34232B9D3407B5F292
:10C4E0008A74D212CDDA32F24973D428ABC827CB82
:10C4F000C9A2B42C9F2C454DF3B0B58AECA5B1353B
:10C50000D2297290A2D6CAA7CC4952868BAE2A17DE
:10C510002A2D1ABB9AD429BDB0E16853C731B51A88
:10C52000AD8D1DC7D46AB62E361C31AB3CBADC319A
:10C53000C36DC8E95214EBE64AA7CB81BDC34B9F3C
:10C54000BE18890E0B73FA6254272DF2E9B332EF4D
:10C55000B230A7CFC6B4D3CD9C3E19B1CA8C74FA01
:10C56000E2D9ADB2D2E99393F4765B67C899D2DB96
:10C5700063AD21658A18893C865C30B365521B52D5
:10C58000A6C8E6216DC8952C9786B4B12C4C0F3DFA
:10C59000DAC6B2303CF470194B27F3E42369AC0BD4
:10C5A00053CC8686B1660C7529EA969239D4B9289F
:10C5B00001B8C70200F8272F82BDA6AC9C7C486159
:10C5C000E99A73F2EE58B4B2CAC8BDE56C6DA62DF7
:10C5D00097D6DADDD5AC3413B3480F9D8006300210
:10C5E000B09D40005E2D0FC0EEE30658AD520163D2
:10C5F0007618A0CFEE00F43955805E554E51A3AAAF
:10C6000084A73A55CA98519EF8D429634479E2D553
:10C61000A44469A18D5B1B1DB447D46E6D72D01EFE
:10C62000597BF4C9416954ECD5178F2919554E5FD0
:10C630003CB9B9D73E7D8D66EA56EBF4359B597807
:10C640009933D4A26E1E61CF589399469A3E634D9A
:10C65000669661E58C2D9AA9979533B660AA5656D1
:10C66000DA542C0575CA6A633198D2412BF55161B1
:10C67000EAB4EC54556E1E61B64FB29C975599566C
:10C6800040E1110000FFAD31D2B335A2965A4AEF16
:10C6900033375B2AAD64328BE1A80257EFCC52A747
:10C6A0004881252AAC9C3C7B0DCB947CB250DDC5E7
:10C6B00042F2C9620F090BB3278B2329D2CCAC2CD1
:10C6C0002E938C10BBB2B84D325CEC2AE2329372DE
:10C6D00029AB8ED34D32C49E26CDD0883073FA5408
:10C6E0002B4C2BEC1952AE08CD306748392334C29D
:10C6F0009C29950AD70C73E6942A42BDCC9953CC59
:10C7000070F53263492E3354C79885042FD1AE6239
:10C71000269E43C3DD0E01C04B23808C160410D12E
:10C720000200FEAD4A1ADB2CE494D649DAF49253A7
:10C730005A2379CAC6746B83C6AE684BAB8A962AF5
:10C74000D34BAE3A198A1A2972EA1E4478744C0007
:10C75000BCC028C008420598B32C01F3742460AE15
:10C76000CD04ACBD9980394B4EDC3D7164D4597118
:10C7700092ECB3167AC54972EC9AA8956449BE1337
:10C7800046579639FBAE88597911E4D726FEE44D19
:10C79000A14E5994530D4F9C15564FDB3D6A46D818
:10C7A0003D7DD3681D2EF70C854B949B9D337643BE
:10C7B0001E1E76D6583DA96ADB196371E85265BB27
:10C7C0008DD9606A95E336658BA15DB6C7541C9A16
:10C7D00044394A535094D619AB3C4960F9146D0260
:10C7E000782E0D00F0AD8E86D2D39D8C3A69B2F0D2
:10C7F0004AB2AAA4D842D3E92A83E4482FA723B790
:10C80000563D34939D3C8408138973E254AA553DE8
:10C81000CA8952CD168F28274C2D5B2DE29C308D76
:10C8200028F1B27BA2B422D5DBCA89E38C7469AB50
:10C83000274D35CAB9A39C3247ED908ED2DA96A81F
:10C84000452DF11AD770228FC4671886393A629F36
:10C85000BE2A72EF6CB0FA2424B32BC2EAA3B48CC4
:10C86000C9526B88CA3CAB0AAF21E8F0A88CBCC6A1
:10C87000E033D8B2CA1A42A810AFD86B882E5BCC6E
:10C880006B8E218628758DB986E43C2D25C51872DE
:10C89000A1D2F450632899DD53468D2147CE082A52
:10C8A0003DC632D92C79D41A6BE3B0E08A6DAC1D49
:10C8B000534D4397A9540C371A52A652D1CD7848FC
:10C8C000996A2757E5B161A89D5C95C70000FCAD4A
:10C8D0000E9AD2D39D8C2A69B2B04A72AAA4D842C9
:10C8E000D3E928BD9428AB642B0F8AB3BC92ADCC9E
:10C8F000688BF2AC7BE2D0BDD8C3C989E38C1073DE
:10C900003B274A234D35EC9C30D516338F72C23409
:10C91000DDDCCDCA8952F5348B2827C9595BBCAC04
:10C920009CAC4409C9A8D29AE4B454D94EA9AB50DE
:10C93000D730CBA7D96B4B59289F6E595189487D69
:10C94000BA6AC53C33D6E95B5417F359A7AF4EC258
:10C950003CA28C21CA2A655BD2061FCBC9B3EAE888
:10C960004328E588AAAB8F21D4DCAB9E3E05378BEC
:10C970008C7BFA6AD5CDB3CEE9AB13F3A8AAA72F67
:10C980009E2DB2A29EA158D6CA2ABD86A4C4B722A3
:10C99000E41892E68CAA4A63C886C22B63ADA14410
:10C9A0000A6BAFB5869230BDBCD61A4A23F7D2497E
:10C9B000632C03D3DC278DB14CB248BED4C6B2B0D1
:10C9C000D57D581A5326CDC14A65CA89D50B4B85EA
:10C9D000B164540FA9E5E6522954CC929A4AC53065
:10C9E000932204A00E9B00C04A0100FC09709D2DFB
:10C9F0000061919E2CE5CA14AB7292D4A38C2BECEF
:10CA000089D3F2522B732B8ACF2C3CC2AC383EE731
:10CA10002C8BD2E2B02CCD2AACC942A39408292495
:10CA2000536E42599D32A028550664ADCA006FC4AA
:10CA30005A159B99B8DB2EA51DEC51EEA4B5619358
:10CA400095BBDDD2BA89DEE97152AB3A65A5A55E28
:10CA50006DAC6C599AA6742EF3865B91D1FBE0D134
:10CA60004595471F83E80C97397D8D185A557BF5FE
:10CA700035605875E5D147C7551DB6C6902C555C35
:10CA8000586C7DABEC64DE78F5C5B1D944AD31446A
:10CA9000C35927A1C69002798ECF1C638A98393674
:10CAA000AB8D316257F9A436C688D96D33DB542675
:10CAB0003665056B5359586231B44D6560A945E937
:10CAC0003495812916C5CC9C33BA990D2500F034D4
:10CAD0000000FF274DA5233D6B9F34ADB48C8A72B7
:10CAE000D2342AC22ACA49D38C34EF28278E3B3449
:10CAF000A2CD9C384E0F8B967AA2947D285B8A003B
:10CB0000986C1340276902D8225C015B842BE048B3
:10CB10000F030CDAE680283C4F1B5CBB6A541EAD49
:10CB2000F3236E5177B5517618C69CD526596518F2
:10CB3000734E5B4485B3D73D6D51E52E51F7B4D5A7
:10CB4000B919779DD3366FE6DC554FDFA372684D78
:10CB5000397D0F46E139E5F42D89A4D598D3F7A89E
:10CB60009C9667565F039B59543E7D4B6C5A36FB2F
:10CB7000F4B5B05AD9A2D3D746EEE9B34F5F3A5ACB
:10CB800086CE1E7DE968997279F5A5A357C8A5D10F
:10CB90009781116A63DA50163645156B43995862CE
:10CBA00031B40C65408947B134948E2916C5CC98B0
:10CBB000339A990D050080FFC82B2A3CCD12232FF4
:10CBC000BACAF4B0A3BCA1DCC3D38A0182090F4066
:10CBD000F4EEA7AE51D2CD259DA6462D8F907C9A1E
:10CBE0009AB42C42CA694AD6B60CCBA72BD5CAA395
:10CBF000EC9CBE546BAD9273FA52ADB54AF1194B31
:10CC0000B5964EC5672E4D5B26559F25371D595746
:10CC100075D652B46542F1396BD4726F3BE7AA41C5
:10CC200053B32C9FAB1A498D8A92D6ACDD2CC38AA4
:10CC3000E9AAAC31F33825DD25CB32E2386079B191
:10CC400000ECDEE680BDC71DB07B870156160440B0
:10CC50007457616E661BFE41BABEDDDD9328600924
:10CC600035054C69A280A58C0D30858B0396730920
:10CC7000C0B4C227A89235A3ADACA0288CB8607C04
:10CC800082A6C87C4BD6099A248B2B592B6A8C35EB
:10CC900037ADACB47BE4E88A32B21E50BC2B8A00BC
:10CCA000B8D2144094CC0CC8DC9000BE2AA7DE1683
:10CCB000D64C6F5C4655A439366C1965B271E9C221
:10CCC000674C56BD4C679FB905658F2873E662595E
:10CCD0003DAAF49AB342EBA8DA6D76526A3CCDB421
:10CCE000D909CDB10A2D008EA615F025A9039E55B0
:10CCF0003FE3D2A25A96FA8CD9AA5B79A2319B144F
:10CD0000512996C6ECA35615D96E732834991A6A20
:10CD1000CC295167F29036A7449DC943DB1C13AD63
:10CD2000BA87196BCE38EE16AAADA9E26858D0B210
:10CD3000968683E554C25C2A2459DB210088B4001E
:10CD400008ED32CCCD6DC3FF0CE822540193872A45
:10CD5000600B57011C1B2E802B3C46F85C5AB8C652
:10CD60001ED6156EA656FB44C94968A7A213A5C0D6
:10CD700091D9AC4F94227B663349B1B35CB2E9CA16
:10CD8000C5347A9BA76A0005046BB1CAE424344712
:10CD9000CEA9B291705B3BA74A56DCFCEC8C3A59A9
:10CDA000358F29AB00C9CA15D080BB00367355C07A
:10CDB00096E506D8B2DC0181979DA6784BB78C72B8
:10CDC0009AEC3D5D2BCAE952CC08ADCAA74BB922FB
:10CDD000342BAF3EB66889B67AFA14238B33CAEA8D
:10CDE000632C6B772BA7CFC1B52C439FA178F5F2AD
:10CDF00032728612C43C2ACC1AB2314D9D306DC9B4
:10CE00003C282B461920824E032CC066802FC90374
:10CE10005080F519AA72D3B0C46BC881223C1B8D17
:10CE200021794A4F8F35869C3023ADD6184AC1F4FC
:10CE3000B0CA6DC819CBD32A9531252C778F5CC623
:10CE40005231CDAD52196B47579749612C8D545DC6
:10CE500063B8B1245273B3E1E65AD8C924911B6A6E
:10CE60007065513B0000FF691036B25C23A6C1AB70
:10CE700070758B93FAA0CC54D5CD6A5B0E5515DB3B
:10CE80002BEFB15599EC9CAC5A662BAF72B2ACD873
:10CE90007232CCCA9210EFF5302B2F1A3DA6CC8CF3
:10CEA000B270CC9E92BCEACAC9BA5BCA6A8621F645
:10CEB0001ACBABDE2648346207607223036CE5E2CE
:10CEC00080A55D1C305C52008889597D92943D4557
:10CED0007B7481795E39DDD145AEB19374569B8800
:10CEE000E674493D6D61ACB52DFB349DB3E4AE9560
:10CEF000D334C59CD3764EDD03B3575B39454FC25F
:10CF00009961F9143D9245859D93F7409699764F26
:10CF1000DE235956DA39554FAC9E65E534DDB14410
:10CF200076A4D38D206C5995CE30029357553A5341
:10CF3000F7249E5DE9ACCDA2654DE4B3358B56D5A3
:10CF400091CF31128A77D74A7D339895611500E0E9
:10CF5000FFAE75451386DDA4D6E770721B9F9AE07D
:10CF60003298A5F2A886095717C5A7483EC34DA316
:10CF70009C32C631094972CA6827D564D6287D9C7F
:10CF800012F14BA3747953C42E95D28C49941C5D35
:10CF90000ADDCE48725429555F67CADAADF466C31C
:10CFA00028A296AAE0CC504902E080CA521C709890
:10CFB000590202763B7DF7AAAE3EFBF4DDAA58F893
:10CFC000ECD377A762E1534ED7838879CC3E7D7747
:10CFD000AAEAB1680D23918AFAAA318C8046968D0F
:10CFE000C3D834A4E6545CCB74EC1A2AC701D3101E
:10CFF00005604EA700CC991A80353A0230476A0086
:10D00000664B75C01CC60E18515800238B00C0FF1C
:10D01000A965D3C3C222BB963E538DB0126A7E5916
:10D020002DD24AAAD834334DDBAD10CD43CDED8E91
:10D03000DC74A39A8C3D325BC5AB22EC8ABDF1CE89
:10D04000F032270E5AB322CA9E3829EE69B773828E
:10D050009E48BC3BF6097A44C99AD8276A8E34A701
:10D06000639FA47994AA8973F21650AAA64A2BB298
:10D0700041CBA8AAA50D5AB5D2AAA4210AD16E2DDA
:10D08000D386A155C42CB60002131540152602E81C
:10D09000C6B554C3B6B97BDC56656E11E95156EF7F
:10D0A00043979A266E838BD32CD6BA0CB66C9178A4
:10D0B0009B329A3A45EA69DAE8738EB0B66E63C875
:10D0C000BE24DA788C61BA9B78A331C5EE9EAA0D96
:10D0D000C714BB859B541A4B8A12E9946A2CD18AD7
:10D0E0004688E7B644C7E6C1A9CAEC2D65BA362E14
:10D0F0004B32181156BB2CD9A24559CD500745D5F6
:10D10000A50DCC62B4658C1E544B94E23E3A1A00D5
:10D11000E0FF0000304A57D8232CC9A962A188B289
:10D1200036A7CA95C3C3669FB264094F9B7D8A52D6
:10D130002435B3ECC96B92B2E8B027CF412A63CC57
:10D140009E223B8DF20E7BCA1C34CADAEC29B3B79F
:10D15000286BB3A7CEC1BCB2AD9E2E05CD8C967AFE
:10D16000FAE4CD3BD3CCE98B76ABA8D267AC5EDCDE
:10D1700063E29CA94571D38E72A6EE44436A2AC02D
:10D1800098070BB5B0386DAE5A387D8A0000FCA305
:10D190000DA39A39239FCCD70D578B7392502E8DA8
:10D1A000ADC9894399748CBA23F6C3D3C81B8DC407
:10D1B0004FB7649D3C9230924B69F2C8C25469915A
:10D1C00039AB08C3A98CEB8E3A4EAAC22CD3DA38FD
:10D1D000B092B3E8E863A30A8D30A34F85DA3D83AC
:10D1E000AC21676AB30AB38692B0DC33CC18B3A320
:10D1F0008CD6C06B2C01D33A2D8D294B4A5DB55C82
:10D2000066CB6DD92C49998DB4D1343669E1C62AE3
:10D21000D291A4951BCFCE82DBD62839BCC5B103F1
:10D2200002E548C00C420E18A74B0173A70100FC91
:10D23000A9DA94DC32E4B6AA03F2E8B23B8A01B878
:10D24000B2C7EACA3336EF0E31272F923D3BA59C79
:10D25000AC78CAAEB07CB21A3923D3CAC94A962870
:10D260006B2B27CB5933ACC29C3C572BB3B672F215
:10D27000D42CDD2ACCCA634E378D28AD083E9AA443
:10D28000238F3AD40AE6AEDC6A5FCB593ACA6843C8
:10D290001955A9B2A30B3DD53CA3AE2E9451F38AE8
:10D2A000B2FA58D3DC2AECE9538A92682B674829F2
:10D2B00053BDC29C21874AD31873C61CB25C7DCC77
:10D2C00019B3AF7293316BCC3EDA55A6AC29BB2AA9
:10D2D00033AE3CA6E42B4DA5729B63EE14B1CA613C
:10D2E0008DB59D582A9B29840A64AEA2A6E8DAD09F
:10D2F000C90A00C0FF801AF0D788258D6840379F83
:10D300004A4BA5CE37DDD562AFB2947417B63D6AED
:10D310001FDCC2234E2B4DE5CC0827A5B005ABCDB5
:10D3200063B7C2478A712FB20AEFD4B638F42A9293
:10D3300021DFB4C0A7C89A6C5B439F226BB2190B64
:10D340007DEAAA487BDCF4E9AA22EB362B676886E3
:10D3500034DBAC9CA11B926C8B73866198B33DCE81
:10D3600019BA258D8C2867EA9E2C3CE38CA97A9209
:10D37000D42C33A6E2D05C3BEA986B40571B3B6B46
:10D38000AE914CB493B629190A8F5692CAA0C5AD76
:10D390003C76F09B5647B7350000FFA28139D22C6E
:10D3A000A3A812142FF5B4A24AD2393DCD71CBBB3C
:10D3B0004E17B5262B8B2AD3C2CBAC3AE84D53ABD4
:10D3C000DA2AAFDED1A372299DFC20F73AA570625C
:10D3D0004B5DE3945C9B0953AF3372A73AC4A3CE71
:10D3E000288CDB70C9D2A350613A392AAF5AFBAE00
:10D3F000D22A7C5AE7C223BBD2E9927277CF45A7E3
:10D40000CFCA4DC3579E3E490B0F5B7886A42DDCD7
:10D41000ECF61AA2F670B5DB6D083E5DD96EB73139
:10D42000A45456AF1346EFD24CB5B699A20B55E5AE
:10D4300070668EC98249A3B249074D61B70B00F0EF
:10D44000AEA886BC33949E6204438BAE7B8AA6480A
:10D4500063DACAC9477462EF2627EF8AD5BB2D8FDE
:10D460002C4972EFB23D922039B3D2764B9C92F2A6
:10D470004D86255156C6576CA58C261F2B7214322B
:10D4800012A2D39DCECA874D156DABA7A886CD6AD3
:10D490006C9F2A1BB6AEB672AA62D8B2DBCE69AB5D
:10D4A00065A99C28ADCF9A22BD95A89129EBC9907A
:10D4B0004C006CA9039003F9CA8B13CEEC2A6728A1
:10D4C0004AAD3D8B9C215BB7F0AE7286E82C2326DB
:10D4D000CA19832F0FEFD2678C213DBCAA9C31A4BF
:10D4E000548FAA72C61046DD73D219835F35CFCA36
:10D4F000674C318AA55A9D29C62CD66C39A698331B
:10D50000496BE59842AA448D56630AB902355B8E91
:10D51000C5D574D66EA496E4C3CD3C0900FCA91110
:10D5200036B35C23A62E4873554B5A9AA45D4DD949
:10D53000C968AA3277272BABAE32221C1D9F32D985
:10D540008814A973CA18CB436DEAA9E2280DCD2A25
:10D55000A78A3BB822439F3CF6D2D21C7DF2D8D298
:10D560004BAAF4C9531EA9B44A274F2D74D2239F46
:10D570003CD5D0F10C73CA9C2CCA26CCA94A742B7A
:10D580009B2AA7C9D13C7DAD9C2E9BD2B42A7DFAA3
:10D590002447C3A3CAE9331F57B5396B88BADCB82F
:10D5A000EA9C21E954D7AE7286A45343BBCA198AB8
:10D5B000D228E92A672CD6CC6DAA9E396BD7B01A2F
:10D5C00072D664DCC26B6C1AA257B598A2A651CD74
:10D5D000C335AC0820114D06342EC6802CDC0890D3
:10D5E000943900C0FF00000069FC59DD51D5D7A176
:10D5F0008F0A78C052010F50ACFCA81615F27BB20E
:10D600001947D064EB4D77BAB39197246E626D5B86
:10D61000150AA7B9C5ABD5AA63F0F0E26CB3195DE2
:10D62000521D19946F767DE8431983DC48C72E712B
:10D630008C939FE0FFA64EA87A8DEDC4B6D589D411
:10D64000BCA2DB9125BE334CD94F924D578A76BE92
:10D65000F189AA2E4FD5CD37D9456B87134C0DA72D
:10D66000B5AB7D1EE318673FA7A5F9D0305B1D96CB
:10D670009A3444BCB65DE0FF06B859340027D6386A
:10D680006058D311552DAA659D4FD2B8391767BF81
:10D69000C9CE5A1EB57A06F6A975ED526F55A52664
:10D6A00075C9939FFC6C16633A3470AF5EE1FF0C52
:10D6B000E82E94014DBA4A4003166841361CE9BA77
:10D6C000B84539707284DB11A7A84EA3C977BC9204
:10D6D000D652A871ED4A7A4BA6E037375DE5488E01
:10D6E00094F16476AD1F5591BC6ED7B1CE75AD5B2C
:10D6F000DAC77022CDC7798F3BFC0868210D031C67
:10D7000090C07093B22987762B285C7B06D9ED6098
:10D710000451544DA2BA19B52CF8EA74CAD3EBDE01
:10D720009729A4D44EC95FA7B2A59C1C63DEF291D1
:10D73000CE3484272D4BB852099C0EB7EECC5B70CB
:10D74000DDB2C0FF08684E9D021C60C08C6912B03B
:10D75000C088AA8C9CC02D3B3A413115A3B6E44643
:10D7600037DAC9CE56DE545B85BED9D56C47DF6D3E
:10D77000B1A5BF997D1B5B3009AF2F6DEA31C45C49
:10D78000BED6292DAD8887E2D2B2F6E0162AB2E3E2
:10D790006A57B9F215FE04F8B95501BFA51BE03769
:10D7A0000F03FC966180DF3C0CF093DAEA86495364
:10D7B0009137AB6BD25523DEACB9B91609FFB2F67F
:10D7C00066933C63F3BC113E45A90AD500000214E0
:10D7D00097AA80AB6B0DF063A5017ECB30C06FE9DB
:10D7E0000AF82593013F57C0FF0C78C695013FA565
:10D7F00028E0B7520B04E0B75407FC5266809FCB79
:10D80000565D6C98473E595D896966B97A74398668
:10D810009BD9A634E410AECAADC7905D9AA9AE1AE2
:10D820006DB1A566F9B2B44D63B6849A52774511CD
:10D830001AAA4B350C794AB049D550A241A1C9E585
:10D84000D9AB895604F86D18DE582317AF61E8206C
:10D85000EB5CBCBA6103AD73F66A664AD0CCD9AB57
:10D860001B45C1A366AF6936038B5A9CD65104A2EF
:10D8700066967BBA47ECED8A089AA254856A0080C6
:10D8800002867463C0E66AF0A273DC33B562B9360F
:10D890000B8E348FD3EAAE59D234E9A88627C9D08B
:10D8A000782B6FCEC2451BAFB4F851739DB3D21223
:10D8B000C72C6DC94A724BF388262BC92DCC23EA9D
:10D8C000AC34B7D08898B3F25C43327DCE2A4B0A91
:10D8D000CDF439ABAE3E24CB67AFAED9E4185FB41C
:10D8E000866E92627DD118BB09F28D596DEC3AD8E3
:10D8F0002716A6A57BF2744F92D61EC84AC3495A72
:10D900009B252BF52469E9D1242527BAA52551D3D8
:10D91000AA24E65E54553A14FC0AD85C4D032BA8A1
:10D920005EC4332BAF7884120D7BB3E26643A2E36F
:10D93000F64AAA4EC989DB2B6BBAC5DB66AFB6E8DF
:10D94000E64CBF3DDA6AC44BCA4919BA612B0925B6
:10D950006DEA5AB4C4EDA66518E156B79A96A64486
:10D9600047DC6E5EC2DAA5F0B8D985FFA52F96AD6B
:10D970007B6A9F6AE4208D9C73F39BDDECE637BFE6
:10D98000E5AA6628A0CED5BBD9EDEE663F8736CE98
:10D990009C80518BEB54E7BCC2FFA62AAA055CD63B
:10D9A0008CB8C716705933A2950BC1FDCD8C663863
:10D9B000E391AD9800558B67D1DBDED5A9CE752EEE
:10D9C000EB2C4D60BE26EFF18827FC04F8A58303FD
:10D9D00012B0800722B09CEE8D457DC98A6629422F
:10D9E000F5353BDAD188670D40CFD73319F9AC064E
:10D9F00014B568D6BDEB7D1FD3325B0244BDCE6B40
:10DA00005EF396B6550AC1734DDEF30EFF0820BAD9
:10DA10000D036D382C5545B38CBA0565D57832AAFF
:10DA2000EE8534F2F6A88733E0CAC7AD9ECE81BB3F
:10DA300066B7760607EE9CD5BAA91D657211FCA2E1
:10DA40005A9551BA17F762E5AB3842E4929DEF6CF4
:10DA500065333B50D6929DAF62C504A85ABCCB5DDE
:10DA6000ED7A37BBDDC31EF634A7BEF4A5ADB334E3
:10DA700081F91AF8AB1A6194DDD6DCF654DD37B9BA
:10DA8000E7EA5335B31CE1AF6F75DB35D4E0569C44
:10DA900077DB589DEB988C61C030E91AB080051493
:10DAA000306DBB062420010E10A00635F86E3E290D
:10DAB0008D9895CD3900AB3895F4D4EB34817AE26A
:10DAC00051535075EB8E76B4C3158D924899AB7750
:10DAD000BCD35D8E7696048C5A3CFBD9F7A94E7563
:10DAE0002BDB2A85E0B9261EF180FFA51D6D902D48
:10DAF000D6ECF2E637BBE92E463BA3016D2DCEA353
:10DB00005DDDDC3C6176C525B308E52E221B008077
:10DB1000012B873860E5ED0858C00216B080063446
:10DB2000408076D3E0FF2A8B63A8AA66ADB6A8CB67
:10DB300008DD7C8B9BDEF466373B59B5A315BAF83C
:10DB4000E6BBD8CD6E57DF5C49A52DDE631B6B7637
:10DB500029AFC76DEC31D85C1EF7B14E754AF3287A
:10DB600089E2F2382F7985FFAE5EC19954B209601F
:10DB7000492207ECA816805D2647D5A39278743E0B
:10DB8000712F216AB1FAC637BEF14D6F7AF35D8D00
:10DB90007EB422367F53E7BEB46D966134DB52B754
:10DBA000B48FDC88E15FF29A57F8011891B9004D03
:10DBB000914660052DB3B867ED13F71464114B6EF1
:10DBC0007CE31BDFF814C3056AE7EA5DEF7AF76DC3
:10DBD0001AB1002BDFF4A94DB32460D4E2BAE635C4
:10DBE0006F691B4348A3EBE40DFEAB6C2ED82A37BC
:10DBF000DFE216A7A821BCC417DFE216A7CC6AC3D0
:10DC00004D3ADF72D5956CA6719ED1359853495E19
:10DC10007B57C60A7A43D94F1CC354E0F408F9096C
:10DC200053033119A2254EF029EAC5D87316CFE85F
:10DC30005637BFD949BB6FF1F0D537BDD9CE47555F
:10DC400063729858EE6DEFDBD062729858AE631D28
:10DC5000D358457293D88D939DEC64E7309758E183
:10DC6000A24DE21257F881EDD1C8B316EFE264C3BA
:10DC70003559C4E39BDEF4A63B5FF992CD91B478AD
:10DC8000B7A31F9E382C9CCEBE0F750EF3B0C26199
:10DC90001E35CE71896BDCD2D64D49B8CE0EDB3441
:10DCA000AD16BC19FEA368B4BA8DBCADBC92EC0E27
:10DCB000F2B6D31D8FB8E0EE16F63F9359CFA60CFF
:10DCC00091E50C8BBF3039D31D2859E2E217BBFA1E
:10DCD0001DFE028826D4006D96B5B82505896C3DD9
:10DCE00092E651B3A6F4486609A08CC7339D79CB60
:10DCF000670E80CAD7BD6CE57206B4B5BA37BDAB46
:10DD0000535DF29EF778C0FF0E98D528021118C90E
:10DD1000CC4698F166272719219992B6DC6CE7ABBF
:10DD200028D22D133BEFB2B5CE9447D0EEDAC731EF
:10DD3000CF613131A250B6F8D5EFF02BCE723393CC
:10DD4000BBDCF21637BFD928525CA9A64DB36C5D77
:10DD50000ACB71D8BB0F7D2A73B6C7F494372DA9AF
:10DD600034F85397B8C2FFAB6FD9346CE6DCE216D7
:10DD700037BFF969AA0F2DDA257B18534D9AA2E710
:10DD8000B82D23A526712A03FC94E6010F684003F1
:10DD900012E000073000FF01D8B6DD012FF4386033
:10DDA000D5D1914C9784E64B4E32B21067CD19C94C
:10DDB0002C0194F1782633E9692F7B53BB36AE52A0
:10DDC000089E6BEA5C97BA957D4547AC5A9C0FF864
:10DDD000A1999C9472268D6A075590783C8B999FE7
:10DDE000AC876076DA72B39335A5642D7B6EBE9AEC
:10DDF00024DC32B173EFFA1046ABC6CAE0B55FCC93
:10DE0000AAD4781BB653BB74A721BC04FE66F0D21B
:10DE10003843B3D821F44DBB70B0DBD00F172C269C
:10DE2000AE53376CBB32AB1975F7216C9CE564338C
:10DE3000B680CB9A1BAE60E542707FB383EDEF7086
:10DE4000252B2640D5E299F7BAB775A8639DCA324B
:10DE50004B1398AFA94BDEF3918E190B31F30DFCE8
:10DE600021DBC244C2FC9C64887009597BE2CA3B36
:10DE70003DA4CF0D5690C4A6BBF46E41E29DEAE2EC
:10DE80004A651265BBB3EB91551299C1D96EB19B2E
:10DE9000D136926AC99B473B4C12466C995DEF5B49
:10DEA000DF9292646CEE43196B22718FCF6529412A
:10DEB000D4DD36A52D19F50CEE13B77C98C385C8B3
:10DEC00062EE6D4FF8AD69C9C53256DFFE742D356F
:10DED0007BF8EADBDDE16C6D04A6C5EAB987A375C2
:10DEE00023374F836011CA5D44360028A0E6310F06
:10DEF00068C000BF8D79C00316D00007E0FFAAB349
:10DF0000A2A795D2D82E57232FB27A1CB3DEECA449
:10DF1000456D56CA9A9BDEF4E6BBD8C5AA8A6F2B1C
:10DF2000F337BB1B5DD32539FAB90F6DE831C45CFB
:10DF30001EF7A14F651EA5485C1ED7252F7981FFCE
:10DF4000ADFBC65C95D5F5CE02BB5BF9512D2AE43D
:10DF500077E5A33AB1FA9B9DEC78C5332760D4E20C
:10DF600099CE74D6B39B439FFA54E6550AC1734DBC
:10DF70009DEB92D61512A06B755EE1FF4AFF5372BE
:10DF8000615A625A64194BFF548064726565671464
:10DF90004CFF55806412661068034FFF55A1651948
:10DFA00068046E004FFF558065066A196E0043FFD6
:10DFB0005B40625A6540662043FF5C3363406733D1
:10DFC000691945FF5D3364206619671943FF5B10CB
:10DFD000640867046E0041FF5F19652D69026E00D9
:10DFE0003BFF5C0863286614680A3DFF5E2D6520D0
:10DFF000671969083CFF5D1065106804690441FFFA
:10E000005C19640869046E003CFF6040650C6A0C92
:10E010006E0143FF4E4862166319650243FF4F507D
:10E0200063406540660C44FF4F50640C66146705FE
:10E0300045FF4F5A6528680A6E0045FF4F48651432
:10E040006A146E0041FF4A196206640A650441FFC2
:10E050004A1964246533670C42FF4B196412660841
:10E0600068053FFF4D40630868026E003FFF4D2882
:10E0700064046A026E0000000000003DA6DB193D4A
:10E0800094F0383DEF4C5E3DB99A853D3698A03D01
:10E090008809C13DA808E83D44740B3E48A0273ECE
:10E0A0003E7D493E7831723E5F8F913E2AF7AE3E0B
:10E0B000B04FD23E28CCFC3E3C0F5A0DC801280D73
:10E0C000720C8B06210E9B0CD107160DBD0AF708AA
:10E0D000330F630CC3011D0D4108B4000D0C670321
:10E0E000B600140F7203D5000D07A403DE0E0D0950
:10E0F0007909FE00280C700A7205180D36089D007B
:10E10000210E9B0CA607240E5308F901280E720C51
:10E110008B060D053A05B6050D07A40ADE0E0D07A0
:10E12000A40ADE0E00000000963007772C610EEE88
:10E13000BA51099919C46D078FF46A7035A563E95E
:10E14000A395649E3288DB0EA4B8DC791EE9D5E085
:10E1500088D9D2972B4CB609BD7CB17E072DB8E784
:10E16000911DBF906410B71DF220B06A4871B9F3D9
:10E17000DE41BE847DD4DA1AEBE4DD6D51B5D4F412
:10E18000C785D38356986C13C0A86B647AF962FD77
:10E19000ECC9658A4F5C0114D96C0663633D0FFAC4
:10E1A000F50D088DC8206E3B5E10694CE44160D5CA
:10E1B000727167A2D1E4033C47D4044BFD850DD2B4
:10E1C0006BB50AA5FAA8B5356C98B242D6C9BBDBC7
:10E1D00040F9BCACE36CD832755CDF45CF0DD6DCC2
:10E1E000593DD1ABAC30D9263A00DE518051D7C869
:10E1F0001661D0BFB5F4B42123C4B3569995BACFF4
:10E200000FA5BDB89EB802280888055FB2D90CC614
:10E2100024E90BB1877C6F2F114C6858AB1D61C18D
:10E220003D2D66B69041DC760671DB01BC20D298AC
:10E230002A10D5EF8985B1711FB5B606A5E4BF9F39
:10E2400033D4B8E8A2C9077834F9000F8EA809962C
:10E2500018980EE1BB0D6A7F2D3D6D08976C649197
:10E26000015C63E6F4516B6B62616C1CD8306585B0
:10E270004E0062F2ED95066C7BA5011BC1F408828D
:10E2800057C40FF5C6D9B06550E9B712EAB8BE8BCE
:10E290007C88B9FCDF1DDD62492DDA15F37CD38C57
:10E2A000654CD4FB5861B24DCE51B53A7400BCA355
:10E2B000E230BBD441A5DF4AD795D83D6DC4D1A487
:10E2C000FBF4D6D36AE96943FCD96E34468867AD5E
:10E2D000D0B860DA732D0444E51D03335F4C0AAAFD
:10E2E000C97C0DDD3C710550AA41022710100BBE00
:10E2F00086200CC925B56857B3856F2009D466B947
:10E300009FE461CE0EF9DE5E98C9D9292298D0B07B
:10E31000B4A8D7C7173DB359810DB42E3B5CBDB728
:10E32000AD6CBAC02083B8EDB6B3BF9A0CE2B603A9
:10E330009AD2B1743947D5EAAF77D29D1526DB045E
:10E340008316DC73120B63E3843B64943E6A6D0DA9
:10E35000A85A6A7A0BCF0EE49DFF099327AE000AF4
:10E36000B19E077D44930FF0D2A3088768F2011E87
:10E37000FEC206695D5762F7CB67658071366C191E
:10E38000E7066B6E761BD4FEE02BD3895A7ADA103F
:10E39000CC4ADD676FDFB9F9F9EFBE8E43BEB71720
:10E3A000D58EB060E8A3D6D67E93D1A1C4C2D838AA
:10E3B00052F2DF4FF167BBD16757BCA6DD06B53F10
:10E3C0004B36B248DA2B0DD84C1B0AAFF64A03364F
:10E3D000607A0441C3EF60DF55DF67A8EF8E6E31CE
:10E3E00079BE69468CB361CB1A8366BCA0D26F2517
:10E3F00036E2685295770CCC03470BBBB916022264
:10E400002F260555BE3BBAC5280BBDB2925AB42B78
:10E41000046AB35CA7FFD7C231CFD0B58B9ED92C8D
:10E420001DAEDE5BB0C2649B26F263EC9CA36A75F2
:10E430000A936D02A906099C3F360EEB85670772A9
:10E4400013570005824ABF95147AB8E2AE2BB17B10
:10E45000381BB60C9B8ED2920DBED5E5B7EFDC7C97
:10E4600021DFDB0BD4D2D38642E2D4F1F8B3DD68EE
:10E470006E83DA1FCD16BE815B26B9F6E177B06FE9
:10E480007747B718E65A0888706A0FFFCA3B0666D6
:10E490005C0B0111FF9E658F69AE62F8D3FF6B6163
:10E4A00045CF6C1678E20AA0EED20DD75483044E05
:10E4B000C2B30339612667A7F71660D04D47694993
:10E4C000DB776E3E4A6AD1AEDC5AD6D9660BDF40A6
:10E4D000F03BD83753AEBCA9C59EBBDE7FCFB24759
:10E4E000E9FFB5301CF2BDBD8AC2BACA3093B3533E
:10E4F000A6A3B4240536D0BA9306D7CD2957DE5447
:10E50000BF67D9232E7A66B3B84A61C4021B685D1F
:10E51000942B6F2A37BE0BB4A18E0CC31BDF055A98
:10E520008DEF022D1845213A08DC2A3AF304353ADA
:10E5300087C83F3AF52F4B3AFD44573AF011643AF9
:10E54000BFA1713A0000803A7D9C873AD6AC8F3AE1
:10E55000F037983A1845A13A08DCAA3AF304B53ADC
:10E5600087C8BF3AF52FCB3AFD44D73AF011E43AC9
:10E57000BFA1F13A0000003B7D9C073BD6AC0F3BAE
:10E58000F037183B1845213B08DC2A3BF304353BA8
:10E5900087C83F3BF52F4B3BFD44573BF011643B95
:10E5A000BFA1713B0000803B7D9C873BD6AC8F3B7D
:10E5B000F037983B1845A13B08DCAA3BF304B53B78
:10E5C00087C8BF3BF52FCB3BFD44D73BF011E43B65
:10E5D000BFA1F13B0000003C7D9C073CD6AC0F3C4A
:10E5E000F037183C1845213C08DC2A3CF304353C44
:10E5F00087C83F3CF52F4B3CFD44573CF011643C31
:10E60000BFA1713C0000803C7D9C873CD6AC8F3C18
:10E61000F037983C1845A13C08DCAA3CF304B53C13
:10E6200087C8BF3CF52FCB3CFD44D73CF011E43C00
:10E63000BFA1F13C0000003D7D9C073DD6AC0F3DE5
:10E64000F037183D1845213D08DC2A3DF304353DDF
:10E6500087C83F3DF52F4B3DFD44573DF011643DCC
:10E66000BFA1713D0000803D7D9C873DD6AC8F3DB4
:10E67000F037983D1845A13D08DCAA3DF304B53DAF
:10E6800087C8BF3DF52FCB3DFD44D73DF011E43D9C
:10E69000BFA1F13D0000003E7D9C073ED6AC0F3E81
:10E6A000F037183E1845213E08DC2A3EF304353E7B
:10E6B00087C83F3EF52F4B3EFD44573EF011643E68
:10E6C000BFA1713E0000803E7D9C873ED6AC8F3E50
:10E6D000F037983E1845A13E08DCAA3EF304B53E4B
:10E6E00087C8BF3EF52FCB3EFD44D73EF011E43E38
:10E6F000BFA1F13E0000003F7D9C073FD6AC0F3F1D
:10E70000F037183F1845213F08DC2A3FF304353F16
:10E7100087C83F3FF52F4B3FFD44573FF011643F03
:10E72000BFA1713F0000803F7D9C873FD6AC8F3FEB
:10E73000F037983F1845A13F08DCAA3FF304B53FE6
:10E7400087C8BF3FF52FCB3FFD44D73FF011E43FD3
:10E75000BFA1F13F000000407D9C0740D6AC0F40B8
:10E76000F03718401845214008DC2A40F3043540B2
:10E7700087C83F40F52F4B40FD445740F01164409F
:10E78000BFA17140000080407D9C8740D6AC8F4087
:10E79000F03798401845A14008DCAA40F304B54082
:10E7A00087C8BF40F52FCB40FD44D740F011E4406F
:10E7B000BFA1F140000000417D9C0741D6AC0F4154
:10E7C000F03718411845214108DC2A41F30435414E
:10E7D00087C83F41F52F4B41FD445741F01164413B
:10E7E000BFA17141000080417D9C8741D6AC8F4123
:10E7F000F03798411845A14108DCAA41F304B5411E
:10E8000087C8BF41F52FCB41FD44D741F011E4410A
:10E81000BFA1F141000000427D9C0742D6AC0F42EF
:10E82000F03718421845214208DC2A42F3043542E9
:10E8300087C83F42F52F4B42FD445742F0116442D6
:10E84000BFA17142000080427D9C8742D6AC8F42BE
:10E85000F03798421845A14208DCAA42F304B542B9
:10E8600087C8BF42F52FCB42FD44D742F011E442A6
:10E87000BFA1F142000000437D9C0743D6AC0F438B
:10E88000F03718431845214308DC2A43F304354385
:10E8900087C83F43F52F4B43FD445743F011644372
:10E8A000BFA17143000080437D9C8743D6AC8F435A
:10E8B000F03798431845A14308DCAA43F304B54355
:10E8C00087C8BF43F52FCB43FD44D743F011E44342
:10E8D000BFA1F143000000447D9C0744D6AC0F4427
:10E8E000F03718441845214408DC2A44F304354421
:10E8F00087C83F44F52F4B44FD445744F01164440E
:10E90000BFA17144000080447D9C8744D6AC8F44F5
:10E91000F03798441845A14408DCAA44F304B544F0
:10E9200087C8BF44000000000000803F6507803FAB
:10E93000CA0E803F3016803F961D803FFD24803FE9
:10E94000642C803FCC33803F343B803F9C42803FEF
:10E95000054A803F6E51803FD858803F4260803FDB
:10E96000AC67803F176F803F8376803FEF7D803FAD
:10E970005B85803FC88C803F3594803FA29B803F61
:10E9800010A3803F7EAA803FEDB1803F5DB9803FFC
:10E99000CCC0803F3CC8803FADCF803F1ED7803F7A
:10E9A0008FDE803F01E6803F73ED803FE6F4803FDD
:10E9B00059FC803FCD03813F410B813FB512813F20
:10E9C0002A1A813F9F21813F1529813F8B30813F4A
:10E9D0000238813F793F813FF046813F684E813F59
:10E9E000E055813F595D813FD264813F4C6C813F4E
:10E9F000C673813F407B813FBB82813F368A813F26
:10EA0000B291813F2E99813FABA0813F28A8813FE1
:10EA1000A5AF813F23B7813FA1BE813F20C6813F83
:10EA20009FCD813F1FD5813F9FDC813F20E4813F07
:10EA3000A1EB813F22F3813FA4FA813F2602823F6E
:10EA4000A909823F2C11823FAF18823F3320823FB9
:10EA5000B827823F3C2F823FC236823F473E823FEB
:10EA6000CE45823F544D823FDB54823F635C823F00
:10EA7000EB63823F736B823FFC72823F857A823FF9
:10EA80000E82823F9889823F2391823FAE98823FD7
:10EA900039A0823FC5A7823F51AF823FDEB6823F99
:10EAA0006BBE823FF9C5823F87CD823F15D5823F3D
:10EAB000A4DC823F33E4823FC3EB823F53F3823FC7
:10EAC000E4FA823F7502833F060A833F9811833F31
:10EAD0002A19833FBD20833F5028833FE42F833F83
:10EAE0007837833F0D3F833FA246833F374E833FB6
:10EAF000CD55833F635D833FFA64833F916C833FD1
:10EB00002974833FC17B833F5983833FF28A833FCC
:10EB10008C92833F259A833FC0A1833F5AA9833FAC
:10EB2000F5B0833F91B8833F2DC0833FC9C7833F72
:10EB300066CF833F04D7833FA1DE833F40E6833F18
:10EB4000DEED833F7DF5833F1DFD833FBD04843FA4
:10EB50005D0C843FFE13843F9F1B843F4123843F11
:10EB6000E32A843F8632843F293A843FCC41843F64
:10EB70007049843F1551843FB958843F5F60843F9A
:10EB80000468843FAA6F843F5177843FF87E843FB6
:10EB90009F86843F478E843FF095843F989D843FB5
:10EBA00042A5843FEBAC843F95B4843F40BC843F96
:10EBB000EBC3843F96CB843F42D3843FEFDA843F5C
:10EBC0009BE2843F49EA843FF6F1843FA4F9843F05
:10EBD0005301853F0209853FB110853F6118853F8C
:10EBE0001220853FC227853F742F853F2537853FFB
:10EBF000D73E853F8A46853F3D4E853FF055853F50
:10EC0000A45D853F5865853F0D6D853FC274853F86
:10EC1000787C853F2E84853FE58B853F9C93853F9F
:10EC2000539B853F0BA3853FC3AA853F7CB2853F9D
:10EC300035BA853FEFC1853FA9C9853F64D1853F7E
:10EC40001FD9853FDAE0853F96E8853F52F0853F42
:10EC50000FF8853FCCFF853F8A07863F480F863FE8
:10EC60000717863FC61E863F8526863F452E863F70
:10EC70000636863FC73D863F8845863F4A4D863FDC
:10EC80000C55863FCE5C863F9164863F556C863F2F
:10EC90001974863FDD7B863FA283863F678B863F64
:10ECA0002D93863FF39A863FBAA2863F81AA863F7C
:10ECB00049B2863F11BA863FD9C1863FA2C9863F75
:10ECC0006BD1863F35D9863FFFE0863FCAE8863F55
:10ECD00095F0863F61F8863F2D00873FF907873F13
:10ECE000C60F873F9417873F621F873F3027873FB4
:10ECF000FF2E873FCE36873F9E3E873F6E46873F3B
:10ED00003E4E873F0F56873FE15D873FB365873FA4
:10ED1000856D873F5875873F2B7D873FFF84873FF1
:10ED2000D38C873FA894873F00000000F8B500BF50
:10ED3000F8BC08BC9E467047F8B500BFF8BC08BCDC
:10ED40009E467047B581000875870008297602083D
:10ED50000000000038860208449A020810D4020815
:10ED600068BE02080CD202086CC00208F8CF020884
:10ED70004098020840980208989A0308C09F030828
:10ED8000B09D03089015030898160308A017030800
:10ED9000C81C030848900308408F0308388E0308F6
:10EDA000308D0308288C0308208B0308188A030879
:10EDB0001089030821000000020406080204060866
:10EDC0000A0C0E1014181C2024282C3000000000FF
:10EDD0000102030401020304060708090000000001
:10EDE000FFFFFFFFFFFFFFFFFFFFFFFFFFFFFFFF33
:10EDF000FFFFFFFFFFFFFFFFFFFFFFFFFFFFFFFF23
:10EE0000FFFFFFFFFFFFFFFFFFFFFFFFFFFFFFFF12
:10EE1000FFFFFFFFFFFFFFFFFFFFFFFFFFFFFFFF02
:10EE2000FFFFFFFFFFFFFFFFFFFFFFFFFFFFFFFFF2
:10EE3000FFFFFFFFFFFFFFFFFFFFFFFFFFFFFFFFE2
:10EE4000FFFFFFFFFFFFFFFFFFFFFFFFFFFFFFFFD2
:10EE5000FFFFFFFFFFFFFFFFFFFFFFFFFFFFFFFFC2
:10EE6000FFFFFFFFFFFFFFFFFFFFFFFFFFFFFFFFB2
:10EE7000FFFFFFFFFFFFFFFFFFFFFFFFFFFFFFFFA2
:10EE8000FFFFFFFFFFFFFFFFFFFFFFFFFFFFFFFF92
:10EE9000FFFFFFFFFFFFFFFFFFFFFFFFFFFFFFFF82
:10EEA000FFFFFFFFFFFFFFFFFFFFFFFFFFFFFFFF72
:10EEB000FFFFFFFFFFFFFFFFFFFFFFFFFFFFFFFF62
:10EEC000FFFFFFFFFFFFFFFFFFFFFFFFFFFFFFFF52
:10EED000FFFFFFFFFFFFFFFFFFFFFFFFFFFFFFFF42
:10EEE000FFFFFFFFFFFFFFFFFFFFFFFFFFFFFFFF32
:10EEF000FFFFFFFFFFFFFFFFFFFFFFFFFFFFFFFF22
:10EF0000FFFFFFFFFFFFFFFFFFFFFFFFFFFFFFFF11
:10EF1000FFFFFFFFFFFFFFFFFFFFFFFFFFFFFFFF01
:10EF2000FFFFFFFFFFFFFFFFFFFFFFFFFFFFFFFFF1
:10EF3000FFFFFFFFFFFFFFFFFFFFFFFFFFFFFFFFE1
:10EF4000FFFFFFFFFFFFFFFFFFFFFFFFFFFFFFFFD1
:10EF5000FFFFFFFFFFFFFFFFFFFFFFFFFFFFFFFFC1
:10EF6000FFFFFFFFFFFFFFFFFFFFFFFFFFFFFFFFB1
:10EF7000FFFFFFFFFFFFFFFFFFFFFFFFFFFFFFFFA1
:10EF8000FFFFFFFFFFFFFFFFFFFFFFFFFFFFFFFF91
:10EF9000FFFFFFFFFFFFFFFFFFFFFFFFFFFFFFFF81
:10EFA000FFFFFFFFFFFFFFFFFFFFFFFFFFFFFFFF71
:10EFB000FFFFFFFFFFFFFFFFFFFFFFFFFFFFFFFF61
:10EFC000FFFFFFFFFFFFFFFFFFFFFFFFFFFFFFFF51
:10EFD000FFFFFFFFFFFFFFFFFFFFFFFFFFFFFFFF41
:10EFE000FFFFFFFFFFFFFFFFFFFFFFFFFFFFFFFF31
:10EFF000FFFFFFFFFFFFFFFFFFFFFFFFFFFFFFFF21
:00000001FF
